FAC,DATE,TOTAL,CASH,EZPASS,VIOLATION,Autos,Small_T,Large_T,Buses,STATION,AWND,PRCP,SNOW,TMAX,TMIN,TAVG,Passenger_Volume,Month_Year,Bus_Volume,DayOfWeek
1,4/24/2025,42466,9671,32071,724,40645,1594,44,183,USW00094728,1.4,0,0,25,13.3,19.15,104813,4/1/2025,2974,Thursday
2,4/24/2025,53572,7563,45202,807,44189,3275,504,5604,USW00094728,1.4,0,0,25,13.3,19.15,104813,4/1/2025,2974,Thursday
4,4/24/2025,11718,2091,9445,182,10753,477,398,90,USW00094728,1.4,0,0,25,13.3,19.15,104813,4/1/2025,2974,Thursday
5,4/24/2025,52455,7451,44025,979,45757,3012,3276,410,USW00094728,1.4,0,0,25,13.3,19.15,104813,4/1/2025,2974,Thursday
6,4/24/2025,41415,4310,36602,503,38920,1164,1268,63,USW00094728,1.4,0,0,25,13.3,19.15,104813,4/1/2025,2974,Thursday
7,4/24/2025,82005,15294,64926,1785,65295,6360,9779,571,USW00094728,1.4,0,0,25,13.3,19.15,104813,4/1/2025,2974,Thursday
9,4/24/2025,59428,9398,48743,1287,58930,142,17,339,USW00094728,1.4,0,0,25,13.3,19.15,104813,4/1/2025,2974,Thursday
1,5/28/2025,40399,8178,28817,3404,38415,1752,16,216,USW00094728,1.4,12.4,0,18.3,11.1,14.7,104671,5/1/2025,2985,Wednesday
2,5/28/2025,52445,7542,41538,3365,42886,3085,771,5703,USW00094728,1.4,12.4,0,18.3,11.1,14.7,104671,5/1/2025,2985,Wednesday
4,5/28/2025,11385,1777,8769,839,10488,469,334,94,USW00094728,1.4,12.4,0,18.3,11.1,14.7,104671,5/1/2025,2985,Wednesday
5,5/28/2025,50213,7091,39632,3490,43981,3102,2693,437,USW00094728,1.4,12.4,0,18.3,11.1,14.7,104671,5/1/2025,2985,Wednesday
6,5/28/2025,40032,4029,33459,2544,37647,1147,1159,79,USW00094728,1.4,12.4,0,18.3,11.1,14.7,104671,5/1/2025,2985,Wednesday
7,5/28/2025,79850,14695,59240,5915,63062,6673,9567,548,USW00094728,1.4,12.4,0,18.3,11.1,14.7,104671,5/1/2025,2985,Wednesday
9,5/28/2025,56061,8800,42160,5101,55545,181,11,324,USW00094728,1.4,12.4,0,18.3,11.1,14.7,104671,5/1/2025,2985,Wednesday
1,9/24/2024,41846,8615,31482,1749,40037,1613,20,176,USW00094728,2.5,0,0,20,15,17.5,104177,9/1/2024,2938,Tuesday
2,9/24/2024,53781,7631,44272,1878,44154,3559,641,5427,USW00094728,2.5,0,0,20,15,17.5,104177,9/1/2024,2938,Tuesday
4,9/24/2024,11593,1737,9405,451,10608,531,378,76,USW00094728,2.5,0,0,20,15,17.5,104177,9/1/2024,2938,Tuesday
5,9/24/2024,47954,6423,39779,1752,41321,2925,3341,367,USW00094728,2.5,0,0,20,15,17.5,104177,9/1/2024,2938,Tuesday
6,9/24/2024,40364,3830,35468,1066,37731,1279,1303,51,USW00094728,2.5,0,0,20,15,17.5,104177,9/1/2024,2938,Tuesday
7,9/24/2024,68528,12490,53489,2549,52881,6463,8653,531,USW00094728,2.5,0,0,20,15,17.5,104177,9/1/2024,2938,Tuesday
9,9/24/2024,67020,13330,50859,2831,66543,73,18,386,USW00094728,2.5,0,0,20,15,17.5,104177,9/1/2024,2938,Tuesday
1,10/28/2024,41823,8473,31483,1867,40075,1579,21,148,USW00094728,1.3,0,0,16.1,7.8,11.95,103931,10/1/2024,2948,Monday
2,10/28/2024,53107,7463,43804,1840,43848,3230,572,5457,USW00094728,1.3,0,0,16.1,7.8,11.95,103931,10/1/2024,2948,Monday
4,10/28/2024,11140,1659,9014,467,10191,478,401,70,USW00094728,1.3,0,0,16.1,7.8,11.95,103931,10/1/2024,2948,Monday
5,10/28/2024,50205,7040,41261,1904,43856,2847,3123,379,USW00094728,1.3,0,0,16.1,7.8,11.95,103931,10/1/2024,2948,Monday
6,10/28/2024,39253,3694,34399,1160,36975,1091,1145,42,USW00094728,1.3,0,0,16.1,7.8,11.95,103931,10/1/2024,2948,Monday
7,10/28/2024,68962,12506,53717,2739,53753,6146,8545,518,USW00094728,1.3,0,0,16.1,7.8,11.95,103931,10/1/2024,2948,Monday
9,10/28/2024,63538,11797,48824,2917,63122,48,12,356,USW00094728,1.3,0,0,16.1,7.8,11.95,103931,10/1/2024,2948,Monday
1,4/28/2025,40063,7941,30996,1126,38318,1537,27,181,USW00094728,1.5,0,0,24.4,10.6,17.5,103472,4/1/2025,2962,Monday
2,4/28/2025,49653,7053,41590,1010,40479,3269,494,5411,USW00094728,1.5,0,0,24.4,10.6,17.5,103472,4/1/2025,2962,Monday
4,4/28/2025,11181,2052,8911,218,10272,460,366,83,USW00094728,1.5,0,0,24.4,10.6,17.5,103472,4/1/2025,2962,Monday
5,4/28/2025,50383,7009,42276,1098,44213,2821,2972,377,USW00094728,1.5,0,0,24.4,10.6,17.5,103472,4/1/2025,2962,Monday
6,4/28/2025,40319,4156,35512,651,38021,1107,1150,41,USW00094728,1.5,0,0,24.4,10.6,17.5,103472,4/1/2025,2962,Monday
7,4/28/2025,67964,12841,53387,1736,52224,5973,9269,498,USW00094728,1.5,0,0,24.4,10.6,17.5,103472,4/1/2025,2962,Monday
9,4/28/2025,61352,10309,49323,1720,60841,186,22,303,USW00094728,1.5,0,0,24.4,10.6,17.5,103472,4/1/2025,2962,Monday
1,9/16/2024,42550,8725,32007,1818,40789,1578,17,166,USW00094728,2.3,0,0,25,15.6,20.3,102637,9/1/2024,2945,Monday
2,9/16/2024,52916,7645,43403,1868,43759,3262,547,5348,USW00094728,2.3,0,0,25,15.6,20.3,102637,9/1/2024,2945,Monday
4,9/16/2024,11432,1827,9177,428,10573,483,303,73,USW00094728,2.3,0,0,25,15.6,20.3,102637,9/1/2024,2945,Monday
5,9/16/2024,49233,6996,40368,1869,43340,2810,2723,360,USW00094728,2.3,0,0,25,15.6,20.3,102637,9/1/2024,2945,Monday
6,9/16/2024,41788,4175,36460,1153,39292,1288,1167,41,USW00094728,2.3,0,0,25,15.6,20.3,102637,9/1/2024,2945,Monday
7,9/16/2024,64728,12104,49992,2632,50506,6032,7704,486,USW00094728,2.3,0,0,25,15.6,20.3,102637,9/1/2024,2945,Monday
9,9/16/2024,65220,13180,49152,2888,64783,69,20,348,USW00094728,2.3,0,0,25,15.6,20.3,102637,9/1/2024,2945,Monday
1,5/16/2025,45980,9804,32459,3717,44204,1542,29,205,USW00094728,0.6,2.8,0,22.2,16.1,19.15,102617,5/1/2025,2938,Friday
2,5/16/2025,57718,9010,45126,3582,48380,3306,523,5509,USW00094728,0.6,2.8,0,22.2,16.1,19.15,102617,5/1/2025,2938,Friday
4,5/16/2025,12725,2147,9569,1009,11857,468,299,101,USW00094728,0.6,2.8,0,22.2,16.1,19.15,102617,5/1/2025,2938,Friday
5,5/16/2025,55243,8495,42751,3997,49293,2740,2781,429,USW00094728,0.6,2.8,0,22.2,16.1,19.15,102617,5/1/2025,2938,Friday
6,5/16/2025,43611,4798,35746,3067,41384,1037,1131,59,USW00094728,0.6,2.8,0,22.2,16.1,19.15,102617,5/1/2025,2938,Friday
7,5/16/2025,89825,18033,65609,6183,74459,6250,8553,563,USW00094728,0.6,2.8,0,22.2,16.1,19.15,102617,5/1/2025,2938,Friday
9,5/16/2025,74359,13430,54713,6216,73698,204,26,431,USW00094728,0.6,2.8,0,22.2,16.1,19.15,102617,5/1/2025,2938,Friday
1,10/24/2024,42566,8594,32319,1653,40811,1550,10,195,USW00094728,2.2,0,0,20.6,11.7,16.15,102173,10/1/2024,2942,Thursday
2,10/24/2024,54651,7854,45010,1787,45126,3342,652,5531,USW00094728,2.2,0,0,20.6,11.7,16.15,102173,10/1/2024,2942,Thursday
4,10/24/2024,11509,1813,9247,449,10483,455,458,113,USW00094728,2.2,0,0,20.6,11.7,16.15,102173,10/1/2024,2942,Thursday
5,10/24/2024,46540,6776,38106,1658,39736,2802,3635,367,USW00094728,2.2,0,0,20.6,11.7,16.15,102173,10/1/2024,2942,Thursday
6,10/24/2024,38785,3913,33845,1027,36334,1075,1337,39,USW00094728,2.2,0,0,20.6,11.7,16.15,102173,10/1/2024,2942,Thursday
7,10/24/2024,62464,11638,48551,2275,47369,5790,8803,502,USW00094728,2.2,0,0,20.6,11.7,16.15,102173,10/1/2024,2942,Thursday
9,10/24/2024,64924,12238,49865,2821,64459,66,19,380,USW00094728,2.2,0,0,20.6,11.7,16.15,102173,10/1/2024,2942,Thursday
1,5/24/2024,44102,9721,32324,2057,42409,1512,19,162,USW00094728,1.1,0,0,28.9,20,24.45,101712,5/1/2024,2885,Friday
2,5/24/2024,53822,8728,43104,1990,44859,3099,654,5210,USW00094728,1.1,0,0,28.9,20,24.45,101712,5/1/2024,2885,Friday
4,5/24/2024,13546,2238,10773,535,12517,612,342,75,USW00094728,1.1,0,0,28.9,20,24.45,101712,5/1/2024,2885,Friday
5,5/24/2024,53207,8341,42632,2234,46936,2813,3024,434,USW00094728,1.1,0,0,28.9,20,24.45,101712,5/1/2024,2885,Friday
6,5/24/2024,37863,4081,32580,1202,35680,1110,1015,58,USW00094728,1.1,0,0,28.9,20,24.45,101712,5/1/2024,2885,Friday
7,5/24/2024,75898,15393,57417,3088,61562,5862,7931,543,USW00094728,1.1,0,0,28.9,20,24.45,101712,5/1/2024,2885,Friday
9,5/24/2024,70699,13361,53972,3366,70103,228,19,349,USW00094728,1.1,0,0,28.9,20,24.45,101712,5/1/2024,2885,Friday
1,10/16/2024,43835,8816,33198,1821,41942,1691,21,181,USW00094728,2.8,0,0,15,6.7,10.85,101639,10/1/2024,2927,Wednesday
2,10/16/2024,55014,7736,45456,1822,45399,3473,628,5514,USW00094728,2.8,0,0,15,6.7,10.85,101639,10/1/2024,2927,Wednesday
4,10/16/2024,11685,1723,9530,432,10615,561,431,78,USW00094728,2.8,0,0,15,6.7,10.85,101639,10/1/2024,2927,Wednesday
5,10/16/2024,48783,6780,40335,1668,41684,3044,3705,350,USW00094728,2.8,0,0,15,6.7,10.85,101639,10/1/2024,2927,Wednesday
6,10/16/2024,40146,3749,35380,1017,37677,1102,1329,38,USW00094728,2.8,0,0,15,6.7,10.85,101639,10/1/2024,2927,Wednesday
7,10/16/2024,69125,12568,54078,2479,53659,7823,7151,492,USW00094728,2.8,0,0,15,6.7,10.85,101639,10/1/2024,2927,Wednesday
9,10/16/2024,64978,11490,50679,2809,64540,63,16,359,USW00094728,2.8,0,0,15,6.7,10.85,101639,10/1/2024,2927,Wednesday
1,8/28/2024,44335,9647,32869,1819,42515,1621,20,179,USW00094728,2.2,0,0,32.8,23.3,28.05,100522,8/1/2024,2900,Wednesday
2,8/28/2024,51436,7604,42280,1552,42320,3187,645,5284,USW00094728,2.2,0,0,32.8,23.3,28.05,100522,8/1/2024,2900,Wednesday
4,8/28/2024,11471,1967,9122,382,10605,480,324,62,USW00094728,2.2,0,0,32.8,23.3,28.05,100522,8/1/2024,2900,Wednesday
5,8/28/2024,51165,7455,42014,1696,44780,3098,2892,395,USW00094728,2.2,0,0,32.8,23.3,28.05,100522,8/1/2024,2900,Wednesday
6,8/28/2024,44950,4689,39219,1042,42342,1185,1360,63,USW00094728,2.2,0,0,32.8,23.3,28.05,100522,8/1/2024,2900,Wednesday
7,8/28/2024,71440,13284,55688,2468,56041,6354,8584,461,USW00094728,2.2,0,0,32.8,23.3,28.05,100522,8/1/2024,2900,Wednesday
9,8/28/2024,64134,11166,50329,2639,63781,59,12,282,USW00094728,2.2,0,0,32.8,23.3,28.05,100522,8/1/2024,2900,Wednesday
1,6/28/2024,45775,10725,33169,1881,43967,1624,17,167,USW00094728,1.6,0,0,26.1,17.8,21.95,100493,6/1/2024,2917,Friday
1,6/24/2024,44907,9723,33225,1959,43116,1588,23,180,USW00094728,2.2,0,0,26.7,22.2,24.45,100493,6/1/2024,2917,Monday
2,6/28/2024,54903,9268,43763,1872,45429,3456,608,5410,USW00094728,1.6,0,0,26.1,17.8,21.95,100493,6/1/2024,2917,Friday
2,6/24/2024,54706,8244,44643,1819,45619,3125,524,5438,USW00094728,2.2,0,0,26.7,22.2,24.45,100493,6/1/2024,2917,Monday
4,6/28/2024,12918,2215,10200,503,11878,608,356,76,USW00094728,1.6,0,0,26.1,17.8,21.95,100493,6/1/2024,2917,Friday
4,6/24/2024,10843,1751,8657,435,9944,543,285,71,USW00094728,2.2,0,0,26.7,22.2,24.45,100493,6/1/2024,2917,Monday
5,6/28/2024,56851,9432,45403,2016,50438,2977,3094,342,USW00094728,1.6,0,0,26.1,17.8,21.95,100493,6/1/2024,2917,Friday
5,6/24/2024,55272,8157,45093,2022,49498,2828,2555,391,USW00094728,2.2,0,0,26.7,22.2,24.45,100493,6/1/2024,2917,Monday
6,6/28/2024,44631,5208,38231,1192,42140,1159,1267,65,USW00094728,1.6,0,0,26.1,17.8,21.95,100493,6/1/2024,2917,Friday
6,6/24/2024,44190,4675,38354,1161,41861,1199,1076,54,USW00094728,2.2,0,0,26.7,22.2,24.45,100493,6/1/2024,2917,Monday
7,6/28/2024,71973,14937,54400,2636,57572,6077,7770,554,USW00094728,1.6,0,0,26.1,17.8,21.95,100493,6/1/2024,2917,Friday
7,6/24/2024,74568,14392,57279,2897,59041,6193,8818,516,USW00094728,2.2,0,0,26.7,22.2,24.45,100493,6/1/2024,2917,Monday
9,6/28/2024,74619,14768,56549,3302,74042,237,25,315,USW00094728,1.6,0,0,26.1,17.8,21.95,100493,6/1/2024,2917,Friday
9,6/24/2024,67276,12014,52241,3021,66787,205,21,263,USW00094728,2.2,0,0,26.7,22.2,24.45,100493,6/1/2024,2917,Monday
1,3/28/2025,42570,8562,32273,1735,40893,1471,14,192,USW00094728,2.2,0.8,0,17.2,7.8,12.5,98921,3/1/2025,2964,Friday
1,3/24/2025,37741,6972,28965,1804,36032,1536,17,156,USW00094728,1.8,12.2,0,10,3.3,6.65,98921,3/1/2025,2964,Monday
2,3/28/2025,50279,7678,41037,1564,40836,3393,509,5541,USW00094728,2.2,0.8,0,17.2,7.8,12.5,98921,3/1/2025,2964,Friday
2,3/24/2025,47724,6646,39431,1647,38704,3121,475,5424,USW00094728,1.8,12.2,0,10,3.3,6.65,98921,3/1/2025,2964,Monday
4,3/28/2025,11424,1808,9213,403,10541,469,327,87,USW00094728,2.2,0.8,0,17.2,7.8,12.5,98921,3/1/2025,2964,Friday
4,3/24/2025,9836,1403,8063,370,8989,401,369,77,USW00094728,1.8,12.2,0,10,3.3,6.65,98921,3/1/2025,2964,Monday
5,3/28/2025,52029,7736,42530,1763,46015,2693,2925,396,USW00094728,2.2,0.8,0,17.2,7.8,12.5,98921,3/1/2025,2964,Friday
5,3/24/2025,47476,6460,39297,1719,41430,2695,2952,399,USW00094728,1.8,12.2,0,10,3.3,6.65,98921,3/1/2025,2964,Monday
6,3/28/2025,41155,4291,35856,1008,38708,1247,1138,62,USW00094728,2.2,0.8,0,17.2,7.8,12.5,98921,3/1/2025,2964,Friday
6,3/24/2025,36604,3507,32118,979,34602,931,1019,52,USW00094728,1.8,12.2,0,10,3.3,6.65,98921,3/1/2025,2964,Monday
7,3/28/2025,78456,15537,60155,2764,63188,6160,8584,524,USW00094728,2.2,0.8,0,17.2,7.8,12.5,98921,3/1/2025,2964,Friday
7,3/24/2025,65842,12323,50967,2552,50536,5856,8988,462,USW00094728,1.8,12.2,0,10,3.3,6.65,98921,3/1/2025,2964,Monday
9,3/28/2025,65260,11376,51082,2802,64726,190,18,326,USW00094728,2.2,0.8,0,17.2,7.8,12.5,98921,3/1/2025,2964,Friday
9,3/24/2025,60429,9945,47739,2745,59889,292,20,228,USW00094728,1.8,12.2,0,10,3.3,6.65,98921,3/1/2025,2964,Monday
1,4/16/2025,40913,7803,31842,1268,39325,1378,13,197,USW00094728,4.7,0,0,10,6.7,8.35,98755,4/1/2025,2965,Wednesday
2,4/16/2025,51029,7093,42793,1143,41768,3121,544,5596,USW00094728,4.7,0,0,10,6.7,8.35,98755,4/1/2025,2965,Wednesday
4,4/16/2025,11324,1605,9417,302,10381,504,360,79,USW00094728,4.7,0,0,10,6.7,8.35,98755,4/1/2025,2965,Wednesday
5,4/16/2025,52451,7063,43989,1399,46147,2706,3205,393,USW00094728,4.7,0,0,10,6.7,8.35,98755,4/1/2025,2965,Wednesday
6,4/16/2025,42740,4356,37534,850,40346,1150,1189,55,USW00094728,4.7,0,0,10,6.7,8.35,98755,4/1/2025,2965,Wednesday
7,4/16/2025,84906,15749,66581,2576,68601,6189,9594,522,USW00094728,4.7,0,0,10,6.7,8.35,98755,4/1/2025,2965,Wednesday
9,4/16/2025,58813,9443,47405,1965,58383,168,23,239,USW00094728,4.7,0,0,10,6.7,8.35,98755,4/1/2025,2965,Wednesday
1,7/24/2024,43661,9325,32637,1699,41863,1594,13,191,USW00094728,1.9,0,0,27.2,22.8,25,97261,7/1/2024,2927,Wednesday
2,7/24/2024,52305,7753,42977,1575,43022,3190,601,5492,USW00094728,1.9,0,0,27.2,22.8,25,97261,7/1/2024,2927,Wednesday
4,7/24/2024,10987,1659,8942,386,10057,551,308,71,USW00094728,1.9,0,0,27.2,22.8,25,97261,7/1/2024,2927,Wednesday
5,7/24/2024,50663,7442,41504,1717,44278,3027,2967,391,USW00094728,1.9,0,0,27.2,22.8,25,97261,7/1/2024,2927,Wednesday
6,7/24/2024,41342,4216,36128,998,38811,1088,1359,84,USW00094728,1.9,0,0,27.2,22.8,25,97261,7/1/2024,2927,Wednesday
7,7/24/2024,72290,13488,56238,2564,56299,6467,8956,568,USW00094728,1.9,0,0,27.2,22.8,25,97261,7/1/2024,2927,Wednesday
9,7/24/2024,66378,11611,51886,2881,65810,203,27,338,USW00094728,1.9,0,0,27.2,22.8,25,97261,7/1/2024,2927,Wednesday
1,7/16/2024,41889,8920,31335,1634,40123,1551,14,201,USW00094728,1.7,0,0,34.4,25.6,30,96831,7/1/2024,2920,Tuesday
2,7/16/2024,52112,7753,42751,1608,43043,3081,603,5385,USW00094728,1.7,0,0,34.4,25.6,30,96831,7/1/2024,2920,Tuesday
4,7/16/2024,11053,1823,8886,344,10126,545,311,71,USW00094728,1.7,0,0,34.4,25.6,30,96831,7/1/2024,2920,Tuesday
5,7/16/2024,51164,7429,41893,1842,44998,3022,2698,446,USW00094728,1.7,0,0,34.4,25.6,30,96831,7/1/2024,2920,Tuesday
6,7/16/2024,42379,4638,36712,1029,39920,1222,1177,60,USW00094728,1.7,0,0,34.4,25.6,30,96831,7/1/2024,2920,Tuesday
7,7/16/2024,68846,13325,52912,2609,53070,6322,8899,555,USW00094728,1.7,0,0,34.4,25.6,30,96831,7/1/2024,2920,Tuesday
9,7/16/2024,67053,11427,52740,2886,66504,208,24,317,USW00094728,1.7,0,0,34.4,25.6,30,96831,7/1/2024,2920,Tuesday
1,5/16/2024,45308,8819,34900,1589,43421,1672,19,196,USW00094728,3.7,6.9,0,17.8,15,16.4,96829,5/1/2024,2937,Thursday
1,2/26/2025,39573,7149,30935,1489,37911,1483,22,157,USW00094728,2.4,0,0,13.3,6.1,9.7,96829,2/1/2025,2939,Wednesday
2,5/16/2024,56147,7877,46650,1620,46766,3242,627,5512,USW00094728,3.7,6.9,0,17.8,15,16.4,96829,5/1/2024,2937,Thursday
2,2/26/2025,49792,6696,41816,1280,40619,3217,526,5430,USW00094728,2.4,0,0,13.3,6.1,9.7,96829,2/1/2025,2939,Wednesday
4,5/16/2024,11528,1652,9515,361,10664,467,319,78,USW00094728,3.7,6.9,0,17.8,15,16.4,96829,5/1/2024,2937,Thursday
4,2/26/2025,10547,1533,8692,322,9711,427,328,81,USW00094728,2.4,0,0,13.3,6.1,9.7,96829,2/1/2025,2939,Wednesday
5,5/16/2024,51624,7377,42635,1612,45633,2842,2732,417,USW00094728,3.7,6.9,0,17.8,15,16.4,96829,5/1/2024,2937,Thursday
5,2/26/2025,47349,6464,39469,1416,41459,2864,2592,434,USW00094728,2.4,0,0,13.3,6.1,9.7,96829,2/1/2025,2939,Wednesday
6,5/16/2024,40160,3995,35196,969,37708,1153,1227,72,USW00094728,3.7,6.9,0,17.8,15,16.4,96829,5/1/2024,2937,Thursday
6,2/26/2025,38862,3667,34307,888,36600,1143,1082,37,USW00094728,2.4,0,0,13.3,6.1,9.7,96829,2/1/2025,2939,Wednesday
7,5/16/2024,77662,14180,60807,2675,61216,6460,9469,517,USW00094728,3.7,6.9,0,17.8,15,16.4,96829,5/1/2024,2937,Thursday
7,2/26/2025,67658,12399,52998,2261,51456,6317,9398,487,USW00094728,2.4,0,0,13.3,6.1,9.7,96829,2/1/2025,2939,Wednesday
9,5/16/2024,61331,9862,49177,2292,60820,176,28,307,USW00094728,3.7,6.9,0,17.8,15,16.4,96829,5/1/2024,2937,Thursday
9,2/26/2025,64773,10669,51510,2594,64291,169,23,290,USW00094728,2.4,0,0,13.3,6.1,9.7,96829,2/1/2025,2939,Wednesday
1,10/24/2023,40677,7886,31119,1672,38888,1592,19,178,USW00094728,1.3,0,0,18.3,8.3,13.3,96023,10/1/2023,2903,Tuesday
2,10/24/2023,53079,7068,44423,1588,43498,3344,679,5558,USW00094728,1.3,0,0,18.3,8.3,13.3,96023,10/1/2023,2903,Tuesday
4,10/24/2023,11622,1611,9624,387,10848,454,270,50,USW00094728,1.3,0,0,18.3,8.3,13.3,96023,10/1/2023,2903,Tuesday
5,10/24/2023,46042,6559,37767,1716,40100,2861,2686,395,USW00094728,1.3,0,0,18.3,8.3,13.3,96023,10/1/2023,2903,Tuesday
6,10/24/2023,40042,3921,35060,1061,37502,1281,1196,63,USW00094728,1.3,0,0,18.3,8.3,13.3,96023,10/1/2023,2903,Tuesday
7,10/24/2023,74836,13857,58307,2672,58821,6725,8782,508,USW00094728,1.3,0,0,18.3,8.3,13.3,96023,10/1/2023,2903,Tuesday
9,10/24/2023,58774,9791,46581,2402,58262,193,30,289,USW00094728,1.3,0,0,18.3,8.3,13.3,96023,10/1/2023,2903,Tuesday
1,4/16/2024,41926,8339,31915,1672,40064,1659,34,169,USW00094728,1.9,0,0,22.8,12.2,17.5,96004,4/1/2024,2939,Tuesday
2,4/16/2024,52583,7396,43613,1574,43270,3171,666,5476,USW00094728,1.9,0,0,22.8,12.2,17.5,96004,4/1/2024,2939,Tuesday
4,4/16/2024,10969,1611,9024,334,10059,540,297,73,USW00094728,1.9,0,0,22.8,12.2,17.5,96004,4/1/2024,2939,Tuesday
5,4/16/2024,46792,6566,38719,1507,41087,2842,2485,378,USW00094728,1.9,0,0,22.8,12.2,17.5,96004,4/1/2024,2939,Tuesday
6,4/16/2024,39870,3920,34985,965,37469,1170,1167,64,USW00094728,1.9,0,0,22.8,12.2,17.5,96004,4/1/2024,2939,Tuesday
7,4/16/2024,76134,14328,59075,2731,59588,6544,9475,527,USW00094728,1.9,0,0,22.8,12.2,17.5,96004,4/1/2024,2939,Tuesday
9,4/16/2024,58022,9155,46629,2238,57602,134,20,266,USW00094728,1.9,0,0,22.8,12.2,17.5,96004,4/1/2024,2939,Tuesday
1,12/16/2024,42052,8060,32130,1862,40216,1667,19,150,USW00094728,2.3,23.1,0,11.1,3.3,7.2,95860,12/1/2024,2922,Monday
2,12/16/2024,51799,7635,42480,1684,42745,3465,418,5171,USW00094728,2.3,23.1,0,11.1,3.3,7.2,95860,12/1/2024,2922,Monday
4,12/16/2024,10728,1577,8711,440,9896,431,320,81,USW00094728,2.3,23.1,0,11.1,3.3,7.2,95860,12/1/2024,2922,Monday
5,12/16/2024,48812,6824,40018,1970,42451,3023,2998,340,USW00094728,2.3,23.1,0,11.1,3.3,7.2,95860,12/1/2024,2922,Monday
6,12/16/2024,38880,3781,33967,1132,36626,1066,1142,46,USW00094728,2.3,23.1,0,11.1,3.3,7.2,95860,12/1/2024,2922,Monday
7,12/16/2024,63351,11566,49160,2625,47579,6389,8840,543,USW00094728,2.3,23.1,0,11.1,3.3,7.2,95860,12/1/2024,2922,Monday
9,12/16/2024,58970,9896,46073,3001,58459,222,11,278,USW00094728,2.3,23.1,0,11.1,3.3,7.2,95860,12/1/2024,2922,Monday
1,5/28/2024,44059,9235,32980,1844,42255,1589,27,188,USW00094728,2.9,0,0,26.1,18.3,22.2,95210,5/1/2024,2908,Tuesday
2,5/28/2024,53403,7641,44041,1721,44228,3203,534,5438,USW00094728,2.9,0,0,26.1,18.3,22.2,95210,5/1/2024,2908,Tuesday
4,5/28/2024,11271,1690,9185,396,10440,448,315,68,USW00094728,2.9,0,0,26.1,18.3,22.2,95210,5/1/2024,2908,Tuesday
5,5/28/2024,53354,7558,43901,1895,47314,2812,2820,408,USW00094728,2.9,0,0,26.1,18.3,22.2,95210,5/1/2024,2908,Tuesday
6,5/28/2024,41969,4335,36480,1154,39635,1187,1091,56,USW00094728,2.9,0,0,26.1,18.3,22.2,95210,5/1/2024,2908,Tuesday
7,5/28/2024,72113,13336,55989,2788,56694,6201,8672,546,USW00094728,2.9,0,0,26.1,18.3,22.2,95210,5/1/2024,2908,Tuesday
9,5/28/2024,66597,11265,52398,2934,66077,162,25,333,USW00094728,2.9,0,0,26.1,18.3,22.2,95210,5/1/2024,2908,Tuesday
1,3/28/2024,43370,8552,33323,1495,41557,1596,22,195,USW00094728,2.1,17.8,0,10.6,6.7,8.65,95144,3/1/2024,2924,Thursday
2,3/28/2024,53892,7557,44917,1418,44488,3101,575,5728,USW00094728,2.1,17.8,0,10.6,6.7,8.65,95144,3/1/2024,2924,Thursday
4,3/28/2024,12732,1773,10572,387,11854,481,315,82,USW00094728,2.1,17.8,0,10.6,6.7,8.65,95144,3/1/2024,2924,Thursday
5,3/28/2024,47947,6571,39918,1458,41744,2641,3173,389,USW00094728,2.1,17.8,0,10.6,6.7,8.65,95144,3/1/2024,2924,Thursday
6,3/28/2024,39798,4094,34766,938,37452,1103,1189,54,USW00094728,2.1,17.8,0,10.6,6.7,8.65,95144,3/1/2024,2924,Thursday
7,3/28/2024,72668,14157,56170,2341,56202,6622,9325,519,USW00094728,2.1,17.8,0,10.6,6.7,8.65,95144,3/1/2024,2924,Thursday
9,3/28/2024,61010,10013,48716,2281,60510,191,23,286,USW00094728,2.1,17.8,0,10.6,6.7,8.65,95144,3/1/2024,2924,Thursday
1,10/16/2023,41665,8203,31648,1814,39886,1574,19,186,USW00094728,1.8,0,0,17.2,8.9,13.05,94683,10/1/2023,2904,Monday
2,10/16/2023,52749,7154,43777,1818,43337,3298,592,5522,USW00094728,1.8,0,0,17.2,8.9,13.05,94683,10/1/2023,2904,Monday
4,10/16/2023,10340,1469,8466,405,9594,437,250,59,USW00094728,1.8,0,0,17.2,8.9,13.05,94683,10/1/2023,2904,Monday
5,10/16/2023,48827,6893,40015,1919,43436,2654,2377,360,USW00094728,1.8,0,0,17.2,8.9,13.05,94683,10/1/2023,2904,Monday
6,10/16/2023,39343,3965,34225,1153,37197,1055,1035,56,USW00094728,1.8,0,0,17.2,8.9,13.05,94683,10/1/2023,2904,Monday
7,10/16/2023,71766,13723,55234,2809,56541,6091,8650,484,USW00094728,1.8,0,0,17.2,8.9,13.05,94683,10/1/2023,2904,Monday
9,10/16/2023,62855,10839,49184,2832,62381,155,22,297,USW00094728,1.8,0,0,17.2,8.9,13.05,94683,10/1/2023,2904,Monday
1,9/28/2023,43969,8725,33542,1702,42122,1638,26,183,USW00094728,2.9,9.7,0,18.3,13.3,15.8,93858,9/1/2023,2885,Thursday
2,9/28/2023,53335,7220,44438,1677,43706,3432,633,5564,USW00094728,2.9,9.7,0,18.3,13.3,15.8,93858,9/1/2023,2885,Thursday
4,9/28/2023,10860,1467,8982,411,10082,466,242,70,USW00094728,2.9,9.7,0,18.3,13.3,15.8,93858,9/1/2023,2885,Thursday
5,9/28/2023,50158,7318,41083,1757,44175,2977,2627,379,USW00094728,2.9,9.7,0,18.3,13.3,15.8,93858,9/1/2023,2885,Thursday
6,9/28/2023,39689,3922,34822,945,37201,1278,1151,59,USW00094728,2.9,9.7,0,18.3,13.3,15.8,93858,9/1/2023,2885,Thursday
7,9/28/2023,75991,14311,58911,2769,59601,6874,8995,521,USW00094728,2.9,9.7,0,18.3,13.3,15.8,93858,9/1/2023,2885,Thursday
9,9/28/2023,60013,10093,47509,2411,59552,167,14,280,USW00094728,2.9,9.7,0,18.3,13.3,15.8,93858,9/1/2023,2885,Thursday
1,8/16/2024,45038,10534,32711,1793,43313,1547,11,167,USW00094728,1.4,0,0,30.6,21.1,25.85,93525,8/1/2024,2949,Friday
2,8/16/2024,52733,9148,41818,1767,43697,3146,608,5282,USW00094728,1.4,0,0,30.6,21.1,25.85,93525,8/1/2024,2949,Friday
4,8/16/2024,11607,1916,9271,420,10721,498,318,70,USW00094728,1.4,0,0,30.6,21.1,25.85,93525,8/1/2024,2949,Friday
5,8/16/2024,53229,8535,42912,1782,47187,2707,2958,377,USW00094728,1.4,0,0,30.6,21.1,25.85,93525,8/1/2024,2949,Friday
6,8/16/2024,44042,5166,37738,1138,41503,1232,1237,70,USW00094728,1.4,0,0,30.6,21.1,25.85,93525,8/1/2024,2949,Friday
7,8/16/2024,71754,14370,54912,2472,57805,6086,7335,528,USW00094728,1.4,0,0,30.6,21.1,25.85,93525,8/1/2024,2949,Friday
9,8/16/2024,69404,13390,53030,2984,68931,76,14,383,USW00094728,1.4,0,0,30.6,21.1,25.85,93525,8/1/2024,2949,Friday
1,11/28/2023,41899,7777,32542,1580,40107,1625,21,146,USW00094728,4.3,0,0,5,0,2.5,93449,11/1/2023,2977,Tuesday
2,11/28/2023,51995,6830,43617,1548,42542,3377,663,5413,USW00094728,4.3,0,0,5,0,2.5,93449,11/1/2023,2977,Tuesday
4,11/28/2023,10593,1481,8707,405,9770,496,271,56,USW00094728,4.3,0,0,5,0,2.5,93449,11/1/2023,2977,Tuesday
5,11/28/2023,47565,6690,39071,1804,41279,3017,2890,379,USW00094728,4.3,0,0,5,0,2.5,93449,11/1/2023,2977,Tuesday
6,11/28/2023,38750,3688,34039,1023,36221,1253,1217,59,USW00094728,4.3,0,0,5,0,2.5,93449,11/1/2023,2977,Tuesday
7,11/28/2023,67992,12278,53253,2461,51317,6703,9450,522,USW00094728,4.3,0,0,5,0,2.5,93449,11/1/2023,2977,Tuesday
9,11/28/2023,65361,10560,52144,2657,64871,185,21,284,USW00094728,4.3,0,0,5,0,2.5,93449,11/1/2023,2977,Tuesday
1,1/16/2025,37926,6584,29826,1516,36366,1398,5,157,USW00094728,2.4,0,0,-1,-4.9,-2.95,93320,1/1/2025,2954,Thursday
2,1/16/2025,47885,6739,39697,1449,38994,3107,442,5342,USW00094728,2.4,0,0,-1,-4.9,-2.95,93320,1/1/2025,2954,Thursday
4,1/16/2025,10819,1509,8910,400,9866,559,307,87,USW00094728,2.4,0,0,-1,-4.9,-2.95,93320,1/1/2025,2954,Thursday
5,1/16/2025,48113,6845,39615,1653,41785,2906,3027,395,USW00094728,2.4,0,0,-1,-4.9,-2.95,93320,1/1/2025,2954,Thursday
6,1/16/2025,38035,3740,33287,1008,35726,1109,1155,45,USW00094728,2.4,0,0,-1,-4.9,-2.95,93320,1/1/2025,2954,Thursday
7,1/16/2025,71054,13184,55197,2673,54787,6264,9501,502,USW00094728,2.4,0,0,-1,-4.9,-2.95,93320,1/1/2025,2954,Thursday
9,1/16/2025,55581,8800,44561,2220,55167,167,19,228,USW00094728,2.4,0,0,-1,-4.9,-2.95,93320,1/1/2025,2954,Thursday
1,4/24/2024,41561,8336,31654,1571,39890,1465,13,193,USW00094728,2.2,0,0,23.3,10,16.65,92952,4/1/2024,2909,Wednesday
2,4/24/2024,50704,6975,42225,1504,41443,3082,595,5584,USW00094728,2.2,0,0,23.3,10,16.65,92952,4/1/2024,2909,Wednesday
4,4/24/2024,10682,1646,8650,386,9857,444,293,88,USW00094728,2.2,0,0,23.3,10,16.65,92952,4/1/2024,2909,Wednesday
5,4/24/2024,47268,6783,39008,1477,41922,2450,2536,360,USW00094728,2.2,0,0,23.3,10,16.65,92952,4/1/2024,2909,Wednesday
6,4/24/2024,37631,3679,33023,929,35479,984,1111,57,USW00094728,2.2,0,0,23.3,10,16.65,92952,4/1/2024,2909,Wednesday
7,4/24/2024,76226,14374,59222,2630,59966,6050,9667,543,USW00094728,2.2,0,0,23.3,10,16.65,92952,4/1/2024,2909,Wednesday
9,4/24/2024,57060,9150,45706,2204,56684,138,17,221,USW00094728,2.2,0,0,23.3,10,16.65,92952,4/1/2024,2909,Wednesday
1,11/16/2023,44434,8477,34363,1594,42591,1683,15,145,USW00094728,1.5,0,0,18.3,7.8,13.05,92774,11/1/2023,2932,Thursday
2,11/16/2023,54020,7301,45114,1605,44470,3367,740,5443,USW00094728,1.5,0,0,18.3,7.8,13.05,92774,11/1/2023,2932,Thursday
4,11/16/2023,11156,1577,9154,425,10302,485,303,66,USW00094728,1.5,0,0,18.3,7.8,13.05,92774,11/1/2023,2932,Thursday
5,11/16/2023,50108,7153,41214,1741,43995,2954,2769,390,USW00094728,1.5,0,0,18.3,7.8,13.05,92774,11/1/2023,2932,Thursday
6,11/16/2023,41687,3993,36697,997,38945,1402,1287,53,USW00094728,1.5,0,0,18.3,7.8,13.05,92774,11/1/2023,2932,Thursday
7,11/16/2023,75006,13696,58707,2603,58357,6732,9375,542,USW00094728,1.5,0,0,18.3,7.8,13.05,92774,11/1/2023,2932,Thursday
9,11/16/2023,61852,9812,49768,2272,61400,172,15,265,USW00094728,1.5,0,0,18.3,7.8,13.05,92774,11/1/2023,2932,Thursday
1,2/13/2024,25783,5120,19476,1187,24060,1577,25,121,USW00094728,3.8,19.6,81,5,0.6,2.8,91768,2/1/2024,2920,Tuesday
2,2/13/2024,30688,4377,25317,994,22726,2912,297,4753,USW00094728,3.8,19.6,81,5,0.6,2.8,91768,2/1/2024,2920,Tuesday
4,2/13/2024,5633,913,4510,210,4976,406,201,50,USW00094728,3.8,19.6,81,5,0.6,2.8,91768,2/1/2024,2920,Tuesday
5,2/13/2024,25579,4122,20479,978,21288,2530,1475,286,USW00094728,3.8,19.6,81,5,0.6,2.8,91768,2/1/2024,2920,Tuesday
6,2/13/2024,20109,2308,17237,564,18259,1086,735,29,USW00094728,3.8,19.6,81,5,0.6,2.8,91768,2/1/2024,2920,Tuesday
7,2/13/2024,38426,8095,28886,1445,27271,4820,5985,350,USW00094728,3.8,19.6,81,5,0.6,2.8,91768,2/1/2024,2920,Tuesday
9,2/13/2024,29285,4994,22952,1339,28248,880,47,110,USW00094728,3.8,19.6,81,5,0.6,2.8,91768,2/1/2024,2920,Tuesday
1,2/10/2025,38189,6954,29331,1904,36648,1369,13,159,USW00094728,2.3,0,0,2.8,-1.6,0.6,91132,2/1/2025,3097,Monday
2,2/10/2025,47055,6564,38882,1609,38178,3018,397,5462,USW00094728,2.3,0,0,2.8,-1.6,0.6,91132,2/1/2025,3097,Monday
4,2/10/2025,10052,1425,8207,420,9259,449,276,68,USW00094728,2.3,0,0,2.8,-1.6,0.6,91132,2/1/2025,3097,Monday
5,2/10/2025,45868,6210,37833,1825,40315,2494,2689,370,USW00094728,2.3,0,0,2.8,-1.6,0.6,91132,2/1/2025,3097,Monday
6,2/10/2025,38663,3910,33591,1162,36668,939,1012,44,USW00094728,2.3,0,0,2.8,-1.6,0.6,91132,2/1/2025,3097,Monday
7,2/10/2025,63772,11622,49447,2703,49178,5541,8563,490,USW00094728,2.3,0,0,2.8,-1.6,0.6,91132,2/1/2025,3097,Monday
9,2/10/2025,58707,9584,46153,2970,58272,175,23,237,USW00094728,2.3,0,0,2.8,-1.6,0.6,91132,2/1/2025,3097,Monday
1,1/28/2025,36577,6271,28714,1592,34966,1479,3,129,USW00094728,3.8,0,0,5.6,0,2.8,91065,1/1/2025,2946,Tuesday
2,1/28/2025,45503,5916,38109,1478,36600,3123,424,5356,USW00094728,3.8,0,0,5.6,0,2.8,91065,1/1/2025,2946,Tuesday
4,1/28/2025,10385,1459,8544,382,9362,563,383,77,USW00094728,3.8,0,0,5.6,0,2.8,91065,1/1/2025,2946,Tuesday
5,1/28/2025,46360,6312,38354,1694,39759,2929,3293,379,USW00094728,3.8,0,0,5.6,0,2.8,91065,1/1/2025,2946,Tuesday
6,1/28/2025,37657,3527,33087,1043,35258,1246,1116,37,USW00094728,3.8,0,0,5.6,0,2.8,91065,1/1/2025,2946,Tuesday
7,1/28/2025,66708,11685,52556,2467,50971,6081,9150,506,USW00094728,3.8,0,0,5.6,0,2.8,91065,1/1/2025,2946,Tuesday
9,1/28/2025,58153,9149,46386,2618,57715,160,25,253,USW00094728,3.8,0,0,5.6,0,2.8,91065,1/1/2025,2946,Tuesday
1,2/28/2024,40483,7379,31617,1487,38735,1574,23,151,USW00094728,3.4,4.3,0,16.7,6.7,11.7,90847,2/1/2024,2912,Wednesday
2,2/28/2024,51974,6774,43823,1377,43018,3060,527,5369,USW00094728,3.4,4.3,0,16.7,6.7,11.7,90847,2/1/2024,2912,Wednesday
4,2/28/2024,10186,1427,8437,322,9415,407,281,83,USW00094728,3.4,4.3,0,16.7,6.7,11.7,90847,2/1/2024,2912,Wednesday
5,2/28/2024,45818,6310,38138,1370,40210,2797,2421,390,USW00094728,3.4,4.3,0,16.7,6.7,11.7,90847,2/1/2024,2912,Wednesday
6,2/28/2024,37002,3496,32634,872,34836,1021,1095,50,USW00094728,3.4,4.3,0,16.7,6.7,11.7,90847,2/1/2024,2912,Wednesday
7,2/28/2024,65086,11783,51036,2267,49240,6349,8998,499,USW00094728,3.4,4.3,0,16.7,6.7,11.7,90847,2/1/2024,2912,Wednesday
9,2/28/2024,59461,9507,47663,2291,59032,150,21,258,USW00094728,3.4,4.3,0,16.7,6.7,11.7,90847,2/1/2024,2912,Wednesday
1,1/24/2024,39512,7230,30805,1477,37805,1537,18,152,USW00094728,2.2,1.3,0,8.9,3.3,6.1,89698,1/1/2024,2989,Wednesday
2,1/24/2024,51093,6665,42934,1494,42264,3022,504,5303,USW00094728,2.2,1.3,0,8.9,3.3,6.1,89698,1/1/2024,2989,Wednesday
4,1/24/2024,10495,1413,8729,353,9647,511,274,63,USW00094728,2.2,1.3,0,8.9,3.3,6.1,89698,1/1/2024,2989,Wednesday
5,1/24/2024,43486,5933,36165,1388,37975,2644,2528,339,USW00094728,2.2,1.3,0,8.9,3.3,6.1,89698,1/1/2024,2989,Wednesday
6,1/24/2024,36555,3477,32224,854,34350,964,1195,46,USW00094728,2.2,1.3,0,8.9,3.3,6.1,89698,1/1/2024,2989,Wednesday
7,1/24/2024,69557,12672,54440,2445,53792,6351,8914,500,USW00094728,2.2,1.3,0,8.9,3.3,6.1,89698,1/1/2024,2989,Wednesday
9,1/24/2024,53317,8326,42909,2082,52934,124,16,243,USW00094728,2.2,1.3,0,8.9,3.3,6.1,89698,1/1/2024,2989,Wednesday
1,5/16/2023,44574,8258,34938,1378,42752,1619,21,182,USW00094728,2.3,0,0,26.1,14.4,20.25,89591,5/1/2023,2767,Tuesday
2,5/16/2023,55519,7472,46632,1415,46291,3312,624,5292,USW00094728,2.3,0,0,26.1,14.4,20.25,89591,5/1/2023,2767,Tuesday
4,5/16/2023,11058,1557,9177,324,10229,479,296,54,USW00094728,2.3,0,0,26.1,14.4,20.25,89591,5/1/2023,2767,Tuesday
5,5/16/2023,48566,6588,40574,1404,42083,2956,3117,410,USW00094728,2.3,0,0,26.1,14.4,20.25,89591,5/1/2023,2767,Tuesday
6,5/16/2023,42278,4370,37006,902,39471,1450,1285,72,USW00094728,2.3,0,0,26.1,14.4,20.25,89591,5/1/2023,2767,Tuesday
7,5/16/2023,72604,13031,57208,2365,57108,6255,8736,505,USW00094728,2.3,0,0,26.1,14.4,20.25,89591,5/1/2023,2767,Tuesday
9,5/16/2023,63005,10620,50056,2329,62568,215,16,206,USW00094728,2.3,0,0,26.1,14.4,20.25,89591,5/1/2023,2767,Tuesday
1,6/16/2023,45822,9449,34796,1577,44030,1599,17,176,USW00094728,1.2,5.8,0,26.1,17.2,21.65,89429,6/1/2023,2786,Friday
2,6/16/2023,54660,8544,44580,1536,45272,3369,625,5394,USW00094728,1.2,5.8,0,26.1,17.2,21.65,89429,6/1/2023,2786,Friday
4,6/16/2023,13144,1978,10722,444,12334,474,275,61,USW00094728,1.2,5.8,0,26.1,17.2,21.65,89429,6/1/2023,2786,Friday
5,6/16/2023,52937,8172,43037,1728,47202,2741,2559,435,USW00094728,1.2,5.8,0,26.1,17.2,21.65,89429,6/1/2023,2786,Friday
6,6/16/2023,43685,4929,37720,1036,41104,1226,1275,80,USW00094728,1.2,5.8,0,26.1,17.2,21.65,89429,6/1/2023,2786,Friday
7,6/16/2023,80024,16072,61129,2823,65547,6141,7828,508,USW00094728,1.2,5.8,0,26.1,17.2,21.65,89429,6/1/2023,2786,Friday
9,6/16/2023,64762,12259,50168,2335,64252,214,17,279,USW00094728,1.2,5.8,0,26.1,17.2,21.65,89429,6/1/2023,2786,Friday
1,8/16/2023,42727,8667,32538,1522,40956,1595,17,159,USW00094728,1.3,33.8,0,27.8,20.6,24.2,89043,8/1/2023,2822,Wednesday
2,8/16/2023,53194,7957,43716,1521,44012,3228,614,5340,USW00094728,1.3,33.8,0,27.8,20.6,24.2,89043,8/1/2023,2822,Wednesday
4,8/16/2023,10369,1533,8458,378,9651,436,220,62,USW00094728,1.3,33.8,0,27.8,20.6,24.2,89043,8/1/2023,2822,Wednesday
5,8/16/2023,51545,7598,42265,1682,45646,2924,2549,426,USW00094728,1.3,33.8,0,27.8,20.6,24.2,89043,8/1/2023,2822,Wednesday
6,8/16/2023,42489,4521,37021,947,40031,1213,1186,59,USW00094728,1.3,33.8,0,27.8,20.6,24.2,89043,8/1/2023,2822,Wednesday
7,8/16/2023,77091,15396,59279,2416,61597,6432,8463,599,USW00094728,1.3,33.8,0,27.8,20.6,24.2,89043,8/1/2023,2822,Wednesday
9,8/16/2023,66362,11544,52298,2520,65796,214,20,332,USW00094728,1.3,33.8,0,27.8,20.6,24.2,89043,8/1/2023,2822,Wednesday
1,6/28/2023,45299,9025,34657,1617,43473,1606,31,189,USW00094728,1.7,0,0,27.8,18.9,23.35,88936,6/1/2023,2806,Wednesday
2,6/28/2023,55399,8143,45740,1516,46013,3337,670,5379,USW00094728,1.7,0,0,27.8,18.9,23.35,88936,6/1/2023,2806,Wednesday
4,6/28/2023,12645,1861,10345,439,11831,501,246,67,USW00094728,1.7,0,0,27.8,18.9,23.35,88936,6/1/2023,2806,Wednesday
5,6/28/2023,52094,7598,42794,1702,46193,2941,2553,407,USW00094728,1.7,0,0,27.8,18.9,23.35,88936,6/1/2023,2806,Wednesday
6,6/28/2023,44666,5041,38649,976,42050,1319,1229,68,USW00094728,1.7,0,0,27.8,18.9,23.35,88936,6/1/2023,2806,Wednesday
7,6/28/2023,75635,14518,58727,2390,59533,6821,8708,573,USW00094728,1.7,0,0,27.8,18.9,23.35,88936,6/1/2023,2806,Wednesday
9,6/28/2023,70493,13649,54267,2577,69985,199,17,292,USW00094728,1.7,0,0,27.8,18.9,23.35,88936,6/1/2023,2806,Wednesday
1,5/24/2023,46017,8591,35966,1460,44157,1639,23,198,USW00094728,1.2,2,0,25,11.7,18.35,88749,5/1/2023,2783,Wednesday
2,5/24/2023,54638,7401,45924,1313,45337,3398,600,5303,USW00094728,1.2,2,0,25,11.7,18.35,88749,5/1/2023,2783,Wednesday
4,5/24/2023,10863,1473,9033,357,10007,497,297,62,USW00094728,1.2,2,0,25,11.7,18.35,88749,5/1/2023,2783,Wednesday
5,5/24/2023,50774,7005,42271,1498,44382,2961,3019,412,USW00094728,1.2,2,0,25,11.7,18.35,88749,5/1/2023,2783,Wednesday
6,5/24/2023,42048,4346,36805,897,39124,1498,1338,88,USW00094728,1.2,2,0,25,11.7,18.35,88749,5/1/2023,2783,Wednesday
7,5/24/2023,74380,13275,58733,2372,58227,6514,9123,516,USW00094728,1.2,2,0,25,11.7,18.35,88749,5/1/2023,2783,Wednesday
9,5/24/2023,61540,10338,49043,2159,61062,227,21,230,USW00094728,1.2,2,0,25,11.7,18.35,88749,5/1/2023,2783,Wednesday
1,7/28/2023,40067,8785,29710,1572,38451,1446,12,158,USW00094728,1.1,0,0,33.3,23.9,28.6,88605,7/1/2023,2722,Friday
1,7/24/2023,39551,8152,29786,1613,38063,1304,14,170,USW00094728,1.4,0,0,29.4,23.3,26.35,88605,7/1/2023,2722,Monday
2,7/28/2023,55851,9302,44804,1745,46610,3281,616,5344,USW00094728,1.1,0,0,33.3,23.9,28.6,88605,7/1/2023,2722,Friday
2,7/24/2023,55576,8429,45334,1813,46564,3082,532,5398,USW00094728,1.4,0,0,29.4,23.3,26.35,88605,7/1/2023,2722,Monday
4,7/28/2023,12464,2080,9952,432,11711,450,226,77,USW00094728,1.1,0,0,33.3,23.9,28.6,88605,7/1/2023,2722,Friday
4,7/24/2023,10598,1539,8601,458,9866,458,218,56,USW00094728,1.4,0,0,29.4,23.3,26.35,88605,7/1/2023,2722,Monday
5,7/28/2023,53469,8906,42721,1842,47957,2717,2434,361,USW00094728,1.1,0,0,33.3,23.9,28.6,88605,7/1/2023,2722,Friday
5,7/24/2023,52853,7783,43163,1907,47542,2616,2329,366,USW00094728,1.4,0,0,29.4,23.3,26.35,88605,7/1/2023,2722,Monday
6,7/28/2023,43670,5186,37412,1072,41102,1323,1171,74,USW00094728,1.1,0,0,33.3,23.9,28.6,88605,7/1/2023,2722,Friday
6,7/24/2023,43557,4987,37545,1025,41206,1160,1130,61,USW00094728,1.4,0,0,29.4,23.3,26.35,88605,7/1/2023,2722,Monday
7,7/28/2023,80398,16998,60665,2735,66400,6359,7013,626,USW00094728,1.1,0,0,33.3,23.9,28.6,88605,7/1/2023,2722,Friday
7,7/24/2023,78259,14780,60668,2811,63375,6068,8238,578,USW00094728,1.4,0,0,29.4,23.3,26.35,88605,7/1/2023,2722,Monday
9,7/28/2023,69637,13187,53678,2772,69035,208,32,362,USW00094728,1.1,0,0,33.3,23.9,28.6,88605,7/1/2023,2722,Friday
9,7/24/2023,66746,12234,51710,2802,66287,163,21,275,USW00094728,1.4,0,0,29.4,23.3,26.35,88605,7/1/2023,2722,Monday
1,1/24/2025,38160,7197,29429,1534,36610,1402,10,138,USW00094728,2,0,0,0.6,-4.9,-2.15,88550,1/1/2025,2868,Friday
2,1/24/2025,45746,6808,37474,1464,37043,3068,430,5205,USW00094728,2,0,0,0.6,-4.9,-2.15,88550,1/1/2025,2868,Friday
4,1/24/2025,10712,1628,8709,375,9927,427,292,66,USW00094728,2,0,0,0.6,-4.9,-2.15,88550,1/1/2025,2868,Friday
5,1/24/2025,48062,7198,39076,1788,42159,2718,2802,383,USW00094728,2,0,0,0.6,-4.9,-2.15,88550,1/1/2025,2868,Friday
6,1/24/2025,37741,3773,32980,988,35363,1265,1064,49,USW00094728,2,0,0,0.6,-4.9,-2.15,88550,1/1/2025,2868,Friday
7,1/24/2025,74789,14670,57108,3011,59899,5909,8424,557,USW00094728,2,0,0,0.6,-4.9,-2.15,88550,1/1/2025,2868,Friday
9,1/24/2025,55155,9229,43579,2347,54695,156,24,280,USW00094728,2,0,0,0.6,-4.9,-2.15,88550,1/1/2025,2868,Friday
1,1/16/2024,33946,6080,26420,1446,32057,1736,10,143,USW00094728,4.1,7.1,33,0,-5.5,-2.75,87290,1/1/2024,2937,Tuesday
2,1/16/2024,40591,5320,34084,1187,31549,3479,427,5136,USW00094728,4.1,7.1,33,0,-5.5,-2.75,87290,1/1/2024,2937,Tuesday
4,1/16/2024,7855,1063,6530,262,7099,402,302,52,USW00094728,4.1,7.1,33,0,-5.5,-2.75,87290,1/1/2024,2937,Tuesday
5,1/16/2024,36162,5191,29782,1189,31069,2645,2115,333,USW00094728,4.1,7.1,33,0,-5.5,-2.75,87290,1/1/2024,2937,Tuesday
6,1/16/2024,27463,2898,23922,643,25504,1031,885,43,USW00094728,4.1,7.1,33,0,-5.5,-2.75,87290,1/1/2024,2937,Tuesday
7,1/16/2024,55298,10398,42889,2011,41479,6041,7411,367,USW00094728,4.1,7.1,33,0,-5.5,-2.75,87290,1/1/2024,2937,Tuesday
9,1/16/2024,46210,7258,37049,1903,45504,466,10,230,USW00094728,4.1,7.1,33,0,-5.5,-2.75,87290,1/1/2024,2937,Tuesday
1,8/24/2023,43911,9017,33266,1628,42110,1626,16,159,USW00094728,0.5,3.6,0,22.8,19.4,21.1,86621,8/1/2023,2851,Thursday
2,8/24/2023,55070,8314,45107,1649,45765,3318,628,5359,USW00094728,0.5,3.6,0,22.8,19.4,21.1,86621,8/1/2023,2851,Thursday
4,8/24/2023,11359,1580,9385,394,10567,501,233,58,USW00094728,0.5,3.6,0,22.8,19.4,21.1,86621,8/1/2023,2851,Thursday
5,8/24/2023,51442,7629,42133,1680,45746,2822,2509,365,USW00094728,0.5,3.6,0,22.8,19.4,21.1,86621,8/1/2023,2851,Thursday
6,8/24/2023,42216,4677,36490,1049,39751,1212,1184,69,USW00094728,0.5,3.6,0,22.8,19.4,21.1,86621,8/1/2023,2851,Thursday
7,8/24/2023,80926,16034,62112,2780,65436,6340,8632,518,USW00094728,0.5,3.6,0,22.8,19.4,21.1,86621,8/1/2023,2851,Thursday
9,8/24/2023,61580,10682,48686,2212,61094,212,19,255,USW00094728,0.5,3.6,0,22.8,19.4,21.1,86621,8/1/2023,2851,Thursday
1,4/28/2023,45685,8814,35318,1553,43916,1563,9,197,USW00094728,3,8.4,0,13.3,8.3,10.8,86046,4/1/2023,2784,Friday
1,4/24/2023,43085,7986,33516,1583,41409,1497,9,170,USW00094728,1.8,0,0,16.7,6.7,11.7,86046,4/1/2023,2784,Monday
2,4/28/2023,53813,7849,44488,1476,44366,3334,626,5487,USW00094728,3,8.4,0,13.3,8.3,10.8,86046,4/1/2023,2784,Friday
2,4/24/2023,53000,7093,44323,1584,43902,3217,584,5297,USW00094728,1.8,0,0,16.7,6.7,11.7,86046,4/1/2023,2784,Monday
4,4/28/2023,10733,1527,8880,326,10017,443,228,45,USW00094728,3,8.4,0,13.3,8.3,10.8,86046,4/1/2023,2784,Friday
4,4/24/2023,9952,1328,8278,346,9199,423,280,50,USW00094728,1.8,0,0,16.7,6.7,11.7,86046,4/1/2023,2784,Monday
5,4/28/2023,51711,7540,42523,1648,45870,2805,2601,435,USW00094728,3,8.4,0,13.3,8.3,10.8,86046,4/1/2023,2784,Friday
5,4/24/2023,49641,6732,41201,1708,43698,2771,2759,413,USW00094728,1.8,0,0,16.7,6.7,11.7,86046,4/1/2023,2784,Monday
6,4/28/2023,41152,4433,35901,818,38596,1261,1198,97,USW00094728,3,8.4,0,13.3,8.3,10.8,86046,4/1/2023,2784,Friday
6,4/24/2023,38174,3891,33369,914,35735,1205,1174,60,USW00094728,1.8,0,0,16.7,6.7,11.7,86046,4/1/2023,2784,Monday
7,4/28/2023,80021,15461,62019,2541,65084,6168,8243,526,USW00094728,3,8.4,0,13.3,8.3,10.8,86046,4/1/2023,2784,Friday
7,4/24/2023,69963,13004,54475,2484,55583,5829,8071,480,USW00094728,1.8,0,0,16.7,6.7,11.7,86046,4/1/2023,2784,Monday
9,4/28/2023,59034,10017,46827,2190,58565,197,15,257,USW00094728,3,8.4,0,13.3,8.3,10.8,86046,4/1/2023,2784,Friday
9,4/24/2023,55471,9094,44259,2118,55103,167,13,188,USW00094728,1.8,0,0,16.7,6.7,11.7,86046,4/1/2023,2784,Monday
1,3/24/2023,44393,8483,34411,1499,42752,1489,4,148,USW00094728,2.3,0,0,12.8,6.7,9.75,84119,3/1/2023,2730,Friday
2,3/24/2023,53470,7902,44082,1486,44553,3001,560,5356,USW00094728,2.3,0,0,12.8,6.7,9.75,84119,3/1/2023,2730,Friday
4,3/24/2023,10821,1540,8923,358,10063,458,240,60,USW00094728,2.3,0,0,12.8,6.7,9.75,84119,3/1/2023,2730,Friday
5,3/24/2023,50431,7559,41321,1551,44877,2539,2611,404,USW00094728,2.3,0,0,12.8,6.7,9.75,84119,3/1/2023,2730,Friday
6,3/24/2023,40635,4206,35561,868,38084,1287,1196,68,USW00094728,2.3,0,0,12.8,6.7,9.75,84119,3/1/2023,2730,Friday
7,3/24/2023,86507,17139,66454,2914,71633,6287,8081,506,USW00094728,2.3,0,0,12.8,6.7,9.75,84119,3/1/2023,2730,Friday
9,3/24/2023,54027,9256,42896,1875,53702,144,17,164,USW00094728,2.3,0,0,12.8,6.7,9.75,84119,3/1/2023,2730,Friday
1,8/28/2023,42191,8872,31572,1747,40518,1495,14,164,USW00094728,1.7,0,0,24.4,20.6,22.5,83505,8/1/2023,2827,Monday
2,8/28/2023,51057,7740,41632,1685,41991,3123,579,5364,USW00094728,1.7,0,0,24.4,20.6,22.5,83505,8/1/2023,2827,Monday
4,8/28/2023,10064,1501,8152,411,9369,439,194,62,USW00094728,1.7,0,0,24.4,20.6,22.5,83505,8/1/2023,2827,Monday
5,8/28/2023,51148,7348,41907,1893,45901,2566,2317,364,USW00094728,1.7,0,0,24.4,20.6,22.5,83505,8/1/2023,2827,Monday
6,8/28/2023,43621,4824,37674,1123,41283,1196,1097,45,USW00094728,1.7,0,0,24.4,20.6,22.5,83505,8/1/2023,2827,Monday
7,8/28/2023,80463,16083,61389,2991,65743,6041,8194,485,USW00094728,1.7,0,0,24.4,20.6,22.5,83505,8/1/2023,2827,Monday
9,8/28/2023,61637,11036,48014,2587,61210,184,22,221,USW00094728,1.7,0,0,24.4,20.6,22.5,83505,8/1/2023,2827,Monday
1,3/28/2023,40275,7032,31916,1327,38634,1474,7,160,USW00094728,1.8,0,0,11.1,5.6,8.35,83498,3/1/2023,2728,Tuesday
2,3/28/2023,51756,6541,43899,1316,42881,3147,557,5171,USW00094728,1.8,0,0,11.1,5.6,8.35,83498,3/1/2023,2728,Tuesday
4,3/28/2023,9822,1239,8280,303,9027,452,284,59,USW00094728,1.8,0,0,11.1,5.6,8.35,83498,3/1/2023,2728,Tuesday
5,3/28/2023,48231,6375,40411,1445,41774,2919,3124,414,USW00094728,1.8,0,0,11.1,5.6,8.35,83498,3/1/2023,2728,Tuesday
6,3/28/2023,38138,3804,33522,812,35462,1373,1234,69,USW00094728,1.8,0,0,11.1,5.6,8.35,83498,3/1/2023,2728,Tuesday
7,3/28/2023,70626,12481,56017,2128,54789,6530,8834,473,USW00094728,1.8,0,0,11.1,5.6,8.35,83498,3/1/2023,2728,Tuesday
9,3/28/2023,62360,10530,49677,2153,61961,183,20,196,USW00094728,1.8,0,0,11.1,5.6,8.35,83498,3/1/2023,2728,Tuesday
1,3/16/2023,42756,7455,34044,1257,41076,1519,6,155,USW00094728,2.8,0,0,15,1.1,8.05,83269,3/1/2023,2715,Thursday
2,3/16/2023,57190,7532,48228,1430,48169,3282,549,5190,USW00094728,2.8,0,0,15,1.1,8.05,83269,3/1/2023,2715,Thursday
4,3/16/2023,10584,1422,8857,305,9838,428,250,68,USW00094728,2.8,0,0,15,1.1,8.05,83269,3/1/2023,2715,Thursday
5,3/16/2023,48932,6816,40758,1358,43153,2724,2698,357,USW00094728,2.8,0,0,15,1.1,8.05,83269,3/1/2023,2715,Thursday
6,3/16/2023,41033,4122,36135,776,38571,1186,1193,83,USW00094728,2.8,0,0,15,1.1,8.05,83269,3/1/2023,2715,Thursday
7,3/16/2023,83473,14989,65926,2558,67394,6611,8961,507,USW00094728,2.8,0,0,15,1.1,8.05,83269,3/1/2023,2715,Thursday
9,3/16/2023,56437,9073,45609,1755,56086,181,14,156,USW00094728,2.8,0,0,15,1.1,8.05,83269,3/1/2023,2715,Thursday
1,9/16/2022,41630,8473,31359,1798,40187,1304,5,134,USW00094728,0.9,0,0,23.9,13.9,18.9,81574,9/1/2022,2666,Friday
2,9/16/2022,58462,3302,47701,7459,49609,3113,606,5134,USW00094728,0.9,0,0,23.9,13.9,18.9,81574,9/1/2022,2666,Friday
4,9/16/2022,10493,1415,8560,518,9840,366,235,52,USW00094728,0.9,0,0,23.9,13.9,18.9,81574,9/1/2022,2666,Friday
5,9/16/2022,52198,6981,42794,2423,45847,2752,3203,396,USW00094728,0.9,0,0,23.9,13.9,18.9,81574,9/1/2022,2666,Friday
6,9/16/2022,41812,4216,36285,1311,39132,1389,1205,86,USW00094728,0.9,0,0,23.9,13.9,18.9,81574,9/1/2022,2666,Friday
7,9/16/2022,84847,15431,65389,4027,70271,6392,7655,529,USW00094728,0.9,0,0,23.9,13.9,18.9,81574,9/1/2022,2666,Friday
9,9/16/2022,60659,10045,47524,3090,60234,209,28,188,USW00094728,0.9,0,0,23.9,13.9,18.9,81574,9/1/2022,2666,Friday
1,10/28/2022,41198,7666,31788,1744,39763,1308,3,124,USW00094728,2.5,0,0,13.3,7.2,10.25,80974,10/1/2022,2683,Friday
1,10/24/2022,38994,6666,30479,1849,37548,1302,2,142,USW00094728,3.4,13.2,0,16.1,12.8,14.45,80974,10/1/2022,2683,Monday
2,10/28/2022,56160,2976,46588,6596,47303,3057,614,5186,USW00094728,2.5,0,0,13.3,7.2,10.25,80974,10/1/2022,2683,Friday
2,10/24/2022,54474,2471,45620,6383,45967,2870,542,5095,USW00094728,3.4,13.2,0,16.1,12.8,14.45,80974,10/1/2022,2683,Monday
4,10/28/2022,12093,1651,9855,587,11239,496,302,56,USW00094728,2.5,0,0,13.3,7.2,10.25,80974,10/1/2022,2683,Friday
4,10/24/2022,10638,1306,8807,525,9791,453,345,49,USW00094728,3.4,13.2,0,16.1,12.8,14.45,80974,10/1/2022,2683,Monday
5,10/28/2022,50035,7004,40747,2284,44125,2638,2943,329,USW00094728,2.5,0,0,13.3,7.2,10.25,80974,10/1/2022,2683,Friday
5,10/24/2022,44863,5332,37406,2125,39111,2533,2817,402,USW00094728,3.4,13.2,0,16.1,12.8,14.45,80974,10/1/2022,2683,Monday
6,10/28/2022,41771,4297,36200,1274,38979,1460,1251,81,USW00094728,2.5,0,0,13.3,7.2,10.25,80974,10/1/2022,2683,Friday
6,10/24/2022,38953,3644,34071,1238,36336,1361,1175,81,USW00094728,3.4,13.2,0,16.1,12.8,14.45,80974,10/1/2022,2683,Monday
7,10/28/2022,87014,15859,66782,4373,71706,6599,8156,553,USW00094728,2.5,0,0,13.3,7.2,10.25,80974,10/1/2022,2683,Friday
7,10/24/2022,79751,13227,62561,3963,64962,6202,8084,503,USW00094728,3.4,13.2,0,16.1,12.8,14.45,80974,10/1/2022,2683,Monday
9,10/28/2022,60626,9540,47939,3147,60243,168,12,203,USW00094728,2.5,0,0,13.3,7.2,10.25,80974,10/1/2022,2683,Friday
9,10/24/2022,52704,7653,42296,2755,52390,165,14,135,USW00094728,3.4,13.2,0,16.1,12.8,14.45,80974,10/1/2022,2683,Monday
1,2/10/2023,43545,8048,33685,1812,42103,1334,5,103,USW00094728,3.8,0,0,16.1,7.2,11.65,80689,2/1/2023,2738,Friday
1,2/9/2023,42432,6934,33779,1719,40950,1325,4,153,USW00094728,1.6,0,0,12.8,5.6,9.2,80689,2/1/2023,2738,Thursday
2,2/10/2023,54646,7476,45292,1878,45801,3104,644,5097,USW00094728,3.8,0,0,16.1,7.2,11.65,80689,2/1/2023,2738,Friday
2,2/9/2023,53678,6414,45501,1763,44930,3111,548,5089,USW00094728,1.6,0,0,12.8,5.6,9.2,80689,2/1/2023,2738,Thursday
4,2/10/2023,11713,1571,9680,462,10979,427,256,51,USW00094728,3.8,0,0,16.1,7.2,11.65,80689,2/1/2023,2738,Friday
4,2/9/2023,9717,1118,8217,382,9027,385,253,52,USW00094728,1.6,0,0,12.8,5.6,9.2,80689,2/1/2023,2738,Thursday
5,2/10/2023,47805,6300,39328,2177,42246,2442,2671,446,USW00094728,3.8,0,0,16.1,7.2,11.65,80689,2/1/2023,2738,Friday
5,2/9/2023,46510,5483,39021,2006,40493,2743,2839,435,USW00094728,1.6,0,0,12.8,5.6,9.2,80689,2/1/2023,2738,Thursday
6,2/10/2023,39054,3892,34057,1105,36722,1186,1086,60,USW00094728,3.8,0,0,16.1,7.2,11.65,80689,2/1/2023,2738,Friday
6,2/9/2023,38376,3573,33748,1055,35711,1437,1169,59,USW00094728,1.6,0,0,12.8,5.6,9.2,80689,2/1/2023,2738,Thursday
7,2/10/2023,73525,12903,57179,3443,59717,5849,7486,473,USW00094728,3.8,0,0,16.1,7.2,11.65,80689,2/1/2023,2738,Friday
7,2/9/2023,81565,13128,64557,3880,66396,6210,8466,493,USW00094728,1.6,0,0,12.8,5.6,9.2,80689,2/1/2023,2738,Thursday
9,2/10/2023,57564,8857,45825,2882,57195,155,11,203,USW00094728,3.8,0,0,16.1,7.2,11.65,80689,2/1/2023,2738,Friday
9,2/9/2023,49754,6470,41010,2274,49444,156,8,146,USW00094728,1.6,0,0,12.8,5.6,9.2,80689,2/1/2023,2738,Thursday
1,12/16/2022,41033,7174,32147,1712,39656,1253,2,122,USW00094728,5,21.6,0,6.7,3.3,5,79636,12/1/2022,2656,Friday
2,12/16/2022,58084,7528,48425,2131,49358,3220,554,4952,USW00094728,5,21.6,0,6.7,3.3,5,79636,12/1/2022,2656,Friday
4,12/16/2022,10823,1412,8931,480,10123,406,244,50,USW00094728,5,21.6,0,6.7,3.3,5,79636,12/1/2022,2656,Friday
5,12/16/2022,49648,6864,40494,2290,44185,2600,2448,415,USW00094728,5,21.6,0,6.7,3.3,5,79636,12/1/2022,2656,Friday
6,12/16/2022,39515,3929,34359,1227,36876,1319,1236,84,USW00094728,5,21.6,0,6.7,3.3,5,79636,12/1/2022,2656,Friday
7,12/16/2022,74313,13590,57144,3579,60054,6133,7643,483,USW00094728,5,21.6,0,6.7,3.3,5,79636,12/1/2022,2656,Friday
9,12/16/2022,60473,9142,48152,3179,59990,319,15,149,USW00094728,5,21.6,0,6.7,3.3,5,79636,12/1/2022,2656,Friday
1,1/16/2023,40909,7090,32071,1748,39749,1052,7,101,USW00094728,3.4,0,0,8.9,-2.1,3.4,79625,1/1/2023,2677,Monday
2,1/16/2023,48483,6748,39836,1899,41904,2258,410,3911,USW00094728,3.4,0,0,8.9,-2.1,3.4,79625,1/1/2023,2677,Monday
4,1/16/2023,9813,1172,8149,492,9342,275,164,32,USW00094728,3.4,0,0,8.9,-2.1,3.4,79625,1/1/2023,2677,Monday
5,1/16/2023,46122,5522,38609,1991,42141,2103,1567,311,USW00094728,3.4,0,0,8.9,-2.1,3.4,79625,1/1/2023,2677,Monday
6,1/16/2023,40749,3959,35577,1213,38650,1141,888,70,USW00094728,3.4,0,0,8.9,-2.1,3.4,79625,1/1/2023,2677,Monday
7,1/16/2023,80889,13476,63570,3843,68727,4946,6838,378,USW00094728,3.4,0,0,8.9,-2.1,3.4,79625,1/1/2023,2677,Monday
9,1/16/2023,59713,9194,47506,3013,59514,108,7,84,USW00094728,3.4,0,0,8.9,-2.1,3.4,79625,1/1/2023,2677,Monday
1,9/28/2022,41273,7376,32210,1687,39700,1427,1,145,USW00094728,1.8,0,0,20.6,11.7,16.15,79263,9/1/2022,2678,Wednesday
2,9/28/2022,55839,2451,47073,6315,46900,3079,675,5185,USW00094728,1.8,0,0,20.6,11.7,16.15,79263,9/1/2022,2678,Wednesday
4,9/28/2022,11486,1463,9498,525,10595,474,370,47,USW00094728,1.8,0,0,20.6,11.7,16.15,79263,9/1/2022,2678,Wednesday
5,9/28/2022,46515,5613,38816,2086,40006,2868,3237,404,USW00094728,1.8,0,0,20.6,11.7,16.15,79263,9/1/2022,2678,Wednesday
6,9/28/2022,40298,3885,35134,1279,37501,1382,1328,87,USW00094728,1.8,0,0,20.6,11.7,16.15,79263,9/1/2022,2678,Wednesday
7,9/28/2022,73295,12306,57609,3380,57481,6514,8826,474,USW00094728,1.8,0,0,20.6,11.7,16.15,79263,9/1/2022,2678,Wednesday
9,9/28/2022,62039,9492,49517,3030,61609,230,12,188,USW00094728,1.8,0,0,20.6,11.7,16.15,79263,9/1/2022,2678,Wednesday
1,11/16/2022,41226,6855,32628,1743,39673,1396,2,155,USW00094728,3.6,7.1,0,10,3.9,6.95,78620,11/1/2022,2674,Wednesday
2,11/16/2022,57445,2676,48427,6342,48477,3239,596,5133,USW00094728,3.6,7.1,0,10,3.9,6.95,78620,11/1/2022,2674,Wednesday
4,11/16/2022,10593,1239,8848,506,9820,437,270,66,USW00094728,3.6,7.1,0,10,3.9,6.95,78620,11/1/2022,2674,Wednesday
5,11/16/2022,48515,5735,40659,2121,42001,2962,3159,393,USW00094728,3.6,7.1,0,10,3.9,6.95,78620,11/1/2022,2674,Wednesday
6,11/16/2022,38605,3507,33967,1131,35854,1440,1214,97,USW00094728,3.6,7.1,0,10,3.9,6.95,78620,11/1/2022,2674,Wednesday
7,11/16/2022,76144,11959,60612,3573,60098,6503,9051,492,USW00094728,3.6,7.1,0,10,3.9,6.95,78620,11/1/2022,2674,Wednesday
9,11/16/2022,53576,7152,43796,2628,53183,186,20,187,USW00094728,3.6,7.1,0,10,3.9,6.95,78620,11/1/2022,2674,Wednesday
1,11/28/2022,41569,7127,32487,1955,40075,1341,2,151,USW00094728,3.3,0,0,12.2,5,8.6,78424,11/1/2022,2698,Monday
2,11/28/2022,52790,2433,44196,6161,44343,2795,445,5207,USW00094728,3.3,0,0,12.2,5,8.6,78424,11/1/2022,2698,Monday
4,11/28/2022,10185,1239,8468,478,9391,440,306,48,USW00094728,3.3,0,0,12.2,5,8.6,78424,11/1/2022,2698,Monday
5,11/28/2022,50350,6237,41741,2372,44054,2819,3079,398,USW00094728,3.3,0,0,12.2,5,8.6,78424,11/1/2022,2698,Monday
6,11/28/2022,38991,3656,34057,1278,36248,1441,1221,81,USW00094728,3.3,0,0,12.2,5,8.6,78424,11/1/2022,2698,Monday
7,11/28/2022,82025,13881,64036,4108,67448,5996,8082,499,USW00094728,3.3,0,0,12.2,5,8.6,78424,11/1/2022,2698,Monday
9,11/28/2022,53193,7335,43029,2829,52855,172,9,157,USW00094728,3.3,0,0,12.2,5,8.6,78424,11/1/2022,2698,Monday
1,1/24/2023,37432,6161,29561,1710,36000,1320,3,109,USW00094728,3.1,0,0,7.8,1.7,4.75,76450.4,1/1/2023,2702,Tuesday
2,1/24/2023,51858,6192,43767,1899,43134,3111,544,5069,USW00094728,3.1,0,0,7.8,1.7,4.75,76450.4,1/1/2023,2702,Tuesday
4,1/24/2023,10422,1208,8765,449,9612,433,324,53,USW00094728,3.1,0,0,7.8,1.7,4.75,76450.4,1/1/2023,2702,Tuesday
5,1/24/2023,46698,5385,39234,2079,40646,2557,3063,432,USW00094728,3.1,0,0,7.8,1.7,4.75,76450.4,1/1/2023,2702,Tuesday
6,1/24/2023,36979,3298,32593,1088,34429,1274,1205,71,USW00094728,3.1,0,0,7.8,1.7,4.75,76450.4,1/1/2023,2702,Tuesday
7,1/24/2023,77340,12063,61442,3835,62231,6116,8517,476,USW00094728,3.1,0,0,7.8,1.7,4.75,76450.4,1/1/2023,2702,Tuesday
9,1/24/2023,53246,7173,43419,2654,52922,174,12,138,USW00094728,3.1,0,0,7.8,1.7,4.75,76450.4,1/1/2023,2702,Tuesday
1,7/28/2022,40093,7756,30555,1782,38598,1341,0,154,USW00094728,1.7,0.5,0,30.6,22.8,26.7,75619,7/1/2022,2652,Thursday
2,7/28/2022,57043,3135,47139,6769,48328,2960,625,5130,USW00094728,1.7,0.5,0,30.6,22.8,26.7,75619,7/1/2022,2652,Thursday
4,7/28/2022,11098,1455,9079,564,10250,469,327,52,USW00094728,1.7,0.5,0,30.6,22.8,26.7,75619,7/1/2022,2652,Thursday
5,7/28/2022,52769,6630,43766,2373,46372,2921,3043,433,USW00094728,1.7,0.5,0,30.6,22.8,26.7,75619,7/1/2022,2652,Thursday
6,7/28/2022,41373,4111,36007,1255,38478,1433,1361,101,USW00094728,1.7,0.5,0,30.6,22.8,26.7,75619,7/1/2022,2652,Thursday
7,7/28/2022,79824,14224,61946,3654,63672,6799,8767,586,USW00094728,1.7,0.5,0,30.6,22.8,26.7,75619,7/1/2022,2652,Thursday
9,7/28/2022,66291,10700,52333,3258,65816,236,31,208,USW00094728,1.7,0.5,0,30.6,22.8,26.7,75619,7/1/2022,2652,Thursday
1,8/16/2022,40033,7586,30669,1778,38630,1268,1,134,USW00094728,2.5,0,0,28.3,18.9,23.6,73844,8/1/2022,2654,Tuesday
2,8/16/2022,53623,2865,44266,6492,45023,2874,599,5127,USW00094728,2.5,0,0,28.3,18.9,23.6,73844,8/1/2022,2654,Tuesday
4,8/16/2022,10327,1380,8461,486,9559,432,292,44,USW00094728,2.5,0,0,28.3,18.9,23.6,73844,8/1/2022,2654,Tuesday
5,8/16/2022,49498,5920,41314,2264,43132,2832,3084,450,USW00094728,2.5,0,0,28.3,18.9,23.6,73844,8/1/2022,2654,Tuesday
6,8/16/2022,41704,3930,36428,1346,38955,1373,1277,99,USW00094728,2.5,0,0,28.3,18.9,23.6,73844,8/1/2022,2654,Tuesday
7,8/16/2022,81581,13809,63983,3789,65692,6660,8672,557,USW00094728,2.5,0,0,28.3,18.9,23.6,73844,8/1/2022,2654,Tuesday
9,8/16/2022,63912,10550,50173,3189,63476,217,36,183,USW00094728,2.5,0,0,28.3,18.9,23.6,73844,8/1/2022,2654,Tuesday
1,6/28/2022,41891,9290,30990,1611,40403,1342,3,143,USW00094728,1.1,0,0,26.1,18.9,22.5,73801,6/1/2022,2630,Tuesday
2,6/28/2022,56738,3000,46761,6977,48007,2968,651,5112,USW00094728,1.1,0,0,26.1,18.9,22.5,73801,6/1/2022,2630,Tuesday
4,6/28/2022,11484,1482,9414,588,10585,529,322,48,USW00094728,1.1,0,0,26.1,18.9,22.5,73801,6/1/2022,2630,Tuesday
5,6/28/2022,51262,6306,42651,2305,44475,2995,3390,402,USW00094728,1.1,0,0,26.1,18.9,22.5,73801,6/1/2022,2630,Tuesday
6,6/28/2022,42809,4172,37305,1332,39930,1377,1420,82,USW00094728,1.1,0,0,26.1,18.9,22.5,73801,6/1/2022,2630,Tuesday
7,6/28/2022,58272,5750,43421,9101,44294,5500,7855,623,USW00094728,1.1,0,0,26.1,18.9,22.5,73801,6/1/2022,2630,Tuesday
8,6/28/2022,18060,0,15178,2882,17857,43,0,160,USW00094728,1.1,0,0,26.1,18.9,22.5,73801,6/1/2022,2630,Tuesday
9,6/28/2022,64735,0,52644,12091,64170,280,27,258,USW00094728,1.1,0,0,26.1,18.9,22.5,73801,6/1/2022,2630,Tuesday
1,6/16/2022,43292,9213,32315,1764,41753,1361,3,175,USW00094728,1.5,8.1,0,21.7,16.1,18.9,73707,6/1/2022,2605,Thursday
2,6/16/2022,58063,2848,47995,7220,49530,2900,623,5010,USW00094728,1.5,8.1,0,21.7,16.1,18.9,73707,6/1/2022,2605,Thursday
4,6/16/2022,11342,1379,9396,567,10392,531,359,60,USW00094728,1.5,8.1,0,21.7,16.1,18.9,73707,6/1/2022,2605,Thursday
5,6/16/2022,53231,6561,44395,2275,46450,2971,3369,441,USW00094728,1.5,8.1,0,21.7,16.1,18.9,73707,6/1/2022,2605,Thursday
6,6/16/2022,42257,3978,37117,1162,39533,1245,1386,93,USW00094728,1.5,8.1,0,21.7,16.1,18.9,73707,6/1/2022,2605,Thursday
7,6/16/2022,64351,5949,48332,10070,50566,5369,7818,598,USW00094728,1.5,8.1,0,21.7,16.1,18.9,73707,6/1/2022,2605,Thursday
8,6/16/2022,19127,0,16162,2965,19026,40,2,59,USW00094728,1.5,8.1,0,21.7,16.1,18.9,73707,6/1/2022,2605,Thursday
9,6/16/2022,58994,1,48925,10068,58462,242,17,273,USW00094728,1.5,8.1,0,21.7,16.1,18.9,73707,6/1/2022,2605,Thursday
1,12/28/2023,42658,9425,31633,1600,41071,1448,18,121,USW00094728,3.1,31,0,12.8,9.4,11.1,73177,12/1/2023,2843,Thursday
2,12/28/2023,50515,8227,40693,1595,41920,2824,493,5278,USW00094728,3.1,31,0,12.8,9.4,11.1,73177,12/1/2023,2843,Thursday
4,12/28/2023,11908,1789,9714,405,11212,419,221,56,USW00094728,3.1,31,0,12.8,9.4,11.1,73177,12/1/2023,2843,Thursday
5,12/28/2023,47984,7394,39015,1575,42441,2609,2530,404,USW00094728,3.1,31,0,12.8,9.4,11.1,73177,12/1/2023,2843,Thursday
6,12/28/2023,42790,4669,37073,1048,40514,1141,1076,59,USW00094728,3.1,31,0,12.8,9.4,11.1,73177,12/1/2023,2843,Thursday
7,12/28/2023,78035,15378,60111,2546,63280,5774,8523,458,USW00094728,3.1,31,0,12.8,9.4,11.1,73177,12/1/2023,2843,Thursday
9,12/28/2023,64870,11720,50578,2572,64437,174,16,243,USW00094728,3.1,31,0,12.8,9.4,11.1,73177,12/1/2023,2843,Thursday
1,6/24/2022,42696,10201,30690,1805,41265,1301,2,128,USW00094728,1.3,0,0,27.2,17.2,22.2,73009,6/1/2022,2616,Friday
2,6/24/2022,58704,3684,47583,7437,50070,2930,659,5045,USW00094728,1.3,0,0,27.2,17.2,22.2,73009,6/1/2022,2616,Friday
4,6/24/2022,14771,2078,11996,697,13894,475,342,60,USW00094728,1.3,0,0,27.2,17.2,22.2,73009,6/1/2022,2616,Friday
5,6/24/2022,49819,7141,40378,2300,44038,2607,2812,362,USW00094728,1.3,0,0,27.2,17.2,22.2,73009,6/1/2022,2616,Friday
6,6/24/2022,45897,4996,39523,1378,43261,1219,1305,112,USW00094728,1.3,0,0,27.2,17.2,22.2,73009,6/1/2022,2616,Friday
7,6/24/2022,68961,8016,50626,10319,55817,5212,7279,653,USW00094728,1.3,0,0,27.2,17.2,22.2,73009,6/1/2022,2616,Friday
8,6/24/2022,18210,0,15033,3177,18099,38,1,72,USW00094728,1.3,0,0,27.2,17.2,22.2,73009,6/1/2022,2616,Friday
9,6/24/2022,67698,1,54040,13657,67116,261,44,277,USW00094728,1.3,0,0,27.2,17.2,22.2,73009,6/1/2022,2616,Friday
1,8/24/2022,41248,7936,31544,1768,39819,1278,3,148,USW00094728,1.7,0,0,32.2,21.7,26.95,72565,8/1/2022,2658,Wednesday
2,8/24/2022,56491,2881,46460,7150,48014,2923,587,4967,USW00094728,1.7,0,0,32.2,21.7,26.95,72565,8/1/2022,2658,Wednesday
4,8/24/2022,10621,1376,8745,500,9749,471,355,46,USW00094728,1.7,0,0,32.2,21.7,26.95,72565,8/1/2022,2658,Wednesday
5,8/24/2022,52835,6453,44019,2363,46255,2947,3190,443,USW00094728,1.7,0,0,32.2,21.7,26.95,72565,8/1/2022,2658,Wednesday
6,8/24/2022,41462,3946,36243,1273,38775,1322,1272,93,USW00094728,1.7,0,0,32.2,21.7,26.95,72565,8/1/2022,2658,Wednesday
7,8/24/2022,87361,15227,68003,4131,71382,6731,8755,493,USW00094728,1.7,0,0,32.2,21.7,26.95,72565,8/1/2022,2658,Wednesday
9,8/24/2022,57282,8462,46160,2660,56957,170,17,138,USW00094728,1.7,0,0,32.2,21.7,26.95,72565,8/1/2022,2658,Wednesday
1,5/16/2022,39152,7797,29718,1637,37783,1233,3,133,USW00094728,2.2,3,0,23.9,16.1,20,71224,5/1/2022,2586,Monday
2,5/16/2022,55137,2819,46260,6058,46833,2723,549,5032,USW00094728,2.2,3,0,23.9,16.1,20,71224,5/1/2022,2586,Monday
4,5/16/2022,9684,1166,8060,458,8925,434,261,64,USW00094728,2.2,3,0,23.9,16.1,20,71224,5/1/2022,2586,Monday
5,5/16/2022,49709,5946,41450,2313,43673,2601,3014,421,USW00094728,2.2,3,0,23.9,16.1,20,71224,5/1/2022,2586,Monday
6,5/16/2022,36368,3380,31824,1164,34143,1050,1095,80,USW00094728,2.2,3,0,23.9,16.1,20,71224,5/1/2022,2586,Monday
7,5/16/2022,57858,6137,43212,8509,44482,5093,7689,594,USW00094728,2.2,3,0,23.9,16.1,20,71224,5/1/2022,2586,Monday
8,5/16/2022,16571,0,14153,2418,16495,26,1,49,USW00094728,2.2,3,0,23.9,16.1,20,71224,5/1/2022,2586,Monday
9,5/16/2022,60972,0,49395,11577,60438,248,23,263,USW00094728,2.2,3,0,23.9,16.1,20,71224,5/1/2022,2586,Monday
8,7/8/2022,16467,0,13553,2914,16292,34,2,139,USW00094728,0.6,6.1,0,28.3,20,24.15,70974,7/1/2022,2641,Friday
1,5/24/2022,40508,8243,30630,1635,39042,1324,0,142,USW00094728,2.1,0,0,19.4,13.9,16.65,70002,5/1/2022,2601,Tuesday
2,5/24/2022,55749,2718,47018,6013,47195,2865,635,5054,USW00094728,2.1,0,0,19.4,13.9,16.65,70002,5/1/2022,2601,Tuesday
4,5/24/2022,10304,1184,8635,485,9446,495,313,50,USW00094728,2.1,0,0,19.4,13.9,16.65,70002,5/1/2022,2601,Tuesday
5,5/24/2022,50221,5879,42194,2148,43373,2976,3436,436,USW00094728,2.1,0,0,19.4,13.9,16.65,70002,5/1/2022,2601,Tuesday
6,5/24/2022,38868,3526,34267,1075,36225,1177,1371,95,USW00094728,2.1,0,0,19.4,13.9,16.65,70002,5/1/2022,2601,Tuesday
7,5/24/2022,66050,6204,49924,9922,51620,5440,8383,607,USW00094728,2.1,0,0,19.4,13.9,16.65,70002,5/1/2022,2601,Tuesday
8,5/24/2022,18530,0,15752,2778,18418,29,0,83,USW00094728,2.1,0,0,19.4,13.9,16.65,70002,5/1/2022,2601,Tuesday
9,5/24/2022,54518,0,45245,9273,54016,220,20,262,USW00094728,2.1,0,0,19.4,13.9,16.65,70002,5/1/2022,2601,Tuesday
1,4/28/2022,41504,8188,31778,1538,39996,1362,3,143,USW00094728,4.6,0,0,14.4,4.4,9.4,68097,4/1/2022,2598,Thursday
2,4/28/2022,58655,2854,49764,6037,50124,2876,621,5034,USW00094728,4.6,0,0,14.4,4.4,9.4,68097,4/1/2022,2598,Thursday
4,4/28/2022,10834,1212,9155,467,9983,471,324,56,USW00094728,4.6,0,0,14.4,4.4,9.4,68097,4/1/2022,2598,Thursday
5,4/28/2022,49778,5826,41853,2099,43472,2859,3052,395,USW00094728,4.6,0,0,14.4,4.4,9.4,68097,4/1/2022,2598,Thursday
6,4/28/2022,39956,3579,35286,1091,37268,1284,1308,96,USW00094728,4.6,0,0,14.4,4.4,9.4,68097,4/1/2022,2598,Thursday
7,4/28/2022,63654,6085,48529,9040,49126,5349,8552,627,USW00094728,4.6,0,0,14.4,4.4,9.4,68097,4/1/2022,2598,Thursday
8,4/28/2022,17477,0,14854,2623,17381,26,2,68,USW00094728,4.6,0,0,14.4,4.4,9.4,68097,4/1/2022,2598,Thursday
9,4/28/2022,57269,0,47504,9765,56703,265,27,274,USW00094728,4.6,0,0,14.4,4.4,9.4,68097,4/1/2022,2598,Thursday
1,12/28/2022,44690,8524,34226,1940,43190,1374,7,119,USW00094728,2.3,0,0,8.3,0.6,4.45,67812,12/1/2022,2623,Wednesday
2,12/28/2022,54699,8153,44675,1871,46005,3253,575,4866,USW00094728,2.3,0,0,8.3,0.6,4.45,67812,12/1/2022,2623,Wednesday
4,12/28/2022,12066,1666,9850,550,11248,436,321,61,USW00094728,2.3,0,0,8.3,0.6,4.45,67812,12/1/2022,2623,Wednesday
5,12/28/2022,51943,7100,42585,2258,45199,2967,3356,421,USW00094728,2.3,0,0,8.3,0.6,4.45,67812,12/1/2022,2623,Wednesday
6,12/28/2022,43484,4465,37676,1343,40962,1222,1211,89,USW00094728,2.3,0,0,8.3,0.6,4.45,67812,12/1/2022,2623,Wednesday
7,12/28/2022,64169,12288,48961,2920,53170,4846,5765,388,USW00094728,2.3,0,0,8.3,0.6,4.45,67812,12/1/2022,2623,Wednesday
9,12/28/2022,68454,11207,53895,3352,67963,241,24,226,USW00094728,2.3,0,0,8.3,0.6,4.45,67812,12/1/2022,2623,Wednesday
1,3/16/2022,40796,8073,31122,1601,39384,1274,3,135,USW00094728,2,0,0,19.4,8.9,14.15,66386,3/1/2022,2596,Wednesday
2,3/16/2022,55673,2814,47336,5523,47430,2669,602,4972,USW00094728,2,0,0,19.4,8.9,14.15,66386,3/1/2022,2596,Wednesday
4,3/16/2022,10449,1216,8778,455,9581,536,279,53,USW00094728,2,0,0,19.4,8.9,14.15,66386,3/1/2022,2596,Wednesday
5,3/16/2022,47342,5527,39876,1939,41090,2870,2963,419,USW00094728,2,0,0,19.4,8.9,14.15,66386,3/1/2022,2596,Wednesday
6,3/16/2022,38090,3403,33649,1038,35605,1084,1310,91,USW00094728,2,0,0,19.4,8.9,14.15,66386,3/1/2022,2596,Wednesday
7,3/16/2022,61633,6165,46641,8827,47679,5237,8113,604,USW00094728,2,0,0,19.4,8.9,14.15,66386,3/1/2022,2596,Wednesday
8,3/16/2022,17064,0,14662,2402,16991,18,0,55,USW00094728,2,0,0,19.4,8.9,14.15,66386,3/1/2022,2596,Wednesday
9,3/16/2022,53016,0,44339,8677,52523,230,21,242,USW00094728,2,0,0,19.4,8.9,14.15,66386,3/1/2022,2596,Wednesday
1,3/28/2022,38452,7279,29527,1646,37018,1285,4,145,USW00094728,5.5,0,0,0.6,-4.9,-2.15,65991,3/1/2022,2581,Monday
2,3/28/2022,53544,2837,45222,5485,45322,2713,514,4995,USW00094728,5.5,0,0,0.6,-4.9,-2.15,65991,3/1/2022,2581,Monday
4,3/28/2022,9824,1109,8230,485,8932,466,369,57,USW00094728,5.5,0,0,0.6,-4.9,-2.15,65991,3/1/2022,2581,Monday
5,3/28/2022,47536,5553,39763,2220,41706,2703,2706,421,USW00094728,5.5,0,0,0.6,-4.9,-2.15,65991,3/1/2022,2581,Monday
6,3/28/2022,36590,3292,32223,1075,34312,1005,1198,75,USW00094728,5.5,0,0,0.6,-4.9,-2.15,65991,3/1/2022,2581,Monday
7,3/28/2022,56477,5809,42351,8317,43808,4705,7406,558,USW00094728,5.5,0,0,0.6,-4.9,-2.15,65991,3/1/2022,2581,Monday
8,3/28/2022,16011,0,13697,2314,15927,22,3,59,USW00094728,5.5,0,0,0.6,-4.9,-2.15,65991,3/1/2022,2581,Monday
9,3/28/2022,53343,0,43959,9384,52813,244,31,255,USW00094728,5.5,0,0,0.6,-4.9,-2.15,65991,3/1/2022,2581,Monday
1,3/24/2022,40548,7556,31496,1496,39124,1288,3,133,USW00094728,5.1,23.6,0,8.3,3.3,5.8,65959,3/1/2022,2600,Thursday
2,3/24/2022,54486,2624,46449,5413,46266,2634,593,4993,USW00094728,5.1,23.6,0,8.3,3.3,5.8,65959,3/1/2022,2600,Thursday
4,3/24/2022,10672,1184,9018,470,9751,445,419,57,USW00094728,5.1,23.6,0,8.3,3.3,5.8,65959,3/1/2022,2600,Thursday
5,3/24/2022,43484,5099,36620,1765,37088,2755,3243,398,USW00094728,5.1,23.6,0,8.3,3.3,5.8,65959,3/1/2022,2600,Thursday
6,3/24/2022,38572,3488,34087,997,35932,1120,1419,101,USW00094728,5.1,23.6,0,8.3,3.3,5.8,65959,3/1/2022,2600,Thursday
7,3/24/2022,56717,5675,43178,7864,42530,5135,8457,595,USW00094728,5.1,23.6,0,8.3,3.3,5.8,65959,3/1/2022,2600,Thursday
8,3/24/2022,17543,0,15026,2517,17456,30,2,55,USW00094728,5.1,23.6,0,8.3,3.3,5.8,65959,3/1/2022,2600,Thursday
9,3/24/2022,58334,0,48402,9932,57778,271,23,262,USW00094728,5.1,23.6,0,8.3,3.3,5.8,65959,3/1/2022,2600,Thursday
1,11/16/2021,39069,7573,29969,1527,37587,1363,2,117,USW00094728,2.5,0,0,9.4,2.2,5.8,62952,11/1/2021,2589,Tuesday
2,11/16/2021,54767,2682,46606,5479,46338,2827,625,4977,USW00094728,2.5,0,0,9.4,2.2,5.8,62952,11/1/2021,2589,Tuesday
4,11/16/2021,10650,1184,8959,507,9761,512,328,49,USW00094728,2.5,0,0,9.4,2.2,5.8,62952,11/1/2021,2589,Tuesday
5,11/16/2021,47527,5352,40127,2048,41055,2849,3228,395,USW00094728,2.5,0,0,9.4,2.2,5.8,62952,11/1/2021,2589,Tuesday
6,11/16/2021,38290,3538,33618,1134,35599,1188,1411,92,USW00094728,2.5,0,0,9.4,2.2,5.8,62952,11/1/2021,2589,Tuesday
7,11/16/2021,56485,5823,42774,7888,42026,5367,8462,630,USW00094728,2.5,0,0,9.4,2.2,5.8,62952,11/1/2021,2589,Tuesday
8,11/16/2021,16640,0,14402,2238,16564,24,0,52,USW00094728,2.5,0,0,9.4,2.2,5.8,62952,11/1/2021,2589,Tuesday
9,11/16/2021,59472,0,49259,10213,58935,268,23,246,USW00094728,2.5,0,0,9.4,2.2,5.8,62952,11/1/2021,2589,Tuesday
1,10/28/2021,47513,15558,30384,1571,45916,1453,6,138,USW00094728,2.2,0,0,13.9,9.4,11.65,61213,10/1/2021,2561,Thursday
2,10/28/2021,58996,3222,49460,6314,50609,2767,601,5019,USW00094728,2.2,0,0,13.9,9.4,11.65,61213,10/1/2021,2561,Thursday
4,10/28/2021,11589,1443,9547,599,10764,424,358,43,USW00094728,2.2,0,0,13.9,9.4,11.65,61213,10/1/2021,2561,Thursday
5,10/28/2021,50983,6227,42554,2202,44210,3038,3323,412,USW00094728,2.2,0,0,13.9,9.4,11.65,61213,10/1/2021,2561,Thursday
6,10/28/2021,40483,3829,35346,1308,37716,1206,1467,94,USW00094728,2.2,0,0,13.9,9.4,11.65,61213,10/1/2021,2561,Thursday
7,10/28/2021,56230,6064,42024,8142,42252,5284,8093,601,USW00094728,2.2,0,0,13.9,9.4,11.65,61213,10/1/2021,2561,Thursday
8,10/28/2021,17304,0,14930,2374,17210,27,2,65,USW00094728,2.2,0,0,13.9,9.4,11.65,61213,10/1/2021,2561,Thursday
9,10/28/2021,63393,0,52236,11157,62775,284,29,305,USW00094728,2.2,0,0,13.9,9.4,11.65,61213,10/1/2021,2561,Thursday
1,12/16/2021,42534,8265,32680,1589,41062,1347,9,116,USW00094728,3.6,0,0,16.7,12.2,14.45,61137,12/1/2021,2617,Thursday
2,12/16/2021,58038,2937,49256,5845,49523,2834,611,5070,USW00094728,3.6,0,0,16.7,12.2,14.45,61137,12/1/2021,2617,Thursday
4,12/16/2021,11690,2618,8606,466,10849,464,307,70,USW00094728,3.6,0,0,16.7,12.2,14.45,61137,12/1/2021,2617,Thursday
5,12/16/2021,51750,6286,43293,2171,44763,3067,3521,399,USW00094728,3.6,0,0,16.7,12.2,14.45,61137,12/1/2021,2617,Thursday
6,12/16/2021,41156,3906,36089,1161,38312,1378,1361,105,USW00094728,3.6,0,0,16.7,12.2,14.45,61137,12/1/2021,2617,Thursday
7,12/16/2021,60437,6180,45622,8635,45839,5398,8605,595,USW00094728,3.6,0,0,16.7,12.2,14.45,61137,12/1/2021,2617,Thursday
8,12/16/2021,17676,0,15256,2420,17587,28,1,60,USW00094728,3.6,0,0,16.7,12.2,14.45,61137,12/1/2021,2617,Thursday
9,12/16/2021,58401,0,48617,9784,57849,268,24,260,USW00094728,3.6,0,0,16.7,12.2,14.45,61137,12/1/2021,2617,Thursday
1,9/28/2021,36799,7747,27734,1318,35259,1404,13,123,USW00094728,2.2,6.9,0,21.7,16.1,18.9,56404,9/1/2021,2578,Tuesday
2,9/28/2021,49778,2626,41858,5294,41794,2606,541,4837,USW00094728,2.2,6.9,0,21.7,16.1,18.9,56404,9/1/2021,2578,Tuesday
4,9/28/2021,9284,1112,7683,489,8547,429,264,44,USW00094728,2.2,6.9,0,21.7,16.1,18.9,56404,9/1/2021,2578,Tuesday
5,9/28/2021,43361,5492,36008,1861,37441,2625,2918,377,USW00094728,2.2,6.9,0,21.7,16.1,18.9,56404,9/1/2021,2578,Tuesday
6,9/28/2021,34573,3266,30302,1005,32012,1122,1370,69,USW00094728,2.2,6.9,0,21.7,16.1,18.9,56404,9/1/2021,2578,Tuesday
7,9/28/2021,49822,5738,37361,6723,35996,5218,8051,557,USW00094728,2.2,6.9,0,21.7,16.1,18.9,56404,9/1/2021,2578,Tuesday
8,9/28/2021,14029,0,12035,1994,13970,17,1,41,USW00094728,2.2,6.9,0,21.7,16.1,18.9,56404,9/1/2021,2578,Tuesday
9,9/28/2021,59196,0,48461,10735,58653,292,25,226,USW00094728,2.2,6.9,0,21.7,16.1,18.9,56404,9/1/2021,2578,Tuesday
1,9/24/2021,43262,10138,31565,1559,41717,1405,14,126,USW00094728,1.8,16.8,0,22.2,13.9,18.05,56204,9/1/2021,2567,Friday
2,9/24/2021,55889,3585,46346,5958,47891,2559,562,4877,USW00094728,1.8,16.8,0,22.2,13.9,18.05,56204,9/1/2021,2567,Friday
4,9/24/2021,11347,1578,9282,487,10617,389,291,50,USW00094728,1.8,16.8,0,22.2,13.9,18.05,56204,9/1/2021,2567,Friday
5,9/24/2021,52358,7235,43108,2015,46387,2560,3039,372,USW00094728,1.8,16.8,0,22.2,13.9,18.05,56204,9/1/2021,2567,Friday
6,9/24/2021,39435,4009,34401,1025,36846,1180,1339,70,USW00094728,1.8,16.8,0,22.2,13.9,18.05,56204,9/1/2021,2567,Friday
7,9/24/2021,59966,7555,44333,8078,46995,5058,7299,614,USW00094728,1.8,16.8,0,22.2,13.9,18.05,56204,9/1/2021,2567,Friday
8,9/24/2021,15977,0,13472,2505,15896,28,0,53,USW00094728,1.8,16.8,0,22.2,13.9,18.05,56204,9/1/2021,2567,Friday
9,9/24/2021,66398,0,53734,12664,65825,272,24,277,USW00094728,1.8,16.8,0,22.2,13.9,18.05,56204,9/1/2021,2567,Friday
1,9/16/2021,39766,8427,29959,1380,38425,1234,8,99,USW00094728,2.2,0,0,24.4,21.7,23.05,55607,9/1/2021,2548,Thursday
2,9/16/2021,50002,2979,41884,5139,42149,2440,542,4871,USW00094728,2.2,0,0,24.4,21.7,23.05,55607,9/1/2021,2548,Thursday
4,9/16/2021,10100,1328,8296,476,9374,386,301,39,USW00094728,2.2,0,0,24.4,21.7,23.05,55607,9/1/2021,2548,Thursday
5,9/16/2021,47120,6168,39063,1889,41222,2452,3075,371,USW00094728,2.2,0,0,24.4,21.7,23.05,55607,9/1/2021,2548,Thursday
6,9/16/2021,36703,3665,32101,937,34072,1153,1418,60,USW00094728,2.2,0,0,24.4,21.7,23.05,55607,9/1/2021,2548,Thursday
7,9/16/2021,55945,6544,41997,7404,41823,5099,8469,554,USW00094728,2.2,0,0,24.4,21.7,23.05,55607,9/1/2021,2548,Thursday
8,9/16/2021,14741,0,12432,2309,14689,20,2,30,USW00094728,2.2,0,0,24.4,21.7,23.05,55607,9/1/2021,2548,Thursday
9,9/16/2021,64283,0,52418,11865,63739,300,42,202,USW00094728,2.2,0,0,24.4,21.7,23.05,55607,9/1/2021,2548,Thursday
1,2/10/2022,39231,7542,30175,1514,37908,1211,4,108,USW00094728,2.3,0,0,12.2,2.8,7.5,55347,2/1/2022,2555,Thursday
1,2/9/2022,37965,7186,29360,1419,36591,1262,4,108,USW00094728,1.8,0,0,7.8,-1.6,3.1,55347,2/1/2022,2555,Wednesday
2,2/10/2022,54221,2615,45892,5714,46051,2685,542,4943,USW00094728,2.3,0,0,12.2,2.8,7.5,55347,2/1/2022,2555,Thursday
2,2/9/2022,51932,2454,44178,5300,43905,2566,561,4900,USW00094728,1.8,0,0,7.8,-1.6,3.1,55347,2/1/2022,2555,Wednesday
4,2/10/2022,10451,1183,8786,482,9656,431,309,55,USW00094728,2.3,0,0,12.2,2.8,7.5,55347,2/1/2022,2555,Thursday
4,2/9/2022,10014,1042,8532,440,9203,479,280,52,USW00094728,1.8,0,0,7.8,-1.6,3.1,55347,2/1/2022,2555,Wednesday
5,2/10/2022,46313,5436,38966,1911,40184,2761,3100,268,USW00094728,2.3,0,0,12.2,2.8,7.5,55347,2/1/2022,2555,Thursday
5,2/9/2022,46591,5149,39476,1966,40437,2654,3098,402,USW00094728,1.8,0,0,7.8,-1.6,3.1,55347,2/1/2022,2555,Wednesday
6,2/10/2022,37593,3172,33392,1029,35096,1163,1237,97,USW00094728,2.3,0,0,12.2,2.8,7.5,55347,2/1/2022,2555,Thursday
6,2/9/2022,36624,3091,32485,1048,34200,1130,1189,105,USW00094728,1.8,0,0,7.8,-1.6,3.1,55347,2/1/2022,2555,Wednesday
7,2/10/2022,61866,5897,47038,8931,47548,5464,8254,600,USW00094728,2.3,0,0,12.2,2.8,7.5,55347,2/1/2022,2555,Thursday
7,2/9/2022,59532,5674,45219,8639,45270,5311,8368,583,USW00094728,1.8,0,0,7.8,-1.6,3.1,55347,2/1/2022,2555,Wednesday
8,2/10/2022,16748,0,14412,2336,16665,22,2,59,USW00094728,2.3,0,0,12.2,2.8,7.5,55347,2/1/2022,2555,Thursday
8,2/9/2022,16646,0,14444,2202,16544,29,0,73,USW00094728,1.8,0,0,7.8,-1.6,3.1,55347,2/1/2022,2555,Wednesday
9,2/10/2022,51265,0,42785,8480,50743,248,23,251,USW00094728,2.3,0,0,12.2,2.8,7.5,55347,2/1/2022,2555,Thursday
9,2/9/2022,50156,0,41919,8237,49686,213,20,237,USW00094728,1.8,0,0,7.8,-1.6,3.1,55347,2/1/2022,2555,Wednesday
1,8/24/2021,40220,8998,29739,1483,38864,1257,6,93,USW00094728,1.3,0,0,31.7,22.2,26.95,50786,8/1/2021,2550,Tuesday
2,8/24/2021,53871,3566,44444,5861,45836,2616,595,4824,USW00094728,1.3,0,0,31.7,22.2,26.95,50786,8/1/2021,2550,Tuesday
4,8/24/2021,10599,1325,8758,516,9850,407,293,49,USW00094728,1.3,0,0,31.7,22.2,26.95,50786,8/1/2021,2550,Tuesday
5,8/24/2021,50561,6553,41951,2057,44726,2743,2708,384,USW00094728,1.3,0,0,31.7,22.2,26.95,50786,8/1/2021,2550,Tuesday
6,8/24/2021,43390,4261,37970,1159,40722,1240,1343,85,USW00094728,1.3,0,0,31.7,22.2,26.95,50786,8/1/2021,2550,Tuesday
7,8/24/2021,65712,7717,49054,8941,51841,5311,7952,608,USW00094728,1.3,0,0,31.7,22.2,26.95,50786,8/1/2021,2550,Tuesday
8,8/24/2021,17871,0,15291,2580,17825,24,1,21,USW00094728,1.3,0,0,31.7,22.2,26.95,50786,8/1/2021,2550,Tuesday
9,8/24/2021,61048,0,49783,11265,60592,237,23,196,USW00094728,1.3,0,0,31.7,22.2,26.95,50786,8/1/2021,2550,Tuesday
1,7/16/2021,40255,11593,27310,1352,38960,1112,1,182,USW00094728,1.3,0,0,32.8,26.1,29.45,50581,7/1/2021,2537,Friday
2,7/16/2021,52620,4348,42381,5891,44714,2450,620,4836,USW00094728,1.3,0,0,32.8,26.1,29.45,50581,7/1/2021,2537,Friday
4,7/16/2021,11780,1707,9577,496,11091,404,236,49,USW00094728,1.3,0,0,32.8,26.1,29.45,50581,7/1/2021,2537,Friday
5,7/16/2021,52244,8047,42119,2078,46258,2757,2799,430,USW00094728,1.3,0,0,32.8,26.1,29.45,50581,7/1/2021,2537,Friday
6,7/16/2021,43582,5015,37443,1124,41006,1118,1351,107,USW00094728,1.3,0,0,32.8,26.1,29.45,50581,7/1/2021,2537,Friday
7,7/16/2021,72338,10017,52375,9946,59565,4988,7155,630,USW00094728,1.3,0,0,32.8,26.1,29.45,50581,7/1/2021,2537,Friday
8,7/16/2021,18177,0,15040,3137,17973,53,2,149,USW00094728,1.3,0,0,32.8,26.1,29.45,50581,7/1/2021,2537,Friday
9,7/16/2021,64215,0,51851,12364,63706,244,15,250,USW00094728,1.3,0,0,32.8,26.1,29.45,50581,7/1/2021,2537,Friday
1,8/16/2021,40478,9877,29131,1470,39133,1218,3,124,USW00094728,1.3,0,0,28.3,20.6,24.45,50244,8/1/2021,2551,Monday
2,8/16/2021,49972,3486,41070,5416,42217,2426,467,4862,USW00094728,1.3,0,0,28.3,20.6,24.45,50244,8/1/2021,2551,Monday
4,8/16/2021,9646,1341,7838,467,8947,388,270,41,USW00094728,1.3,0,0,28.3,20.6,24.45,50244,8/1/2021,2551,Monday
5,8/16/2021,54235,7296,44689,2250,48202,2865,2652,516,USW00094728,1.3,0,0,28.3,20.6,24.45,50244,8/1/2021,2551,Monday
6,8/16/2021,42567,4198,37171,1198,40057,1161,1266,83,USW00094728,1.3,0,0,28.3,20.6,24.45,50244,8/1/2021,2551,Monday
7,8/16/2021,67542,8474,49984,9084,54761,4843,7360,578,USW00094728,1.3,0,0,28.3,20.6,24.45,50244,8/1/2021,2551,Monday
8,8/16/2021,21666,0,18278,3388,21496,27,1,142,USW00094728,1.3,0,0,28.3,20.6,24.45,50244,8/1/2021,2551,Monday
9,8/16/2021,65781,0,52891,12890,65276,240,13,252,USW00094728,1.3,0,0,28.3,20.6,24.45,50244,8/1/2021,2551,Monday
1,7/28/2021,38502,11032,26247,1223,37108,1178,5,211,USW00094728,1.6,3.6,0,27.2,20.6,23.9,50066,7/1/2021,2479,Wednesday
2,7/28/2021,53231,3602,44107,5522,45278,2523,621,4809,USW00094728,1.6,3.6,0,27.2,20.6,23.9,50066,7/1/2021,2479,Wednesday
4,7/28/2021,10044,1333,8276,435,9271,449,270,54,USW00094728,1.6,3.6,0,27.2,20.6,23.9,50066,7/1/2021,2479,Wednesday
5,7/28/2021,50183,6718,41525,1940,43681,2949,3049,504,USW00094728,1.6,3.6,0,27.2,20.6,23.9,50066,7/1/2021,2479,Wednesday
6,7/28/2021,42455,4302,37055,1098,39698,1194,1453,110,USW00094728,1.6,3.6,0,27.2,20.6,23.9,50066,7/1/2021,2479,Wednesday
7,7/28/2021,66007,7702,49619,8686,51593,5462,8312,640,USW00094728,1.6,3.6,0,27.2,20.6,23.9,50066,7/1/2021,2479,Wednesday
8,7/28/2021,18886,0,15937,2949,18672,42,2,170,USW00094728,1.6,3.6,0,27.2,20.6,23.9,50066,7/1/2021,2479,Wednesday
9,7/28/2021,64724,0,52689,12035,64205,216,21,282,USW00094728,1.6,3.6,0,27.2,20.6,23.9,50066,7/1/2021,2479,Wednesday
1,1/28/2022,37841,7277,28959,1605,36490,1240,4,107,USW00094728,2.1,3.3,30,0,-1.6,-0.8,49246,1/1/2022,2584,Friday
1,1/24/2022,35011,6714,26696,1601,33698,1202,1,110,USW00094728,1.9,0,0,2.2,-3.2,-0.5,49246,1/1/2022,2584,Monday
2,1/28/2022,49097,2660,41031,5406,41374,2524,453,4746,USW00094728,2.1,3.3,30,0,-1.6,-0.8,49246,1/1/2022,2584,Friday
2,1/24/2022,47124,2323,39826,4975,39460,2426,424,4814,USW00094728,1.9,0,0,2.2,-3.2,-0.5,49246,1/1/2022,2584,Monday
4,1/28/2022,9446,1178,7824,444,8678,406,315,47,USW00094728,2.1,3.3,30,0,-1.6,-0.8,49246,1/1/2022,2584,Friday
4,1/24/2022,9109,1127,7529,453,8306,437,321,45,USW00094728,1.9,0,0,2.2,-3.2,-0.5,49246,1/1/2022,2584,Monday
5,1/28/2022,44900,5455,37462,1983,38814,2740,2983,363,USW00094728,2.1,3.3,30,0,-1.6,-0.8,49246,1/1/2022,2584,Friday
5,1/24/2022,43013,4972,35947,2094,37294,2547,2806,366,USW00094728,1.9,0,0,2.2,-3.2,-0.5,49246,1/1/2022,2584,Monday
6,1/28/2022,34912,3297,30597,1018,32342,1322,1164,84,USW00094728,2.1,3.3,30,0,-1.6,-0.8,49246,1/1/2022,2584,Friday
6,1/24/2022,34597,2991,30489,1117,32349,1084,1095,69,USW00094728,1.9,0,0,2.2,-3.2,-0.5,49246,1/1/2022,2584,Monday
7,1/28/2022,56423,6165,41905,8353,43630,5274,6927,592,USW00094728,2.1,3.3,30,0,-1.6,-0.8,49246,1/1/2022,2584,Friday
7,1/24/2022,55824,5981,41646,8197,43160,4814,7288,562,USW00094728,1.9,0,0,2.2,-3.2,-0.5,49246,1/1/2022,2584,Monday
8,1/28/2022,14176,0,12129,2047,14086,24,4,62,USW00094728,2.1,3.3,30,0,-1.6,-0.8,49246,1/1/2022,2584,Friday
8,1/24/2022,16061,0,13768,2293,15976,26,2,57,USW00094728,1.9,0,0,2.2,-3.2,-0.5,49246,1/1/2022,2584,Monday
9,1/28/2022,50408,0,41371,9037,49874,251,28,255,USW00094728,2.1,3.3,30,0,-1.6,-0.8,49246,1/1/2022,2584,Friday
9,1/24/2022,49533,0,40978,8555,49068,210,21,234,USW00094728,1.9,0,0,2.2,-3.2,-0.5,49246,1/1/2022,2584,Monday
1,6/28/2021,41234,9460,30329,1445,39861,1262,11,100,USW00094728,2.2,0,0,33.3,24.4,28.85,49183,6/1/2021,2523,Monday
2,6/28/2021,50943,3715,41646,5582,43313,2327,505,4798,USW00094728,2.2,0,0,33.3,24.4,28.85,49183,6/1/2021,2523,Monday
4,6/28/2021,9520,1263,7838,419,8891,344,246,39,USW00094728,2.2,0,0,33.3,24.4,28.85,49183,6/1/2021,2523,Monday
5,6/28/2021,51163,6858,42181,2124,44909,2871,3029,354,USW00094728,2.2,0,0,33.3,24.4,28.85,49183,6/1/2021,2523,Monday
6,6/28/2021,44353,4666,38449,1238,41773,1195,1314,71,USW00094728,2.2,0,0,33.3,24.4,28.85,49183,6/1/2021,2523,Monday
7,6/28/2021,65976,8349,48601,9026,52681,5161,7527,607,USW00094728,2.2,0,0,33.3,24.4,28.85,49183,6/1/2021,2523,Monday
8,6/28/2021,20037,0,16876,3161,19881,39,1,116,USW00094728,2.2,0,0,33.3,24.4,28.85,49183,6/1/2021,2523,Monday
9,6/28/2021,67155,0,53518,13637,66663,248,17,227,USW00094728,2.2,0,0,33.3,24.4,28.85,49183,6/1/2021,2523,Monday
1,6/24/2021,41340,10437,29580,1323,40055,1175,16,94,USW00094728,1.7,0,0,25,16.1,20.55,49076,6/1/2021,2603,Thursday
2,6/24/2021,56584,3841,46838,5905,48500,2701,597,4786,USW00094728,1.7,0,0,25,16.1,20.55,49076,6/1/2021,2603,Thursday
4,6/24/2021,11010,1461,9080,469,10306,425,235,44,USW00094728,1.7,0,0,25,16.1,20.55,49076,6/1/2021,2603,Thursday
5,6/24/2021,49988,6831,41308,1849,43463,2983,3170,372,USW00094728,1.7,0,0,25,16.1,20.55,49076,6/1/2021,2603,Thursday
6,6/24/2021,43211,4410,37788,1013,40326,1356,1434,95,USW00094728,1.7,0,0,25,16.1,20.55,49076,6/1/2021,2603,Thursday
7,6/24/2021,66664,7704,49907,9053,52278,5440,8354,592,USW00094728,1.7,0,0,25,16.1,20.55,49076,6/1/2021,2603,Thursday
8,6/24/2021,20111,0,16955,3156,20040,38,1,32,USW00094728,1.7,0,0,25,16.1,20.55,49076,6/1/2021,2603,Thursday
9,6/24/2021,62481,0,51147,11334,62044,230,21,186,USW00094728,1.7,0,0,25,16.1,20.55,49076,6/1/2021,2603,Thursday
1,6/16/2021,40268,9280,29635,1353,38976,1165,26,101,USW00094728,2,0,0,25,16.7,20.85,48078,6/1/2021,2563,Wednesday
2,6/16/2021,54368,3680,44928,5760,46581,2451,589,4747,USW00094728,2,0,0,25,16.7,20.85,48078,6/1/2021,2563,Wednesday
4,6/16/2021,10495,1389,8665,441,9732,448,275,40,USW00094728,2,0,0,25,16.7,20.85,48078,6/1/2021,2563,Wednesday
5,6/16/2021,49814,6763,41055,1996,43184,3031,3248,351,USW00094728,2,0,0,25,16.7,20.85,48078,6/1/2021,2563,Wednesday
6,6/16/2021,42334,4365,36970,999,39547,1300,1406,81,USW00094728,2,0,0,25,16.7,20.85,48078,6/1/2021,2563,Wednesday
7,6/16/2021,64752,7477,48424,8851,50248,5400,8495,609,USW00094728,2,0,0,25,16.7,20.85,48078,6/1/2021,2563,Wednesday
8,6/16/2021,19109,0,16413,2696,19023,37,2,47,USW00094728,2,0,0,25,16.7,20.85,48078,6/1/2021,2563,Wednesday
9,6/16/2021,60584,0,49651,10933,60088,267,23,206,USW00094728,2,0,0,25,16.7,20.85,48078,6/1/2021,2563,Wednesday
1,5/28/2021,37225,8757,27278,1190,35963,1167,7,88,USW00094728,4.3,31,0,20.6,9.4,15,42550,5/1/2021,2583,Friday
1,5/24/2021,38261,7687,29177,1397,36976,1185,5,95,USW00094728,2.6,0,0,20,15,17.5,42550,5/1/2021,2583,Monday
2,5/28/2021,51227,4079,41790,5358,43535,2361,579,4752,USW00094728,4.3,31,0,20.6,9.4,15,42550,5/1/2021,2583,Friday
2,5/24/2021,48959,3351,40324,5284,41458,2320,509,4672,USW00094728,2.6,0,0,20,15,17.5,42550,5/1/2021,2583,Monday
4,5/28/2021,12101,1675,9963,463,11393,434,235,39,USW00094728,4.3,31,0,20.6,9.4,15,42550,5/1/2021,2583,Friday
4,5/24/2021,9197,1170,7626,401,8554,355,249,39,USW00094728,2.6,0,0,20,15,17.5,42550,5/1/2021,2583,Monday
5,5/28/2021,49987,7468,40617,1902,44187,2731,2739,330,USW00094728,4.3,31,0,20.6,9.4,15,42550,5/1/2021,2583,Friday
5,5/24/2021,48294,6357,39875,2062,42223,2727,2992,352,USW00094728,2.6,0,0,20,15,17.5,42550,5/1/2021,2583,Monday
6,5/28/2021,38196,4339,32892,965,35546,1241,1331,78,USW00094728,4.3,31,0,20.6,9.4,15,42550,5/1/2021,2583,Friday
6,5/24/2021,40721,4322,35247,1152,38012,1251,1375,83,USW00094728,2.6,0,0,20,15,17.5,42550,5/1/2021,2583,Monday
7,5/28/2021,65653,8492,48379,8782,52231,4964,7868,590,USW00094728,4.3,31,0,20.6,9.4,15,42550,5/1/2021,2583,Friday
7,5/24/2021,63171,7521,47004,8646,49671,4931,7973,596,USW00094728,2.6,0,0,20,15,17.5,42550,5/1/2021,2583,Monday
8,5/28/2021,16353,0,13871,2482,16281,31,1,40,USW00094728,4.3,31,0,20.6,9.4,15,42550,5/1/2021,2583,Friday
8,5/24/2021,18217,0,15491,2726,18133,31,0,53,USW00094728,2.6,0,0,20,15,17.5,42550,5/1/2021,2583,Monday
9,5/28/2021,61690,0,49709,11981,61244,235,18,193,USW00094728,4.3,31,0,20.6,9.4,15,42550,5/1/2021,2583,Friday
9,5/24/2021,58896,0,47643,11253,58379,255,17,245,USW00094728,2.6,0,0,20,15,17.5,42550,5/1/2021,2583,Monday
1,12/24/2021,36297,8300,26532,1465,35644,574,0,79,USW00094728,1.8,0.8,5,4.4,-1,1.7,42023,12/1/2021,2431,Friday
2,12/24/2021,39470,3968,31034,4468,35889,938,220,2423,USW00094728,1.8,0.8,5,4.4,-1,1.7,42023,12/1/2021,2431,Friday
4,12/24/2021,8725,1277,7001,447,8433,222,68,2,USW00094728,1.8,0.8,5,4.4,-1,1.7,42023,12/1/2021,2431,Friday
5,12/24/2021,44534,6966,35704,1864,42271,1184,998,81,USW00094728,1.8,0.8,5,4.4,-1,1.7,42023,12/1/2021,2431,Friday
6,12/24/2021,38364,4035,33324,1005,37302,482,504,76,USW00094728,1.8,0.8,5,4.4,-1,1.7,42023,12/1/2021,2431,Friday
7,12/24/2021,65743,10098,47207,8438,60443,2031,2922,347,USW00094728,1.8,0.8,5,4.4,-1,1.7,42023,12/1/2021,2431,Friday
8,12/24/2021,14015,0,11632,2383,13998,9,0,8,USW00094728,1.8,0.8,5,4.4,-1,1.7,42023,12/1/2021,2431,Friday
9,12/24/2021,46127,0,36499,9628,45915,92,14,106,USW00094728,1.8,0.8,5,4.4,-1,1.7,42023,12/1/2021,2431,Friday
1,4/28/2021,38000,7690,28928,1382,36802,1089,2,107,USW00094728,1.1,1.3,0,29.4,11.1,20.25,39306,4/1/2021,2583,Wednesday
2,4/28/2021,51243,3398,42372,5473,43421,2614,636,4572,USW00094728,1.1,1.3,0,29.4,11.1,20.25,39306,4/1/2021,2583,Wednesday
4,4/28/2021,9265,1167,7735,363,8560,413,249,43,USW00094728,1.1,1.3,0,29.4,11.1,20.25,39306,4/1/2021,2583,Wednesday
5,4/28/2021,45800,5965,38024,1811,39338,2979,3108,375,USW00094728,1.1,1.3,0,29.4,11.1,20.25,39306,4/1/2021,2583,Wednesday
6,4/28/2021,38246,4070,33246,930,35019,1651,1486,90,USW00094728,1.1,1.3,0,29.4,11.1,20.25,39306,4/1/2021,2583,Wednesday
7,4/28/2021,62580,7439,46722,8419,47940,5247,8809,584,USW00094728,1.1,1.3,0,29.4,11.1,20.25,39306,4/1/2021,2583,Wednesday
8,4/28/2021,15452,0,13376,2076,15353,23,1,75,USW00094728,1.1,1.3,0,29.4,11.1,20.25,39306,4/1/2021,2583,Wednesday
9,4/28/2021,55672,0,45633,10039,55195,231,19,227,USW00094728,1.1,1.3,0,29.4,11.1,20.25,39306,4/1/2021,2583,Wednesday
1,4/16/2021,38226,7810,29129,1287,37134,977,3,112,USW00094728,3,1,0,11.7,5,8.35,36468,4/1/2021,2563,Friday
2,4/16/2021,50618,4019,41420,5179,42961,2414,646,4597,USW00094728,3,1,0,11.7,5,8.35,36468,4/1/2021,2563,Friday
4,4/16/2021,9915,1322,8225,368,9234,398,241,42,USW00094728,3,1,0,11.7,5,8.35,36468,4/1/2021,2563,Friday
5,4/16/2021,46792,6610,38353,1829,41388,2577,2479,348,USW00094728,3,1,0,11.7,5,8.35,36468,4/1/2021,2563,Friday
6,4/16/2021,38747,4267,33547,933,35850,1546,1266,85,USW00094728,3,1,0,11.7,5,8.35,36468,4/1/2021,2563,Friday
7,4/16/2021,59752,8155,43728,7869,46637,4877,7617,621,USW00094728,3,1,0,11.7,5,8.35,36468,4/1/2021,2563,Friday
8,4/16/2021,15830,0,13551,2279,15733,27,2,68,USW00094728,3,1,0,11.7,5,8.35,36468,4/1/2021,2563,Friday
9,4/16/2021,58782,0,47330,11452,58309,201,26,246,USW00094728,3,1,0,11.7,5,8.35,36468,4/1/2021,2563,Friday
1,3/16/2021,34333,7337,25713,1283,33225,1006,2,100,USW00094728,2.1,0,0,2.8,-1.6,0.6,34201,3/1/2021,2426,Tuesday
2,3/16/2021,45116,2930,37539,4647,37796,2320,596,4404,USW00094728,2.1,0,0,2.8,-1.6,0.6,34201,3/1/2021,2426,Tuesday
4,3/16/2021,8265,1006,6922,337,7481,467,271,46,USW00094728,2.1,0,0,2.8,-1.6,0.6,34201,3/1/2021,2426,Tuesday
5,3/16/2021,41651,5211,34587,1853,35501,2916,2891,343,USW00094728,2.1,0,0,2.8,-1.6,0.6,34201,3/1/2021,2426,Tuesday
6,3/16/2021,35141,3759,30415,967,32636,1162,1244,99,USW00094728,2.1,0,0,2.8,-1.6,0.6,34201,3/1/2021,2426,Tuesday
7,3/16/2021,55355,6424,41180,7751,41070,5353,8347,585,USW00094728,2.1,0,0,2.8,-1.6,0.6,34201,3/1/2021,2426,Tuesday
8,3/16/2021,15976,0,13572,2404,15889,21,1,65,USW00094728,2.1,0,0,2.8,-1.6,0.6,34201,3/1/2021,2426,Tuesday
9,3/16/2021,52946,0,43164,9782,52496,206,25,219,USW00094728,2.1,0,0,2.8,-1.6,0.6,34201,3/1/2021,2426,Tuesday
1,3/24/2021,34034,6611,26211,1212,32966,951,3,114,USW00094728,1.8,32.3,0,13.3,8.3,10.8,33989,3/1/2021,2339,Wednesday
2,3/24/2021,45983,2961,38385,4637,38719,2345,528,4391,USW00094728,1.8,32.3,0,13.3,8.3,10.8,33989,3/1/2021,2339,Wednesday
4,3/24/2021,8619,1053,7241,325,7918,390,270,41,USW00094728,1.8,32.3,0,13.3,8.3,10.8,33989,3/1/2021,2339,Wednesday
5,3/24/2021,44557,5550,37284,1723,38615,2854,2784,304,USW00094728,1.8,32.3,0,13.3,8.3,10.8,33989,3/1/2021,2339,Wednesday
6,3/24/2021,31103,3353,26956,794,28764,990,1266,83,USW00094728,1.8,32.3,0,13.3,8.3,10.8,33989,3/1/2021,2339,Wednesday
7,3/24/2021,52816,6205,39429,7182,38579,5154,8547,536,USW00094728,1.8,32.3,0,13.3,8.3,10.8,33989,3/1/2021,2339,Wednesday
8,3/24/2021,14973,0,12855,2118,14899,20,2,52,USW00094728,1.8,32.3,0,13.3,8.3,10.8,33989,3/1/2021,2339,Wednesday
9,3/24/2021,55230,0,44754,10476,54771,234,22,203,USW00094728,1.8,32.3,0,13.3,8.3,10.8,33989,3/1/2021,2339,Wednesday
1,2/26/2021,35488,6929,27120,1439,34378,1015,1,94,USW00094728,1.9,0,0,7.2,0.6,3.9,32990,2/1/2021,2359,Friday
2,2/26/2021,47856,3589,39191,5076,40413,2424,542,4477,USW00094728,1.9,0,0,7.2,0.6,3.9,32990,2/1/2021,2359,Friday
4,2/26/2021,8703,1076,7277,350,8057,347,256,43,USW00094728,1.9,0,0,7.2,0.6,3.9,32990,2/1/2021,2359,Friday
5,2/26/2021,44595,6436,36351,1808,39088,2507,2691,309,USW00094728,1.9,0,0,7.2,0.6,3.9,32990,2/1/2021,2359,Friday
6,2/26/2021,36294,4005,31343,946,33955,1059,1199,81,USW00094728,1.9,0,0,7.2,0.6,3.9,32990,2/1/2021,2359,Friday
7,2/26/2021,69189,8505,51091,9593,55460,5277,7822,630,USW00094728,1.9,0,0,7.2,0.6,3.9,32990,2/1/2021,2359,Friday
8,2/26/2021,15916,0,13597,2319,15850,23,0,43,USW00094728,1.9,0,0,7.2,0.6,3.9,32990,2/1/2021,2359,Friday
9,2/26/2021,49775,0,40146,9629,49394,175,21,185,USW00094728,1.9,0,0,7.2,0.6,3.9,32990,2/1/2021,2359,Friday
1,1/28/2021,33379,6162,25774,1443,32204,1077,3,95,USW00094728,4.6,0,0,1.1,-6.6,-2.75,32199,1/1/2021,2336,Thursday
2,1/28/2021,42401,2635,35376,4390,35084,2271,628,4418,USW00094728,4.6,0,0,1.1,-6.6,-2.75,32199,1/1/2021,2336,Thursday
4,1/28/2021,8454,973,7104,377,7762,377,279,36,USW00094728,4.6,0,0,1.1,-6.6,-2.75,32199,1/1/2021,2336,Thursday
5,1/28/2021,40749,5160,33916,1673,34873,2766,2803,307,USW00094728,4.6,0,0,1.1,-6.6,-2.75,32199,1/1/2021,2336,Thursday
6,1/28/2021,33683,3464,29309,910,31226,1095,1295,67,USW00094728,4.6,0,0,1.1,-6.6,-2.75,32199,1/1/2021,2336,Thursday
7,1/28/2021,57268,6092,43166,8010,43212,4996,8489,571,USW00094728,4.6,0,0,1.1,-6.6,-2.75,32199,1/1/2021,2336,Thursday
8,1/28/2021,15546,0,13342,2204,15466,29,0,51,USW00094728,4.6,0,0,1.1,-6.6,-2.75,32199,1/1/2021,2336,Thursday
9,1/28/2021,49497,0,40204,9293,49068,198,24,207,USW00094728,4.6,0,0,1.1,-6.6,-2.75,32199,1/1/2021,2336,Thursday
1,2/10/2021,32354,5989,25094,1271,31165,1064,5,120,USW00094728,1.8,0.3,0,1.7,-3.2,-0.75,32185,2/1/2021,2328,Wednesday
1,2/9/2021,29514,5434,22776,1304,28372,1034,1,107,USW00094728,2.2,0,0,0.6,-2.7,-1.05,32185,2/1/2021,2328,Tuesday
2,2/10/2021,43210,2516,36221,4473,35989,2315,530,4376,USW00094728,1.8,0.3,0,1.7,-3.2,-0.75,32185,2/1/2021,2328,Wednesday
2,2/9/2021,39127,2336,32678,4113,32025,2231,546,4325,USW00094728,2.2,0,0,0.6,-2.7,-1.05,32185,2/1/2021,2328,Tuesday
4,2/10/2021,8419,980,7107,332,7652,408,317,42,USW00094728,1.8,0.3,0,1.7,-3.2,-0.75,32185,2/1/2021,2328,Wednesday
4,2/9/2021,7761,965,6451,345,7021,384,320,36,USW00094728,2.2,0,0,0.6,-2.7,-1.05,32185,2/1/2021,2328,Tuesday
5,2/10/2021,41028,5245,34142,1641,35158,2613,2937,320,USW00094728,1.8,0.3,0,1.7,-3.2,-0.75,32185,2/1/2021,2328,Wednesday
5,2/9/2021,37847,4780,31546,1521,32056,2621,2845,325,USW00094728,2.2,0,0,0.6,-2.7,-1.05,32185,2/1/2021,2328,Tuesday
6,2/10/2021,34162,3544,29723,895,31772,1067,1249,74,USW00094728,1.8,0.3,0,1.7,-3.2,-0.75,32185,2/1/2021,2328,Wednesday
6,2/9/2021,31249,3261,27142,846,28858,1074,1243,74,USW00094728,2.2,0,0,0.6,-2.7,-1.05,32185,2/1/2021,2328,Tuesday
7,2/10/2021,56288,6290,41877,8121,41696,5374,8652,566,USW00094728,1.8,0.3,0,1.7,-3.2,-0.75,32185,2/1/2021,2328,Wednesday
7,2/9/2021,51754,5576,38737,7441,37936,5026,8264,528,USW00094728,2.2,0,0,0.6,-2.7,-1.05,32185,2/1/2021,2328,Tuesday
8,2/10/2021,15679,0,13590,2089,15565,27,4,83,USW00094728,1.8,0.3,0,1.7,-3.2,-0.75,32185,2/1/2021,2328,Wednesday
8,2/9/2021,12507,0,10835,1672,12433,21,0,53,USW00094728,2.2,0,0,0.6,-2.7,-1.05,32185,2/1/2021,2328,Tuesday
9,2/10/2021,50007,0,40760,9247,49582,197,17,211,USW00094728,1.8,0.3,0,1.7,-3.2,-0.75,32185,2/1/2021,2328,Wednesday
9,2/9/2021,43635,0,35476,8159,43229,187,12,207,USW00094728,2.2,0,0,0.6,-2.7,-1.05,32185,2/1/2021,2328,Tuesday
1,12/16/2020,25170,0,19985,5185,23878,1158,3,131,USW00094728,5,21.8,165,-0.5,-4.3,-2.4,32046,12/1/2020,2326,Wednesday
2,12/16/2020,35473,1986,29535,3952,29077,2282,487,3627,USW00094728,5,21.8,165,-0.5,-4.3,-2.4,32046,12/1/2020,2326,Wednesday
4,12/16/2020,7366,861,6162,343,6596,440,295,35,USW00094728,5,21.8,165,-0.5,-4.3,-2.4,32046,12/1/2020,2326,Wednesday
5,12/16/2020,32737,4234,27003,1500,27012,2999,2452,274,USW00094728,5,21.8,165,-0.5,-4.3,-2.4,32046,12/1/2020,2326,Wednesday
6,12/16/2020,25814,2970,21992,852,23248,1376,1134,56,USW00094728,5,21.8,165,-0.5,-4.3,-2.4,32046,12/1/2020,2326,Wednesday
7,12/16/2020,43587,4280,32721,6586,30493,5203,7449,442,USW00094728,5,21.8,165,-0.5,-4.3,-2.4,32046,12/1/2020,2326,Wednesday
8,12/16/2020,11474,0,9839,1635,11373,22,0,79,USW00094728,5,21.8,165,-0.5,-4.3,-2.4,32046,12/1/2020,2326,Wednesday
9,12/16/2020,40652,0,32824,7828,40258,217,24,153,USW00094728,5,21.8,165,-0.5,-4.3,-2.4,32046,12/1/2020,2326,Wednesday
1,12/24/2020,34965,7798,25641,1526,34121,760,7,77,USW00094728,3.8,6.1,0,15,6.1,10.55,30884,12/1/2020,2407,Thursday
2,12/24/2020,37982,3230,30504,4248,32169,1321,375,4117,USW00094728,3.8,6.1,0,15,6.1,10.55,30884,12/1/2020,2407,Thursday
4,12/24/2020,8303,1173,6726,404,7875,296,107,25,USW00094728,3.8,6.1,0,15,6.1,10.55,30884,12/1/2020,2407,Thursday
5,12/24/2020,43536,6853,34725,1958,39983,1890,1371,292,USW00094728,3.8,6.1,0,15,6.1,10.55,30884,12/1/2020,2407,Thursday
6,12/24/2020,37078,4376,31698,1004,35603,708,686,81,USW00094728,3.8,6.1,0,15,6.1,10.55,30884,12/1/2020,2407,Thursday
7,12/24/2020,58297,8197,41823,8277,49784,3471,4585,457,USW00094728,3.8,6.1,0,15,6.1,10.55,30884,12/1/2020,2407,Thursday
8,12/24/2020,14369,0,11953,2416,14329,22,0,18,USW00094728,3.8,6.1,0,15,6.1,10.55,30884,12/1/2020,2407,Thursday
9,12/24/2020,49670,0,38575,11095,49421,121,11,117,USW00094728,3.8,6.1,0,15,6.1,10.55,30884,12/1/2020,2407,Thursday
1,12/28/2020,36515,7709,27262,1544,35358,1061,4,92,USW00094728,2.4,0,0,10,1.7,5.85,26124,12/1/2020,2176,Monday
2,12/28/2020,42731,3182,34979,4570,35808,1961,550,4412,USW00094728,2.4,0,0,10,1.7,5.85,26124,12/1/2020,2176,Monday
4,12/28/2020,8202,1119,6694,389,7472,379,312,39,USW00094728,2.4,0,0,10,1.7,5.85,26124,12/1/2020,2176,Monday
5,12/28/2020,44377,6311,36015,2051,38808,2413,2843,313,USW00094728,2.4,0,0,10,1.7,5.85,26124,12/1/2020,2176,Monday
6,12/28/2020,35115,3827,30169,1119,32893,1009,1150,63,USW00094728,2.4,0,0,10,1.7,5.85,26124,12/1/2020,2176,Monday
7,12/28/2020,58589,6815,43129,8645,46298,4541,7208,542,USW00094728,2.4,0,0,10,1.7,5.85,26124,12/1/2020,2176,Monday
8,12/28/2020,16669,0,14065,2604,16635,16,0,18,USW00094728,2.4,0,0,10,1.7,5.85,26124,12/1/2020,2176,Monday
9,12/28/2020,51939,0,41047,10892,51596,166,15,162,USW00094728,2.4,0,0,10,1.7,5.85,26124,12/1/2020,2176,Monday
1,1/28/2013,39411,7105,31576,730,37442,1279,32,658,USW00094728,2.1,5.6,0,2.2,-1.7,0.25,0,1/1/2013,0,Monday
1,1/16/2013,41417,6837,33738,842,39383,1362,35,637,USW00094728,2.2,17.5,0,2.8,0,1.4,0,1/1/2013,0,Wednesday
1,1/24/2013,44540,7570,36180,790,42416,1432,18,674,USW00094728,3.8,0,0,-5.6,-11.1,-8.35,0,1/1/2013,0,Thursday
1,2/10/2013,33051,7361,25124,566,32540,213,5,293,USW00094728,1.4,0,0,2.2,-7.8,-2.8,0,2/1/2013,0,Sunday
1,2/26/2013,43210,7283,35111,816,41056,1488,22,644,USW00094728,3.4,3.6,0,6.7,1.7,4.2,0,2/1/2013,0,Tuesday
1,2/9/2013,19684,4543,14730,411,19220,277,18,169,USW00094728,3.8,9.7,130,0,-6.1,-3.05,0,2/1/2013,0,Saturday
1,3/28/2013,48578,9266,38314,998,46325,1468,28,757,USW00094728,2.6,0,0,10.6,2.8,6.7,0,3/1/2013,0,Thursday
1,3/16/2013,44264,11196,32267,801,43328,580,10,346,USW00094728,1.7,3,8,5,0,2.5,0,3/1/2013,0,Saturday
1,3/24/2013,42831,10762,31227,842,42215,263,5,348,USW00094728,2.3,0,0,8.3,0.6,4.45,0,3/1/2013,0,Sunday
1,4/28/2013,43713,10914,31827,972,43018,307,5,383,USW00094728,2,0,0,20.6,10.6,15.6,0,4/1/2013,0,Sunday
1,4/16/2013,44126,7580,35632,914,41954,1450,25,697,USW00094728,2.9,0,0,17.2,8.3,12.75,0,4/1/2013,0,Tuesday
1,4/24/2013,45791,7791,37112,888,43562,1501,24,704,USW00094728,2.2,0,0,20.6,6.7,13.65,0,4/1/2013,0,Wednesday
1,5/28/2013,45826,8541,36170,1115,43558,1472,21,775,USW00094728,1.2,13.2,0,20,13.3,16.65,0,5/1/2013,0,Tuesday
1,5/16/2013,47527,8551,37820,1156,45252,1452,23,800,USW00094728,1.6,0,0,26.1,16.7,21.4,0,5/1/2013,0,Thursday
1,5/24/2013,45497,9964,34496,1037,43305,1459,24,709,USW00094728,2.4,7.6,0,18.3,7.2,12.75,0,5/1/2013,0,Friday
1,6/28/2013,47604,10521,35940,1143,45297,1560,21,726,USW00094728,2.3,0,0,29.4,22.8,26.1,0,6/1/2013,0,Friday
1,6/16/2013,45535,11538,33039,958,44918,282,5,330,USW00094728,1.7,0,0,26.7,18.3,22.5,0,6/1/2013,0,Sunday
1,6/24/2013,46204,9064,36099,1041,44014,1391,34,765,USW00094728,1.9,0,0,33.3,23.3,28.3,0,6/1/2013,0,Monday
1,7/28/2013,43701,11082,31563,1056,42959,292,10,440,USW00094728,0.9,6.1,0,25.6,21.1,23.35,0,7/1/2013,0,Sunday
1,7/16/2013,45237,8447,35694,1096,42901,1579,17,740,USW00094728,2.1,0,0,34.4,25,29.7,0,7/1/2013,0,Tuesday
1,7/24/2013,47369,8748,37479,1151,44997,1554,30,788,USW00094728,2,0,0,28.3,20,24.15,0,7/1/2013,0,Wednesday
1,8/28/2013,44903,8277,35498,1128,42611,1551,24,717,USW00094728,1.2,10.9,0,30,21.7,25.85,0,8/1/2013,0,Wednesday
1,8/16/2013,47151,10625,35386,1140,44781,1533,31,806,USW00094728,0.9,0,0,27.8,17.8,22.8,0,8/1/2013,0,Friday
1,8/24/2013,39019,10460,27739,820,38043,574,8,394,USW00094728,2.2,0,0,26.7,18.3,22.5,0,8/1/2013,0,Saturday
1,9/28/2013,47641,11639,34724,1278,46432,735,11,463,USW00094728,2,0,0,22.8,13.3,18.05,0,9/1/2013,0,Saturday
1,9/16/2013,43400,7732,34724,944,41375,1330,19,676,USW00094728,2.1,0.8,0,22.8,13.3,18.05,0,9/1/2013,0,Monday
1,9/24/2013,42968,7357,34726,885,40802,1472,19,675,USW00094728,1.8,0,0,22.8,8.3,15.55,0,9/1/2013,0,Tuesday
1,10/28/2013,44395,8108,35351,936,42289,1390,23,693,USW00094728,2,0,0,16.1,6.1,11.1,0,10/1/2013,0,Monday
1,10/16/2013,45469,7639,36905,925,43138,1582,24,725,USW00094728,1.4,0,0,19.4,13.3,16.35,0,10/1/2013,0,Wednesday
1,10/24/2013,47036,7938,38104,994,44765,1509,17,745,USW00094728,3,0,0,12.2,5,8.6,0,10/1/2013,0,Thursday
1,11/28/2013,41098,11089,29162,847,40604,214,4,276,USW00094728,3.2,0,0,1.7,-1,0.35,0,11/1/2013,0,Thursday
1,11/16/2013,44816,10695,33168,953,43790,686,16,324,USW00094728,1.2,1.3,0,15.6,7.2,11.4,0,11/1/2013,0,Saturday
1,11/24/2013,39287,9255,29355,677,38722,278,4,283,USW00094728,5.4,0,0,-1,-4.9,-2.95,0,11/1/2013,0,Sunday
1,12/28/2013,43697,11608,30977,1112,42721,618,6,352,USW00094728,3.2,0,0,12.8,2.2,7.5,0,12/1/2013,0,Saturday
1,12/16/2013,44319,7738,35480,1101,42272,1391,22,634,USW00094728,3.5,0,0,0.6,-3.8,-1.6,0,12/1/2013,0,Monday
1,12/24/2013,40419,9660,29900,859,38894,1046,15,464,USW00094728,3.7,0,0,5.6,-3.2,1.2,0,12/1/2013,0,Tuesday
1,1/28/2014,41381,6592,33921,868,39209,1535,20,617,USW00094728,2.7,0,0,-6,-11,-8.5,0,1/1/2014,0,Tuesday
1,1/16/2014,44020,7306,35750,964,41805,1583,17,615,USW00094728,1.8,0,0,5.6,2.2,3.9,0,1/1/2014,0,Thursday
1,1/24/2014,42501,7797,33588,1116,40443,1461,16,581,USW00094728,3.6,0,0,-6.6,-12.1,-9.35,0,1/1/2014,0,Friday
1,2/10/2014,38706,6510,31295,901,36797,1286,15,608,USW00094728,3.2,0,0,-1.6,-6,-3.8,0,2/1/2014,0,Monday
1,2/26/2014,39709,6429,32503,777,37546,1552,17,594,USW00094728,2.4,0.8,5,-0.5,-6.6,-3.55,0,2/1/2014,0,Wednesday
1,2/9/2014,32452,7218,24561,673,31874,297,7,274,USW00094728,1.6,2.5,30,-0.5,-6,-3.25,0,2/1/2014,0,Sunday
1,3/28/2014,45387,8900,35442,1045,43151,1542,19,675,USW00094728,2.4,1,0,16.7,2.8,9.75,0,3/1/2014,0,Friday
1,3/16/2014,40426,9775,29879,772,39910,231,5,280,USW00094728,3.4,0,0,5.6,-1,2.3,0,3/1/2014,0,Sunday
1,3/24/2014,42003,7649,33470,884,39904,1430,23,646,USW00094728,3,0,0,1.7,-6,-2.15,0,3/1/2014,0,Monday
1,4/28/2014,41342,7308,33084,950,39144,1514,15,669,USW00094728,1.9,0,0,19.4,7.2,13.3,0,4/1/2014,0,Monday
1,4/16/2014,41869,7495,33495,879,39713,1432,18,706,USW00094728,3.4,1.3,0,9.4,-0.5,4.45,0,4/1/2014,0,Wednesday
1,4/24/2014,44421,7529,35969,923,42026,1626,17,752,USW00094728,3.8,0,0,16.7,5.6,11.15,0,4/1/2014,0,Thursday
1,5/28/2014,44082,7663,35335,1084,41553,1736,17,776,USW00094728,3.4,0,0,17.8,12.2,15,0,5/1/2014,0,Wednesday
1,5/16/2014,45181,9008,34982,1191,42888,1578,24,691,USW00094728,2.9,39.1,0,20,14.4,17.2,0,5/1/2014,0,Friday
1,5/24/2014,40496,10879,28721,896,39517,560,9,410,USW00094728,1.6,10.2,0,21.1,13.9,17.5,0,5/1/2014,0,Saturday
1,6/28/2014,46024,11921,32852,1251,44862,695,9,458,USW00094728,1.3,0,0,30.6,18.9,24.75,0,6/1/2014,0,Saturday
1,6/16/2014,43828,8274,34478,1076,41589,1482,15,742,USW00094728,1.3,0,0,27.2,17.2,22.2,0,6/1/2014,0,Monday
1,6/24/2014,44331,8054,35111,1166,41937,1663,17,714,USW00094728,2.2,0,0,27.2,20,23.6,0,6/1/2014,0,Tuesday
1,7/28/2014,44104,8791,34300,1013,41837,1454,19,794,USW00094728,3.3,4.8,0,27.8,20,23.9,0,7/1/2014,0,Monday
1,7/16/2014,44405,7915,35522,968,41947,1673,25,760,USW00094728,1.7,0,0,27.2,20,23.6,0,7/1/2014,0,Wednesday
1,7/24/2014,46186,8446,36562,1178,43685,1655,25,821,USW00094728,2.2,0,0,26.7,21.1,23.9,0,7/1/2014,0,Thursday
1,8/28/2014,45679,8938,35653,1088,43245,1670,27,737,USW00094728,2.4,0,0,27.8,18.9,23.35,0,8/1/2014,0,Thursday
1,8/16/2014,46373,12337,32881,1155,45227,651,13,482,USW00094728,1.8,0,0,25.6,17.2,21.4,0,8/1/2014,0,Saturday
1,8/24/2014,44274,11051,32097,1126,43570,293,9,402,USW00094728,1.4,0,0,26.7,17.8,22.25,0,8/1/2014,0,Sunday
1,9/28/2014,45332,10478,33584,1270,44578,297,5,452,USW00094728,0.8,0,0,28.9,17.8,23.35,0,9/1/2014,0,Sunday
1,9/16/2014,42343,6970,34382,991,39999,1630,29,685,USW00094728,1,9.4,0,21.1,14.4,17.75,0,9/1/2014,0,Tuesday
1,9/24/2014,42926,7181,34795,950,40545,1607,33,741,USW00094728,2.5,0,0,21.7,14.4,18.05,0,9/1/2014,0,Wednesday
1,10/28/2014,42423,6859,34628,936,40097,1619,28,679,USW00094728,1.3,0,0,22.2,11.7,16.95,0,10/1/2014,0,Tuesday
1,10/16/2014,43168,7181,34988,999,40943,1514,31,680,USW00094728,1.8,28.2,0,21.7,16.1,18.9,0,10/1/2014,0,Thursday
1,10/24/2014,44558,8284,35201,1073,42180,1652,29,697,USW00094728,2,0,0,17.2,10.6,13.9,0,10/1/2014,0,Friday
1,11/28/2014,36930,9575,26533,822,35650,886,11,383,USW00094728,2.6,0,0,2.8,-1.6,0.6,0,11/1/2014,0,Friday
1,11/16/2014,42086,9120,32031,935,41493,307,2,284,USW00094728,1.7,0.8,0,7.2,1.7,4.45,0,11/1/2014,0,Sunday
1,11/24/2014,42490,7586,33830,1074,40234,1581,27,648,USW00094728,2.4,17.8,0,20.6,11.7,16.15,0,11/1/2014,0,Monday
1,12/28/2014,41295,10224,30072,999,40727,228,5,335,USW00094728,2.6,2.5,0,12.2,6.1,9.15,0,12/1/2014,0,Sunday
1,12/16/2014,42832,6860,34884,1088,40638,1590,26,578,USW00094728,1.7,5.1,0,9.4,3.3,6.35,0,12/1/2014,0,Tuesday
1,12/24/2014,39384,8956,29528,900,37731,1170,22,461,USW00094728,2.6,20.3,0,14.4,6.7,10.55,0,12/1/2014,0,Wednesday
1,1/28/2015,34950,5508,28538,904,33151,1287,17,495,USW00094728,3.4,0,0,1.1,-8.8,-3.85,0,1/1/2015,0,Wednesday
1,1/16/2015,43638,7967,34765,907,41537,1498,21,582,USW00094728,4.4,0,0,6.1,-6.6,-0.25,0,1/1/2015,0,Friday
1,1/24/2015,29443,6400,22299,744,28711,509,16,207,USW00094728,2.7,18.3,91,3.9,0.6,2.25,0,1/1/2015,0,Saturday
1,2/10/2015,39425,6170,32329,926,37317,1509,23,576,USW00094728,4.7,0.3,3,4.4,-3.2,0.6,0,2/1/2015,0,Tuesday
1,2/26/2015,43118,6543,35644,931,40944,1555,25,594,USW00094728,3.2,0,0,0,-6,-3,0,2/1/2015,0,Thursday
1,2/9/2015,33559,5513,27208,838,31656,1330,25,548,USW00094728,4.9,2.3,0,-1.6,-3.8,-2.7,0,2/1/2015,0,Monday
1,3/28/2015,44186,10247,32926,1013,43150,657,14,365,USW00094728,3.4,0,0,4.4,-3.2,0.6,0,3/1/2015,0,Saturday
1,3/16/2015,40629,7254,32359,1016,38569,1461,9,590,USW00094728,1.7,0,0,11.1,1.7,6.4,0,3/1/2015,0,Monday
1,3/24/2015,40850,6416,33463,971,38685,1526,22,617,USW00094728,1.8,0,0,7.2,-3.2,2,0,3/1/2015,0,Tuesday
1,4/28/2015,42246,6702,34454,1090,39975,1599,24,648,USW00094728,3.5,0,0,21.7,10,15.85,0,4/1/2015,0,Tuesday
1,4/16/2015,44013,6955,35987,1071,41795,1550,20,648,USW00094728,2.9,0,0,17.8,11.1,14.45,0,4/1/2015,0,Thursday
1,4/24/2015,46337,8593,36549,1195,44032,1576,19,710,USW00094728,3.8,0,0,11.1,3.9,7.5,0,4/1/2015,0,Friday
1,5/28/2015,45182,7415,36507,1260,42784,1671,19,708,USW00094728,1.8,0,0,29.4,21.1,25.25,0,5/1/2015,0,Thursday
1,5/16/2015,46769,10858,34650,1261,45622,665,10,472,USW00094728,0.9,7.6,0,23.9,13.9,18.9,0,5/1/2015,0,Saturday
1,5/24/2015,41443,10947,29523,973,40842,224,5,372,USW00094728,1.7,0,0,27.2,13.3,20.25,0,5/1/2015,0,Sunday
1,6/28/2015,43404,10199,32039,1166,42627,342,13,422,USW00094728,2.4,7.4,0,22.8,16.7,19.75,0,6/1/2015,0,Sunday
1,6/16/2015,42935,7190,34612,1133,40617,1604,17,697,USW00094728,1,6.9,0,26.1,18.3,22.2,0,6/1/2015,0,Tuesday
1,6/24/2015,46912,7775,37817,1320,44510,1675,26,701,USW00094728,2.1,0,0,28.9,20,24.45,0,6/1/2015,0,Wednesday
1,7/28/2015,43276,7585,34481,1210,40942,1574,22,738,USW00094728,1.2,0,0,35,23.9,29.45,0,7/1/2015,0,Tuesday
1,7/16/2015,45868,8087,36426,1355,43488,1605,25,750,USW00094728,2.5,0,0,26.7,17.8,22.25,0,7/1/2015,0,Thursday
1,7/24/2015,44420,8992,34042,1386,42123,1556,23,718,USW00094728,0.9,0,0,30.6,21.1,25.85,0,7/1/2015,0,Friday
1,8/28/2015,44936,9275,34371,1290,42671,1642,26,597,USW00094728,1.1,0,0,27.8,17.2,22.5,0,8/1/2015,0,Friday
1,8/16/2015,43327,10439,31670,1218,42562,298,8,459,USW00094728,0.7,0,0,33.9,24.4,29.15,0,8/1/2015,0,Sunday
1,8/24/2015,43340,8202,33851,1287,41127,1530,27,656,USW00094728,1.1,0,0,30.6,22.8,26.7,0,8/1/2015,0,Monday
1,9/28/2015,40100,6924,31981,1195,37937,1485,19,659,USW00094728,1.5,0,0,25.6,18.3,21.95,0,9/1/2015,0,Monday
1,9/16/2015,43633,6793,35139,1701,41267,1678,17,671,USW00094728,0.6,0,0,31.1,18.9,25,0,9/1/2015,0,Wednesday
1,9/24/2015,37276,6406,29858,1012,35107,1468,24,677,USW00094728,1.9,0,0,27.8,15.6,21.7,0,9/1/2015,0,Thursday
1,10/28/2015,41309,6201,34094,1014,39080,1599,16,614,USW00094728,3,35.6,0,20.6,11.7,16.15,0,10/1/2015,0,Wednesday
1,10/16/2015,45307,8349,35731,1227,43086,1585,22,614,USW00094728,2.4,0,0,17.8,11.7,14.75,0,10/1/2015,0,Friday
1,10/24/2015,44103,9562,33411,1130,43035,685,9,374,USW00094728,1.8,0,0,13.9,4.4,9.15,0,10/1/2015,0,Saturday
1,11/28/2015,41786,9583,31089,1115,40792,665,8,321,USW00094728,2.2,0.5,0,17.8,7.2,12.5,0,11/1/2015,0,Saturday
1,11/16/2015,40991,6509,33437,1045,38859,1542,23,567,USW00094728,1.8,0,0,19.4,10.6,15,0,11/1/2015,0,Monday
1,11/24/2015,44227,7257,35813,1157,41859,1764,24,580,USW00094728,1.7,0,0,7.8,0,3.9,0,11/1/2015,0,Tuesday
1,12/28/2015,42719,8708,32814,1197,40815,1321,18,565,USW00094728,3.7,0.8,0,7.8,1.1,4.45,0,12/1/2015,0,Monday
1,12/16/2015,43836,6339,36359,1138,41601,1630,17,588,USW00094728,2.4,1,0,11.7,7.8,9.75,0,12/1/2015,0,Wednesday
1,12/24/2015,40437,9074,30239,1124,38853,1117,12,455,USW00094728,2,0.3,0,22.2,17.2,19.7,0,12/1/2015,0,Thursday
1,1/28/2016,39716,5606,33110,1000,37579,1553,15,569,USW00094728,2,0,0,5.6,0,2.8,0,1/1/2016,0,Thursday
1,1/16/2016,41084,8731,31267,1086,40182,660,10,232,USW00094728,3,6.1,0,11.1,5.6,8.35,0,1/1/2016,0,Saturday
1,1/24/2016,10609,1892,8420,297,10445,113,5,46,USW00094728,2.6,0,0,1.7,-6.6,-2.45,0,1/1/2016,0,Sunday
1,2/28/2016,40433,8563,30982,888,39870,323,4,236,USW00094728,3.3,0,0,15.6,3.3,9.45,0,2/1/2016,0,Sunday
1,2/17/2016,41079,6128,33814,1137,39045,1446,13,575,USW00094728,3.3,0,0,3.9,1.7,2.8,0,2/1/2016,0,Wednesday
1,2/13/2016,39476,8302,30206,968,38561,621,6,288,USW00094728,5.5,0,0,-5.5,-14.3,-9.9,0,2/1/2016,0,Saturday
1,3/28/2016,42275,7258,33755,1262,40279,1383,21,592,USW00094728,4.5,9.7,0,16.7,5.6,11.15,0,3/1/2016,0,Monday
1,3/16/2016,42186,6467,34631,1089,40040,1564,27,555,USW00094728,1.6,0.5,0,18.3,8.9,13.6,0,3/1/2016,0,Wednesday
1,3/24/2016,44751,7442,36044,1266,42650,1452,24,625,USW00094728,4.1,0,0,12.8,6.7,9.75,0,3/1/2016,0,Thursday
1,4/28/2016,44519,6957,36396,1166,42328,1514,18,659,USW00094728,2.1,0,0,15,8.9,11.95,0,4/1/2016,0,Thursday
1,4/16/2016,45935,9971,34634,1330,44929,616,10,380,USW00094728,2.2,0,0,20,6.1,13.05,0,4/1/2016,0,Saturday
1,4/24/2016,42759,9129,32483,1147,42151,272,3,333,USW00094728,2.6,0,0,20,8.3,14.15,0,4/1/2016,0,Sunday
1,5/28/2016,41726,10352,30145,1229,40680,609,8,429,USW00094728,2,0,0,33.3,21.7,27.5,0,5/1/2016,0,Saturday
1,5/16/2016,43165,7155,34884,1126,41076,1463,22,604,USW00094728,2.2,0,0,18.9,6.1,12.5,0,5/1/2016,0,Monday
1,5/24/2016,41904,6438,34356,1110,39636,1609,34,625,USW00094728,0.9,4.6,0,22.8,14.4,18.6,0,5/1/2016,0,Tuesday
1,6/28/2016,42298,6848,34142,1308,40049,1643,21,585,USW00094728,1.6,3,0,24.4,20,22.2,0,6/1/2016,0,Tuesday
1,6/16/2016,44994,7034,36474,1486,42681,1584,24,705,USW00094728,0.8,5.6,0,23.3,18.3,20.8,0,6/1/2016,0,Thursday
1,6/24/2016,45168,8654,35028,1486,42908,1557,22,681,USW00094728,2.8,0,0,28.9,19.4,24.15,0,6/1/2016,0,Friday
1,7/28/2016,43642,6977,35187,1478,41245,1636,23,738,USW00094728,1.4,0,0,35,23.9,29.45,0,7/1/2016,0,Thursday
1,7/16/2016,42737,9986,31476,1275,41581,687,12,457,USW00094728,1.9,0,0,32.2,23.9,28.05,0,7/1/2016,0,Saturday
1,7/24/2016,44058,10218,32420,1420,43294,312,4,448,USW00094728,1.8,0,0,34.4,23.9,29.15,0,7/1/2016,0,Sunday
1,8/28/2016,45060,10349,33368,1343,44381,309,5,365,USW00094728,1.1,0,0,31.7,22.2,26.95,0,8/1/2016,0,Sunday
1,8/16/2016,40660,6882,32624,1154,38472,1535,18,635,USW00094728,1.8,2.8,0,30.6,25.6,28.1,0,8/1/2016,0,Tuesday
1,8/24/2016,41803,6896,33727,1180,39631,1519,30,623,USW00094728,2.2,0,0,31.1,20,25.55,0,8/1/2016,0,Wednesday
1,9/28/2016,41259,6040,34012,1207,38996,1612,20,631,USW00094728,3.6,0,0,20.6,13.3,16.95,0,9/1/2016,0,Wednesday
1,9/16/2016,44632,7814,35376,1442,42408,1577,23,624,USW00094728,1.2,0,0,22.8,16.1,19.45,0,9/1/2016,0,Friday
1,9/24/2016,44429,9527,33523,1379,43289,691,13,436,USW00094728,2.3,5.1,0,21.7,14.4,18.05,0,9/1/2016,0,Saturday
1,10/28/2016,45893,7766,36698,1429,43593,1677,22,601,USW00094728,3.7,0,0,10.6,5.6,8.1,0,10/1/2016,0,Friday
1,10/16/2016,44288,8944,33964,1380,43630,290,3,365,USW00094728,1.8,0,0,20.6,11.7,16.15,0,10/1/2016,0,Sunday
1,10/24/2016,38794,6227,31414,1153,36806,1370,15,603,USW00094728,2.7,0,0,16.7,8.3,12.5,0,10/1/2016,0,Monday
1,11/28/2016,42054,6735,34038,1281,40020,1444,17,573,USW00094728,1.5,0,0,11.1,3.3,7.2,0,11/1/2016,0,Monday
1,11/16/2016,43517,6095,36081,1341,41293,1647,23,554,USW00094728,1.8,0,0,16.1,7.2,11.65,0,11/1/2016,0,Wednesday
1,11/24/2016,38732,9174,28395,1163,38289,170,4,269,USW00094728,2,0.8,0,8.9,3.3,6.1,0,11/1/2016,0,Thursday
1,12/28/2016,42651,7811,33261,1579,40616,1464,14,557,USW00094728,2.3,0,0,4.4,1.1,2.75,0,12/1/2016,0,Wednesday
1,12/16/2016,46612,7605,37539,1468,44423,1608,10,571,USW00094728,2.7,0,0,-2.7,-8.2,-5.45,0,12/1/2016,0,Friday
1,12/24/2016,37040,8514,27278,1248,36319,493,4,224,USW00094728,2.2,11.9,0,8.3,3.3,5.8,0,12/1/2016,0,Saturday
1,1/28/2017,39939,7724,30888,1327,39129,571,16,223,USW00094728,3.5,0,0,3.9,1.1,2.5,0,1/1/2017,0,Saturday
1,1/16/2017,38244,6363,30773,1108,36862,1087,14,281,USW00094728,2.1,0,0,6.1,-1,2.55,0,1/1/2017,0,Monday
1,1/24/2017,36715,4958,30597,1160,34707,1488,14,506,USW00094728,4.5,30,0,3.3,1.7,2.5,0,1/1/2017,0,Tuesday
1,2/10/2017,39136,5927,31897,1312,37237,1408,20,471,USW00094728,3.8,0,0,0,-7.1,-3.55,0,2/1/2017,0,Friday
1,2/26/2017,39170,7686,30209,1275,38659,259,5,247,USW00094728,4,0,0,6.7,2.2,4.45,0,2/1/2017,0,Sunday
1,2/9/2017,17127,2444,13896,787,15913,900,36,278,USW00094728,5.5,29.5,239,6.7,-7.1,-0.2,0,2/1/2017,0,Thursday
1,3/28/2017,38391,5049,32229,1113,36285,1573,22,511,USW00094728,2.6,18.3,0,7.8,5,6.4,0,3/1/2017,0,Tuesday
1,3/16/2017,38865,5143,32320,1402,36677,1590,21,577,USW00094728,3.5,0,0,3.9,-4.3,-0.2,0,3/1/2017,0,Thursday
1,3/24/2017,43216,6706,35090,1420,41036,1607,20,553,USW00094728,2.8,0,0,13.9,2.2,8.05,0,3/1/2017,0,Friday
1,4/28/2017,42143,6719,33809,1615,39924,1600,20,599,USW00094728,1.4,0,0,29.4,14.4,21.9,0,4/1/2017,0,Friday
1,4/16/2017,42432,8496,32473,1463,41950,173,4,305,USW00094728,3.3,0,0,30.6,15,22.8,0,4/1/2017,0,Sunday
1,4/24/2017,39170,5696,32026,1448,37173,1452,18,527,USW00094728,1.6,0,0,15.6,8.9,12.25,0,4/1/2017,0,Monday
1,5/28/2017,39005,8217,29418,1370,38362,257,5,381,USW00094728,2,0,0,21.7,14.4,18.05,0,5/1/2017,0,Sunday
1,5/16/2017,41810,5823,34412,1575,39600,1589,24,597,USW00094728,1.9,0,0,26.1,13.3,19.7,0,5/1/2017,0,Tuesday
1,5/24/2017,41886,5777,34647,1462,39593,1631,18,644,USW00094728,2.2,1,0,20.6,13.3,16.95,0,5/1/2017,0,Wednesday
1,6/28/2017,43820,6182,35916,1722,41436,1683,20,681,USW00094728,2.2,0,0,25.6,16.1,20.85,0,6/1/2017,0,Wednesday
1,6/16/2017,43045,6836,33730,2479,40797,1583,21,644,USW00094728,2.3,0,0,20,17.2,18.6,0,6/1/2017,0,Friday
1,6/24/2017,42747,8886,32076,1785,41643,723,15,366,USW00094728,2.4,32.8,0,28.9,21.7,25.3,0,6/1/2017,0,Saturday
1,7/28/2017,43278,7131,34103,2044,41004,1593,27,654,USW00094728,1.3,0,0,29.4,21.7,25.55,0,7/1/2017,0,Friday
1,7/16/2017,44541,8871,33822,1848,43812,286,7,436,USW00094728,1.2,0,0,30.6,20,25.3,0,7/1/2017,0,Sunday
1,7/24/2017,41724,5951,33704,2069,39527,1507,20,670,USW00094728,3,18.8,0,22.8,17.2,20,0,7/1/2017,0,Monday
1,8/28/2017,40441,5911,32636,1894,38347,1535,12,547,USW00094728,2.8,0,0,24.4,17.2,20.8,0,8/1/2017,0,Monday
1,8/16/2017,41542,5775,33977,1790,39353,1548,18,623,USW00094728,1,0,0,30.6,21.1,25.85,0,8/1/2017,0,Wednesday
1,8/24/2017,42981,5999,35017,1965,40787,1590,12,592,USW00094728,1.4,0,0,26.7,18.3,22.5,0,8/1/2017,0,Thursday
1,9/28/2017,43216,5143,35956,2117,40896,1678,12,630,USW00094728,2.6,0,0,26.1,15,20.55,0,9/1/2017,0,Thursday
1,9/16/2017,43830,7741,33842,2247,42752,683,2,393,USW00094728,1.3,0,0,27.8,21.1,24.45,0,9/1/2017,0,Saturday
1,9/24/2017,42654,7112,33376,2166,41886,300,2,466,USW00094728,0.7,0,0,32.8,20.6,26.7,0,9/1/2017,0,Sunday
1,10/28/2017,46757,7814,36295,2648,45616,720,7,414,USW00094728,2.2,0,0,20.6,12.8,16.7,0,10/1/2017,0,Saturday
1,10/16/2017,40341,5303,33048,1990,38175,1549,8,609,USW00094728,3,0.3,0,20.6,7.8,14.2,0,10/1/2017,0,Monday
1,10/24/2017,38749,4412,32483,1854,36562,1625,9,553,USW00094728,2.5,5.1,0,23.3,19.4,21.35,0,10/1/2017,0,Tuesday
1,11/28/2017,40160,4543,33193,2424,38066,1648,7,439,USW00094728,2,0,0,12.2,2.2,7.2,0,11/1/2017,0,Tuesday
1,11/16/2017,42162,4678,34962,2522,40019,1645,12,486,USW00094728,2.9,5.1,0,13.9,6.1,10,0,11/1/2017,0,Thursday
1,11/24/2017,34666,6475,26055,2136,33553,822,4,287,USW00094728,1.7,0,0,10,1.7,5.85,0,11/1/2017,0,Friday
1,12/28/2017,30244,4685,23532,2027,28992,993,6,253,USW00094728,3.6,0,0,-7.7,-11.6,-9.65,0,12/1/2017,0,Thursday
1,12/16/2017,44867,7022,34991,2854,43967,639,9,252,USW00094728,3,0,0,3.9,-4.9,-0.5,0,12/1/2017,0,Saturday
1,12/24/2017,36824,7044,27829,1951,36434,161,3,226,USW00094728,3.5,0.3,0,5,2.2,3.6,0,12/1/2017,0,Sunday
1,1/28/2018,36398,5364,29080,1954,35942,270,1,185,USW00094728,1.7,5.3,0,12.8,7.8,10.3,0,1/1/2018,0,Sunday
1,1/16/2018,38217,4269,31533,2415,36298,1489,12,418,USW00094728,1.8,0,0,2.2,-3.8,-0.8,0,1/1/2018,0,Tuesday
1,1/24/2018,38161,4111,31876,2174,36172,1526,12,451,USW00094728,4.2,0,0,6.7,-2.7,2,0,1/1/2018,0,Wednesday
1,2/10/2018,37513,5626,29807,2080,36678,627,5,203,USW00094728,1,14.7,0,10,3.9,6.95,0,2/1/2018,0,Saturday
1,2/26/2018,38265,4599,31388,2278,36350,1458,16,441,USW00094728,2,0,0,11.1,6.1,8.6,0,2/1/2018,0,Monday
1,2/9/2018,41383,5165,33896,2322,39337,1530,8,508,USW00094728,2.2,0,0,3.9,-3.2,0.35,0,2/1/2018,0,Friday
1,3/28/2018,41735,4573,34856,2306,39629,1596,9,501,USW00094728,1.8,0.8,0,11.1,3.3,7.2,0,3/1/2018,0,Wednesday
1,3/16/2018,43674,5663,35667,2344,41606,1564,5,499,USW00094728,4.4,0,0,4.4,-1,1.7,0,3/1/2018,0,Friday
1,3/24/2018,44121,6852,34899,2370,43103,733,6,279,USW00094728,2.7,0,0,10.6,1.7,6.15,0,3/1/2018,0,Saturday
1,4/28/2018,43565,6761,34516,2288,42506,697,9,353,USW00094728,1.5,2.5,0,20,10,15,0,4/1/2018,0,Saturday
1,4/16/2018,36894,4019,30741,2134,35000,1429,10,455,USW00094728,5.1,71.6,0,15.6,3.9,9.75,0,4/1/2018,0,Monday
1,4/24/2018,38483,4194,32127,2162,36380,1585,9,509,USW00094728,1.9,1.3,0,18.9,7.8,13.35,0,4/1/2018,0,Tuesday
1,5/28/2018,38637,5821,30479,2337,37878,412,3,344,USW00094728,0.8,0,0,20.6,13.3,16.95,0,5/1/2018,0,Monday
1,5/16/2018,42994,4526,35937,2531,40829,1595,16,554,USW00094728,1.1,8.6,0,17.8,13.3,15.55,0,5/1/2018,0,Wednesday
1,5/24/2018,44173,4856,36569,2748,41891,1639,12,631,USW00094728,1.3,0,0,28.3,17.2,22.75,0,5/1/2018,0,Thursday
1,6/28/2018,43629,4932,35784,2913,41395,1631,10,593,USW00094728,1.3,34.5,0,28.3,21.1,24.7,0,6/1/2018,0,Thursday
1,6/16/2018,44791,7463,34559,2769,43711,667,10,403,USW00094728,1,0,0,29.4,17.8,23.6,0,6/1/2018,0,Saturday
1,6/24/2018,44148,6968,34440,2740,43450,297,10,391,USW00094728,1,0,0,28.9,18.9,23.9,0,6/1/2018,0,Sunday
1,7/28/2018,45680,7548,35107,3025,44527,716,6,431,USW00094728,0.5,0,0,29.4,21.1,25.25,0,7/1/2018,0,Saturday
1,7/16/2018,41025,5210,32919,2896,39024,1438,8,555,USW00094728,1,0,0,32.2,23.9,28.05,0,7/1/2018,0,Monday
1,7/24/2018,41023,4767,33577,2679,38913,1557,14,539,USW00094728,2.3,0.5,0,27.8,23.9,25.85,0,7/1/2018,0,Tuesday
1,8/28/2018,40137,4793,32599,2745,38070,1520,17,530,USW00094728,1.7,0,0,34.4,26.1,30.25,0,8/1/2018,0,Tuesday
1,8/16/2018,43346,5140,35331,2875,41149,1561,10,626,USW00094728,1.3,0,0,31.1,24.4,27.75,0,8/1/2018,0,Thursday
1,8/24/2018,43892,6230,34682,2980,41722,1567,13,590,USW00094728,0.5,0,0,27.8,18.3,23.05,0,8/1/2018,0,Friday
1,9/28/2018,44383,5550,35627,3206,42150,1630,19,584,USW00094728,1.7,19.6,0,18.3,13.3,15.8,0,9/1/2018,0,Friday
1,9/16/2018,43359,5876,34537,2946,42789,246,8,316,USW00094728,2.2,0,0,28.9,19.4,24.15,0,9/1/2018,0,Sunday
1,9/24/2018,38857,4476,31723,2658,36913,1415,12,517,USW00094728,3.2,0,0,20.6,13.9,17.25,0,9/1/2018,0,Monday
1,10/28/2018,45006,5788,36191,3027,44431,272,5,298,USW00094728,2.2,1.8,0,11.1,7.2,9.15,0,10/1/2018,0,Sunday
1,10/16/2018,41162,4156,34221,2785,38884,1653,12,613,USW00094728,2.2,0.3,0,15.6,8.3,11.95,0,10/1/2018,0,Tuesday
1,10/24/2018,43512,4326,36207,2979,41200,1665,18,629,USW00094728,2.2,0,0,12.2,6.7,9.45,0,10/1/2018,0,Wednesday
1,11/28/2018,41137,3987,34582,2568,38938,1660,18,521,USW00094728,2.2,0,0,5.6,2.2,3.9,0,11/1/2018,0,Wednesday
1,11/16/2018,41170,4722,33779,2669,39222,1471,10,467,USW00094728,2.2,7.9,0,7.2,1.1,4.15,0,11/1/2018,0,Friday
1,11/24/2018,41078,6099,32552,2427,40175,592,8,303,USW00094728,2.2,24.6,0,9.4,-0.5,4.45,0,11/1/2018,0,Saturday
1,12/28/2018,41506,5978,32944,2584,39739,1357,5,405,USW00094728,2.2,29.2,0,15.6,6.1,10.85,0,12/1/2018,0,Friday
1,12/16/2018,41152,5183,33296,2673,40668,271,4,209,USW00094728,2.2,36.3,0,7.8,1.7,4.75,0,12/1/2018,0,Sunday
1,12/24/2018,37836,5825,29637,2374,36528,929,8,371,USW00094728,2.2,3,0,6.1,2.2,4.15,0,12/1/2018,0,Monday
1,1/28/2019,38902,4198,32149,2555,36925,1479,13,485,USW00094728,2.2,0,0,3.3,-3.8,-0.25,0,1/1/2019,0,Monday
1,1/16/2019,40135,3817,33719,2599,38149,1529,17,440,USW00094728,2.2,0,0,3.9,-1,1.45,0,1/1/2019,0,Wednesday
1,1/24/2019,41497,3907,34837,2753,39479,1539,14,465,USW00094728,2.2,33.8,0,15,1.7,8.35,0,1/1/2019,0,Thursday
1,2/10/2019,40103,5128,32366,2609,39640,241,2,220,USW00094728,2.2,0,0,1.7,-4.9,-1.6,0,2/1/2019,0,Sunday
1,2/26/2019,39905,3898,33395,2612,37907,1517,10,471,USW00094728,2.2,0,0,2.2,-3.8,-0.8,0,2/1/2019,0,Tuesday
1,2/9/2019,44097,6044,35200,2853,43177,674,5,241,USW00094728,2.2,0,0,0,-4.9,-2.45,0,2/1/2019,0,Saturday
1,3/28/2019,44141,4351,36812,2978,42063,1503,13,562,USW00094728,0.7,0,0,11.7,2.8,7.25,0,3/1/2019,0,Thursday
1,3/16/2019,43898,6243,35036,2619,42988,623,6,281,USW00094728,4.5,0,0,14.4,2.8,8.6,0,3/1/2019,0,Saturday
1,3/24/2019,42540,5753,34033,2754,42000,272,7,261,USW00094728,2,0,0,15.6,3.3,9.45,0,3/1/2019,0,Sunday
1,4/28/2019,44797,6178,35573,3046,44139,327,6,325,USW00094728,1.7,0.3,0,11.7,7.2,9.45,0,4/1/2019,0,Sunday
1,4/16/2019,42022,4380,34852,2790,39878,1577,15,552,USW00094728,4.2,0,0,18.9,6.7,12.8,0,4/1/2019,0,Tuesday
1,4/24/2019,44025,4529,36568,2928,42002,1486,11,526,USW00094728,2.6,0,0,20.6,12.8,16.7,0,4/1/2019,0,Wednesday
1,5/28/2019,42280,4609,34559,3112,40194,1539,10,537,USW00094728,1.9,4.3,0,21.7,16.7,19.2,0,5/1/2019,0,Tuesday
1,5/16/2019,46985,4802,38926,3257,44744,1650,23,568,USW00094728,1.2,3,0,22.8,11.1,16.95,0,5/1/2019,0,Thursday
1,5/24/2019,42354,5490,33963,2901,40375,1475,11,493,USW00094728,3.4,0,0,22.8,16.1,19.45,0,5/1/2019,0,Friday
1,6/28/2019,45284,6287,35479,3518,43155,1612,14,503,USW00094728,1.1,0,0,31.7,22.8,27.25,0,6/1/2019,0,Friday
1,6/16/2019,44695,6203,35228,3264,44129,264,11,291,USW00094728,2.3,1,0,26.7,18.3,22.5,0,6/1/2019,0,Sunday
1,6/24/2019,44028,5098,35439,3491,41930,1527,7,564,USW00094728,0.8,0,0,28.9,19.4,24.15,0,6/1/2019,0,Monday
1,7/28/2019,43217,6154,33687,3376,42621,264,5,327,USW00094728,2.4,0.3,0,31.1,21.7,26.4,0,7/1/2019,0,Sunday
1,7/16/2019,42362,4492,34640,3230,40253,1566,15,528,USW00094728,1.3,0,0,32.8,22.2,27.5,0,7/1/2019,0,Tuesday
1,7/24/2019,45105,4818,36988,3299,42970,1530,14,591,USW00094728,1.3,0.5,0,28.3,19.4,23.85,0,7/1/2019,0,Wednesday
1,8/28/2019,43188,4415,35563,3210,41170,1532,15,471,USW00094728,1.7,2,0,23.3,19.4,21.35,0,8/1/2019,0,Wednesday
1,8/16/2019,43788,5625,34870,3293,41767,1514,11,496,USW00094728,1.2,0,0,26.1,20,23.05,0,8/1/2019,0,Friday
1,8/24/2019,47488,7385,36591,3512,46415,739,14,320,USW00094728,2.3,0,0,24.4,17.8,21.1,0,8/1/2019,0,Saturday
1,9/28/2019,47162,6500,37292,3370,46041,749,7,365,USW00094728,1.3,0,0,27.8,18.3,23.05,0,9/1/2019,0,Saturday
1,9/16/2019,41797,4361,34211,3225,39789,1474,12,522,USW00094728,0.9,0,0,25,20,22.5,0,9/1/2019,0,Monday
1,9/24/2019,42132,4059,34840,3233,40018,1587,12,515,USW00094728,2.6,0,0,24.4,17.2,20.8,0,9/1/2019,0,Tuesday
1,10/28/2019,42708,4136,35142,3430,40673,1541,18,476,USW00094728,1.6,0,0,17.2,12.8,15,0,10/1/2019,0,Monday
1,10/16/2019,43021,3767,35969,3285,41052,1504,12,453,USW00094728,2.9,46.5,0,18.9,11.1,15,0,10/1/2019,0,Wednesday
1,10/24/2019,46395,4260,38670,3465,44205,1641,8,541,USW00094728,1.4,0,0,19.4,10,14.7,0,10/1/2019,0,Thursday
1,11/28/2019,40557,6230,31430,2897,40146,175,4,232,USW00094728,5.1,0,0,11.7,2.8,7.25,0,11/1/2019,0,Thursday
1,11/16/2019,46904,5993,37619,3292,45903,713,15,273,USW00094728,4.6,0,0,5.6,-0.5,2.55,0,11/1/2019,0,Saturday
1,11/24/2019,41108,4946,33047,3115,40604,289,5,210,USW00094728,3.6,22.9,0,7.8,4.4,6.1,0,11/1/2019,0,Sunday
1,12/28/2019,44013,6545,34173,3295,43027,648,7,331,USW00094728,1.8,0,0,10.6,6.1,8.35,0,12/1/2019,0,Saturday
1,12/16/2019,41584,4025,34422,3137,39636,1535,8,405,USW00094728,1.7,2.5,0,2.8,0.6,1.7,0,12/1/2019,0,Monday
1,12/24/2019,41645,5675,32624,3346,40282,1055,8,300,USW00094728,2.6,0,0,8.3,2.2,5.25,0,12/1/2019,0,Tuesday
1,1/28/2020,39079,3438,32678,2963,37181,1503,8,387,USW00094728,3.8,0,0,6.1,2.8,4.45,0,1/1/2020,0,Tuesday
1,1/16/2020,42612,3682,35712,3218,40721,1488,15,388,USW00094728,4.6,2.8,0,9.4,0.6,5,0,1/1/2020,0,Thursday
1,1/24/2020,43543,4591,35600,3352,41640,1492,12,399,USW00094728,2.2,0,0,10.6,2.8,6.7,0,1/1/2020,0,Friday
1,2/28/2020,44586,4797,36410,3379,42715,1486,13,372,USW00094728,4.4,0,0,5.6,-1.6,2,0,2/1/2020,0,Friday
1,2/17/2020,40461,4346,32822,3293,39214,1010,10,227,USW00094728,2.3,0,0,10.6,3.3,6.95,0,2/1/2020,0,Monday
1,2/13/2020,43866,3738,36782,3346,42017,1465,11,373,USW00094728,1.9,9.9,0,6.7,2.8,4.75,0,2/1/2020,0,Thursday
1,3/28/2020,11651,0,8798,2853,11238,366,3,44,USW00094728,3.3,11.4,0,12.2,6.7,9.45,0,3/1/2020,0,Saturday
1,3/16/2020,33402,3446,27230,2726,31839,1329,14,220,USW00094728,4,0,0,7.2,0.6,3.9,0,3/1/2020,0,Monday
1,3/24/2020,17382,0,14010,3372,16402,882,7,91,USW00094728,3,0,0,12.8,2.2,7.5,0,3/1/2020,0,Tuesday
1,4/28/2020,16451,0,12767,3684,15728,643,12,68,USW00094728,1.7,0,0,19.4,5,12.2,0,4/1/2020,0,Tuesday
1,4/16/2020,16003,0,12315,3688,15257,673,4,69,USW00094728,4.1,0,0,10,3.3,6.65,0,4/1/2020,0,Thursday
1,4/24/2020,17025,0,13146,3879,16302,657,6,60,USW00094728,3.2,12.2,0,9.4,5.6,7.5,0,4/1/2020,0,Friday
1,5/28/2020,25515,0,19930,5585,24428,1004,6,77,USW00094728,2.2,0,0,24.4,17.8,21.1,0,5/1/2020,0,Thursday
1,5/16/2020,21386,0,15866,5520,21118,242,1,25,USW00094728,1.7,0.3,0,25,15,20,0,5/1/2020,0,Saturday
1,5/24/2020,22933,0,16924,6009,22728,161,2,42,USW00094728,2.2,0,0,19.4,11.1,15.25,0,5/1/2020,0,Sunday
1,6/28/2020,30584,0,22623,7961,30270,235,4,75,USW00094728,1,2.8,0,32.2,21.1,26.65,0,6/1/2020,0,Sunday
1,6/16/2020,28304,0,22062,6242,27056,1115,10,123,USW00094728,2.2,0,0,25.6,15.6,20.6,0,6/1/2020,0,Tuesday
1,6/24/2020,30219,0,23745,6474,28945,1136,6,132,USW00094728,1.9,0,0,30,23.3,26.65,0,6/1/2020,0,Wednesday
1,7/28/2020,31343,0,24409,6934,29979,1228,9,127,USW00094728,2.1,0,0,33.9,26.7,30.3,0,7/1/2020,0,Tuesday
1,7/16/2020,31894,0,24741,7153,30672,1088,10,124,USW00094728,1.7,0,0,25.6,20.6,23.1,0,7/1/2020,0,Thursday
1,7/24/2020,32334,1,24762,7571,31174,1039,6,115,USW00094728,1.4,4.8,0,26.7,22.2,24.45,0,7/1/2020,0,Friday
1,8/28/2020,35472,0,27242,8230,34161,1147,7,157,USW00094728,1.6,0,0,29.4,21.7,25.55,0,8/1/2020,0,Friday
1,8/16/2020,31915,0,23913,8002,31637,213,2,63,USW00094728,3.5,5.3,0,22.2,19.4,20.8,0,8/1/2020,0,Sunday
1,8/24/2020,34600,0,26934,7666,33275,1167,7,151,USW00094728,1.4,0,0,32.2,23.9,28.05,0,8/1/2020,0,Monday
1,9/28/2020,32794,0,25798,6996,31573,1064,7,150,USW00094728,1.3,0.5,0,25,20.6,22.8,0,9/1/2020,0,Monday
1,9/16/2020,32203,0,25642,6561,30881,1188,6,128,USW00094728,1.2,0,0,21.7,13.3,17.5,0,9/1/2020,0,Wednesday
1,9/24/2020,33630,0,26711,6919,32319,1162,4,145,USW00094728,1.2,0,0,23.9,16.7,20.3,0,9/1/2020,0,Thursday
1,10/28/2020,32660,0,26279,6381,31244,1244,11,161,USW00094728,1.2,2.8,0,13.9,11.1,12.5,0,10/1/2020,0,Wednesday
1,10/16/2020,33832,0,26528,7304,32454,1216,11,151,USW00094728,2,34.5,0,18.9,8.3,13.6,0,10/1/2020,0,Friday
1,10/24/2020,34907,0,26630,8277,34456,380,3,68,USW00094728,2,0,0,20.6,8.9,14.75,0,10/1/2020,0,Saturday
1,11/28/2020,32605,0,24679,7926,32072,464,5,64,USW00094728,2.2,0,0,13.3,6.7,10,0,11/1/2020,0,Saturday
1,11/16/2020,33108,0,26019,7089,31698,1240,8,162,USW00094728,3,0,0,12.8,6.7,9.75,0,11/1/2020,0,Monday
1,11/24/2020,33605,0,26598,7007,32271,1183,8,143,USW00094728,2.6,0,0,8.9,5,6.95,0,11/1/2020,0,Tuesday
1,1/16/2021,33859,7691,24765,1403,33351,450,5,53,USW00094728,3.8,19.8,0,8.3,2.8,5.55,0,1/1/2021,0,Saturday
1,1/24/2021,33209,7257,24555,1397,32954,208,2,45,USW00094728,4.5,0,0,0,-5.5,-2.75,0,1/1/2021,0,Sunday
1,3/28/2021,33693,7215,25245,1233,33396,249,0,48,USW00094728,3,19.3,0,15.6,8.9,12.25,0,3/1/2021,0,Sunday
1,4/24/2021,39892,9648,29042,1202,39380,453,1,58,USW00094728,1.8,0,0,22.2,11.1,16.65,0,4/1/2021,0,Saturday
1,5/16/2021,41744,8740,31573,1431,41470,227,2,45,USW00094728,0.9,0.3,0,23.9,15,19.45,0,5/1/2021,0,Sunday
1,7/24/2021,41822,12427,28145,1250,41217,456,4,145,USW00094728,1.1,0,0,28.9,19.4,24.15,0,7/1/2021,0,Saturday
1,8/28/2021,40857,10176,29453,1228,40241,526,2,88,USW00094728,3.1,0,0,26.7,20,23.35,0,8/1/2021,0,Saturday
1,10/16/2021,40219,9065,29873,1281,39611,517,0,91,USW00094728,2.1,6.4,0,24.4,13.3,18.85,0,10/1/2021,0,Saturday
1,10/24/2021,45489,9837,34001,1651,45108,301,3,77,USW00094728,1.4,0.8,0,15,8.3,11.65,0,10/1/2021,0,Sunday
1,11/28/2021,44399,9644,33107,1648,43991,305,1,102,USW00094728,1,0,0,5,0.6,2.8,0,11/1/2021,0,Sunday
1,11/24/2021,43172,9797,31684,1691,41772,1258,11,131,USW00094728,2.1,0,0,7.2,-1,3.1,0,11/1/2021,0,Wednesday
1,12/28/2021,39315,8279,29357,1679,37999,1214,1,101,USW00094728,2.1,1.3,0,8.3,2.2,5.25,0,12/1/2021,0,Tuesday
1,1/16/2022,34238,6726,26061,1451,33921,265,0,52,USW00094728,3.8,9.4,20,2.8,-12.1,-4.65,0,1/1/2022,0,Sunday
1,2/26/2022,36664,8118,27279,1267,36187,416,0,61,USW00094728,3.2,0,0,2.8,-4.3,-0.75,0,2/1/2022,0,Saturday
1,4/16/2022,40850,9206,30253,1391,40346,415,1,88,USW00094728,2.8,5.1,0,22.8,6.7,14.75,0,4/1/2022,0,Saturday
1,4/24/2022,43507,9269,32679,1559,43144,276,2,85,USW00094728,2.4,0,0,17.2,8.9,13.05,0,4/1/2022,0,Sunday
1,5/28/2022,42680,10789,30239,1652,42066,534,1,79,USW00094728,1.5,18.3,0,23.3,17.2,20.25,0,5/1/2022,0,Saturday
1,7/16/2022,38443,9670,27237,1536,37974,386,1,82,USW00094728,1.2,28.2,0,29.4,18.9,24.15,0,7/1/2022,0,Saturday
1,7/24/2022,43344,10447,31168,1729,42945,306,1,92,USW00094728,2.2,0,0,35,26.1,30.55,0,7/1/2022,0,Sunday
1,8/28/2022,44745,9010,33875,1860,44350,286,1,108,USW00094728,2.3,0,0,27.8,22.8,25.3,0,8/1/2022,0,Sunday
1,9/24/2022,43201,9475,32030,1696,42480,587,1,133,USW00094728,1.8,0,0,20.6,9.4,15,0,9/1/2022,0,Saturday
1,10/16/2022,44111,7944,34282,1885,43719,299,0,93,USW00094728,1.2,0,0,17.8,11.1,14.45,0,10/1/2022,0,Sunday
1,11/24/2022,41572,8372,31543,1657,41386,115,0,71,USW00094728,1.7,0,0,12.2,4.4,8.3,0,11/1/2022,0,Thursday
1,12/24/2022,37567,7262,28687,1618,37122,383,0,62,USW00094728,5.1,0,0,-9.3,-13.8,-11.55,0,12/1/2022,0,Saturday
1,1/28/2023,38428,7502,29375,1551,37894,467,0,67,USW00094728,3.2,0,0,11.1,2.2,6.65,0,1/1/2023,0,Saturday
1,2/26/2023,43833,7656,34161,2016,43433,298,3,99,USW00094728,2.4,0,0,10,-1,4.5,0,2/1/2023,0,Sunday
1,4/16/2023,44787,8637,34549,1601,44399,291,1,96,USW00094728,1.3,0,0,21.7,13.9,17.8,0,4/1/2023,0,Sunday
1,5/28/2023,43499,9603,32470,1426,43103,288,13,95,USW00094728,1,0,0,26.1,15,20.55,0,5/1/2023,0,Sunday
1,6/24/2023,45865,10196,34196,1473,45056,686,12,111,USW00094728,0.3,1.8,0,25.6,20.6,23.1,0,6/1/2023,0,Saturday
1,7/16/2023,42693,9152,31803,1738,42249,313,13,118,USW00094728,0.7,33.5,0,25.6,23.3,24.45,0,7/1/2023,0,Sunday
1,9/16/2023,43588,9902,31944,1742,42860,595,8,125,USW00094728,2.8,0,0,23.9,15.6,19.75,0,9/1/2023,0,Saturday
1,9/24/2023,38845,7860,29562,1423,38334,335,5,171,USW00094728,5.3,31.8,0,18.9,16.7,17.8,0,9/1/2023,0,Sunday
1,10/28/2023,46570,10612,34370,1588,45753,675,9,133,USW00094728,2.2,0,0,26.7,17.2,21.95,0,10/1/2023,0,Saturday
1,11/24/2023,40366,9578,29339,1449,39425,821,8,112,USW00094728,2.8,0,0,10.6,0.6,5.6,0,11/1/2023,0,Friday
1,12/16/2023,47726,9979,36194,1553,46929,691,9,97,USW00094728,2.6,0,0,12.2,7.8,10,0,12/1/2023,0,Saturday
1,12/24/2023,40518,9153,29861,1504,40206,229,5,78,USW00094728,0.7,0.5,0,9.4,4.4,6.9,0,12/1/2023,0,Sunday
1,1/28/2024,39741,7630,30652,1459,39371,295,7,68,USW00094728,4.2,20.8,0,6.7,2.8,4.75,0,1/1/2024,0,Sunday
1,2/17/2024,40853,8492,30845,1516,40070,647,20,116,USW00094728,3.4,4.6,51,2.2,-2.7,-0.25,0,2/1/2024,0,Saturday
1,3/16/2024,45465,9832,34147,1486,44744,607,16,98,USW00094728,2,0,0,16.1,8.3,12.2,0,3/1/2024,0,Saturday
1,3/24/2024,43421,8896,33033,1492,43029,283,9,100,USW00094728,3.5,0,0,8.9,-0.5,4.2,0,3/1/2024,0,Sunday
1,4/28/2024,46042,10150,34321,1571,45643,283,17,99,USW00094728,0.6,0.3,0,26.1,11.1,18.6,0,4/1/2024,0,Sunday
1,6/16/2024,45960,10555,33590,1815,45556,298,4,102,USW00094728,2.3,0,0,25.6,17.2,21.4,0,6/1/2024,0,Sunday
1,7/28/2024,44990,10653,32501,1836,44529,344,5,112,USW00094728,1.7,0,0,31.7,21.1,26.4,0,7/1/2024,0,Sunday
1,8/24/2024,46730,11397,33631,1702,45935,662,11,122,USW00094728,0.6,0,0,28.3,18.3,23.3,0,8/1/2024,0,Saturday
1,9/28/2024,46583,10754,33993,1836,45710,684,13,176,USW00094728,3.9,6.6,0,20,16.1,18.05,0,9/1/2024,0,Saturday
1,11/28/2024,40296,9258,29485,1553,40003,187,9,97,USW00094728,2.5,21.8,0,9.4,5.6,7.5,0,11/1/2024,0,Thursday
1,11/16/2024,46613,10109,34663,1841,45839,653,6,115,USW00094728,3.8,0,0,16.7,7.2,11.95,0,11/1/2024,0,Saturday
1,11/24/2024,43122,8998,32347,1777,42722,297,9,94,USW00094728,4.4,0,0,11.7,6.7,9.2,0,11/1/2024,0,Sunday
1,12/28/2024,42235,9818,30883,1534,41572,572,7,84,USW00094728,0.6,14.2,0,12.2,4.4,8.3,0,12/1/2024,0,Saturday
1,12/24/2024,40961,8832,30322,1807,39667,1163,5,126,USW00094728,2.2,2.5,25,3.9,-2.1,0.9,0,12/1/2024,0,Tuesday
1,2/9/2025,32196,5835,24829,1532,31861,229,18,88,USW00094728,2.2,1.5,3,2.2,-1,0.6,0,2/1/2025,0,Sunday
1,3/16/2025,40518,7514,31403,1601,40143,267,6,102,USW00094728,3.1,0.3,0,16.1,8.3,12.2,0,3/1/2025,0,Sunday
1,5/24/2025,43189,9911,30324,2954,42388,644,4,153,USW00094728,2.6,0,0,17.8,8.9,13.35,0,5/1/2025,0,Saturday
2,1/28/2013,45072,5643,38464,965,35368,2722,459,6523,USW00094728,2.1,5.6,0,2.2,-1.7,0.25,0,1/1/2013,0,Monday
2,1/16/2013,47748,5807,40851,1090,37807,2939,553,6449,USW00094728,2.2,17.5,0,2.8,0,1.4,0,1/1/2013,0,Wednesday
2,1/24/2013,51094,6311,43698,1085,41069,3011,482,6532,USW00094728,3.8,0,0,-5.6,-11.1,-8.35,0,1/1/2013,0,Thursday
2,2/10/2013,37484,6913,29817,754,33948,568,138,2830,USW00094728,1.4,0,0,2.2,-7.8,-2.8,0,2/1/2013,0,Sunday
2,2/26/2013,50448,6121,43346,981,40202,3084,568,6594,USW00094728,3.4,3.6,0,6.7,1.7,4.2,0,2/1/2013,0,Tuesday
2,2/9/2013,23574,4499,18414,661,20644,489,87,2354,USW00094728,3.8,9.7,130,0,-6.1,-3.05,0,2/1/2013,0,Saturday
2,3/28/2013,56570,8075,47406,1090,45763,3224,581,7002,USW00094728,2.6,0,0,10.6,2.8,6.7,0,3/1/2013,0,Thursday
2,3/16/2013,48637,9785,37808,1044,43439,1035,215,3948,USW00094728,1.7,3,8,5,0,2.5,0,3/1/2013,0,Saturday
2,3/24/2013,48716,9804,38153,759,44837,500,131,3248,USW00094728,2.3,0,0,8.3,0.6,4.45,0,3/1/2013,0,Sunday
2,4/28/2013,50624,9825,39890,909,46696,605,126,3197,USW00094728,2,0,0,20.6,10.6,15.6,0,4/1/2013,0,Sunday
2,4/16/2013,51069,6598,43429,1042,40485,3075,580,6929,USW00094728,2.9,0,0,17.2,8.3,12.75,0,4/1/2013,0,Tuesday
2,4/24/2013,52579,6570,44987,1023,41923,3135,601,6920,USW00094728,2.2,0,0,20.6,6.7,13.65,0,4/1/2013,0,Wednesday
2,5/28/2013,51338,6950,42905,1483,40992,2991,524,6831,USW00094728,1.2,13.2,0,20,13.3,16.65,0,5/1/2013,0,Tuesday
2,5/16/2013,55355,7510,46606,1239,44506,3238,624,6987,USW00094728,1.6,0,0,26.1,16.7,21.4,0,5/1/2013,0,Thursday
2,5/24/2013,50843,8336,41120,1387,39846,3085,648,7264,USW00094728,2.4,7.6,0,18.3,7.2,12.75,0,5/1/2013,0,Friday
2,6/28/2013,54815,9390,44123,1303,43856,3190,696,7073,USW00094728,2.3,0,0,29.4,22.8,26.1,0,6/1/2013,0,Friday
2,6/16/2013,55464,10544,43919,1001,51628,543,130,3163,USW00094728,1.7,0,0,26.7,18.3,22.5,0,6/1/2013,0,Sunday
2,6/24/2013,50840,7320,42314,1206,40452,2819,601,6968,USW00094728,1.9,0,0,33.3,23.3,28.3,0,6/1/2013,0,Monday
2,7/28/2013,54480,11509,41947,1024,50302,577,174,3427,USW00094728,0.9,6.1,0,25.6,21.1,23.35,0,7/1/2013,0,Sunday
2,7/16/2013,50073,6814,41947,1312,39555,3054,602,6862,USW00094728,2.1,0,0,34.4,25,29.7,0,7/1/2013,0,Tuesday
2,7/24/2013,53053,7262,44553,1238,42448,2985,603,7017,USW00094728,2,0,0,28.3,20,24.15,0,7/1/2013,0,Wednesday
2,8/28/2013,52122,7288,43603,1232,41504,3226,644,6748,USW00094728,1.2,10.9,0,30,21.7,25.85,0,8/1/2013,0,Wednesday
2,8/16/2013,54647,9473,43751,1423,43671,3119,645,7212,USW00094728,0.9,0,0,27.8,17.8,22.8,0,8/1/2013,0,Friday
2,8/24/2013,58162,12798,43927,1437,52684,1237,295,3946,USW00094728,2.2,0,0,26.7,18.3,22.5,0,8/1/2013,0,Saturday
2,9/28/2013,57167,11341,44327,1499,51641,1334,296,3896,USW00094728,2,0,0,22.8,13.3,18.05,0,9/1/2013,0,Saturday
2,9/16/2013,50449,6726,42451,1272,40121,3002,570,6756,USW00094728,2.1,0.8,0,22.8,13.3,18.05,0,9/1/2013,0,Monday
2,9/24/2013,50593,6275,43082,1236,40025,3146,613,6809,USW00094728,1.8,0,0,22.8,8.3,15.55,0,9/1/2013,0,Tuesday
2,10/28/2013,50266,6493,42412,1361,39868,3025,574,6799,USW00094728,2,0,0,16.1,6.1,11.1,0,10/1/2013,0,Monday
2,10/16/2013,52094,6527,44385,1182,41337,3162,706,6889,USW00094728,1.4,0,0,19.4,13.3,16.35,0,10/1/2013,0,Wednesday
2,10/24/2013,54333,6831,46094,1409,43608,3130,635,6960,USW00094728,3,0,0,12.2,5,8.6,0,10/1/2013,0,Thursday
2,11/28/2013,43480,8767,33802,911,39663,405,114,3298,USW00094728,3.2,0,0,1.7,-1,0.35,0,11/1/2013,0,Thursday
2,11/16/2013,56284,10826,44178,1280,50854,1242,292,3896,USW00094728,1.2,1.3,0,15.6,7.2,11.4,0,11/1/2013,0,Saturday
2,11/24/2013,46977,8967,37143,867,43126,558,122,3171,USW00094728,5.4,0,0,-1,-4.9,-2.95,0,11/1/2013,0,Sunday
2,12/28/2013,54503,12010,41280,1213,49471,1031,200,3801,USW00094728,3.2,0,0,12.8,2.2,7.5,0,12/1/2013,0,Saturday
2,12/16/2013,51216,6526,43380,1310,40973,2997,512,6734,USW00094728,3.5,0,0,0.6,-3.8,-1.6,0,12/1/2013,0,Monday
2,12/24/2013,46787,8195,37089,1505,38027,1983,378,6399,USW00094728,3.7,0,0,5.6,-3.2,1.2,0,12/1/2013,0,Tuesday
2,1/28/2014,49264,5631,42388,1246,38987,3155,512,6610,USW00094728,2.7,0,0,-6,-11,-8.5,0,1/1/2014,0,Tuesday
2,1/16/2014,51667,6175,44152,1340,41389,3113,575,6590,USW00094728,1.8,0,0,5.6,2.2,3.9,0,1/1/2014,0,Thursday
2,1/24/2014,51412,6873,43213,1326,41066,3201,565,6580,USW00094728,3.6,0,0,-6.6,-12.1,-9.35,0,1/1/2014,0,Friday
2,2/10/2014,46654,5616,39707,1331,36743,2850,468,6593,USW00094728,3.2,0,0,-1.6,-6,-3.8,0,2/1/2014,0,Monday
2,2/26/2014,49127,5577,42400,1151,38902,3120,527,6578,USW00094728,2.4,0.8,5,-0.5,-6.6,-3.55,0,2/1/2014,0,Wednesday
2,2/9/2014,36655,6311,29540,804,33271,561,109,2714,USW00094728,1.6,2.5,30,-0.5,-6,-3.25,0,2/1/2014,0,Sunday
2,3/28/2014,52720,7754,43734,1232,41753,3245,609,7113,USW00094728,2.4,1,0,16.7,2.8,9.75,0,3/1/2014,0,Friday
2,3/16/2014,46336,8874,36595,867,42610,460,117,3149,USW00094728,3.4,0,0,5.6,-1,2.3,0,3/1/2014,0,Sunday
2,3/24/2014,49504,6445,41821,1239,39244,2969,535,6756,USW00094728,3,0,0,1.7,-6,-2.15,0,3/1/2014,0,Monday
2,4/28/2014,49766,6356,42050,1360,39248,3110,567,6841,USW00094728,1.9,0,0,19.4,7.2,13.3,0,4/1/2014,0,Monday
2,4/16/2014,54057,7016,45704,1337,43291,3066,618,7082,USW00094728,3.4,1.3,0,9.4,-0.5,4.45,0,4/1/2014,0,Wednesday
2,4/24/2014,54778,7014,46438,1326,43721,3215,710,7132,USW00094728,3.8,0,0,16.7,5.6,11.15,0,4/1/2014,0,Thursday
2,5/28/2014,52894,6867,44693,1334,41888,3166,690,7150,USW00094728,3.4,0,0,17.8,12.2,15,0,5/1/2014,0,Wednesday
2,5/16/2014,53925,8267,44282,1378,42940,3085,623,7277,USW00094728,2.9,39.1,0,20,14.4,17.2,0,5/1/2014,0,Friday
2,5/24/2014,48957,10751,37033,1174,43683,1015,229,4030,USW00094728,1.6,10.2,0,21.1,13.9,17.5,0,5/1/2014,0,Saturday
2,6/28/2014,57209,12300,43540,1370,51378,1396,349,4086,USW00094728,1.3,0,0,30.6,18.9,24.75,0,6/1/2014,0,Saturday
2,6/16/2014,52401,7200,43616,1585,41812,2947,658,6984,USW00094728,1.3,0,0,27.2,17.2,22.2,0,6/1/2014,0,Monday
2,6/24/2014,53522,7059,45145,1319,42647,3147,697,7031,USW00094728,2.2,0,0,27.2,20,23.6,0,6/1/2014,0,Tuesday
2,7/28/2014,49638,7275,41006,1357,39362,2768,564,6944,USW00094728,3.3,4.8,0,27.8,20,23.9,0,7/1/2014,0,Monday
2,7/16/2014,52645,6749,44575,1321,41997,2902,686,7060,USW00094728,1.7,0,0,27.2,20,23.6,0,7/1/2014,0,Wednesday
2,7/24/2014,52511,7246,43919,1346,41605,3195,662,7049,USW00094728,2.2,0,0,26.7,21.1,23.9,0,7/1/2014,0,Thursday
2,8/28/2014,52830,7561,43974,1295,42099,3088,659,6984,USW00094728,2.4,0,0,27.8,18.9,23.35,0,8/1/2014,0,Thursday
2,8/16/2014,56453,12498,42574,1381,50818,1163,316,4156,USW00094728,1.8,0,0,25.6,17.2,21.4,0,8/1/2014,0,Saturday
2,8/24/2014,57046,11677,44125,1244,52966,516,146,3418,USW00094728,1.4,0,0,26.7,17.8,22.25,0,8/1/2014,0,Sunday
2,9/28/2014,57826,10472,45981,1373,53541,646,163,3476,USW00094728,0.8,0,0,28.9,17.8,23.35,0,9/1/2014,0,Sunday
2,9/16/2014,51728,6358,44053,1317,40907,3170,674,6977,USW00094728,1,9.4,0,21.1,14.4,17.75,0,9/1/2014,0,Tuesday
2,9/24/2014,50445,6278,42823,1344,39596,3046,639,7164,USW00094728,2.5,0,0,21.7,14.4,18.05,0,9/1/2014,0,Wednesday
2,10/28/2014,52994,6250,45439,1306,42108,3184,688,7014,USW00094728,1.3,0,0,22.2,11.7,16.95,0,10/1/2014,0,Tuesday
2,10/16/2014,53038,6818,44888,1332,42207,3103,632,7096,USW00094728,1.8,28.2,0,21.7,16.1,18.9,0,10/1/2014,0,Thursday
2,10/24/2014,54900,7981,45489,1430,43875,3190,578,7257,USW00094728,2,0,0,17.2,10.6,13.9,0,10/1/2014,0,Friday
2,11/28/2014,45981,8987,35861,1133,38932,1549,371,5129,USW00094728,2.6,0,0,2.8,-1.6,0.6,0,11/1/2014,0,Friday
2,11/16/2014,49688,8908,39669,1111,45725,576,142,3245,USW00094728,1.7,0.8,0,7.2,1.7,4.45,0,11/1/2014,0,Sunday
2,11/24/2014,52738,6796,44442,1501,41998,3002,638,7100,USW00094728,2.4,17.8,0,20.6,11.7,16.15,0,11/1/2014,0,Monday
2,12/28/2014,49680,10404,38127,1149,45564,463,132,3521,USW00094728,2.6,2.5,0,12.2,6.1,9.15,0,12/1/2014,0,Sunday
2,12/16/2014,53406,6248,45642,1516,42599,3206,634,6967,USW00094728,1.7,5.1,0,9.4,3.3,6.35,0,12/1/2014,0,Tuesday
2,12/24/2014,45936,7774,36994,1168,36990,1877,462,6607,USW00094728,2.6,20.3,0,14.4,6.7,10.55,0,12/1/2014,0,Wednesday
2,1/28/2015,45123,4909,38929,1285,35451,2504,472,6696,USW00094728,3.4,0,0,1.1,-8.8,-3.85,0,1/1/2015,0,Wednesday
2,1/16/2015,51945,6954,43751,1241,41398,2939,577,7031,USW00094728,4.4,0,0,6.1,-6.6,-0.25,0,1/1/2015,0,Friday
2,1/24/2015,37587,6480,29897,1210,33417,988,208,2974,USW00094728,2.7,18.3,91,3.9,0.6,2.25,0,1/1/2015,0,Saturday
2,2/10/2015,50004,5463,43295,1248,39722,2973,587,6722,USW00094728,4.7,0.3,3,4.4,-3.2,0.6,0,2/1/2015,0,Tuesday
2,2/26/2015,51508,5764,44590,1154,41236,2938,540,6794,USW00094728,3.2,0,0,0,-6,-3,0,2/1/2015,0,Thursday
2,2/9/2015,41892,4751,35887,1254,32296,2559,408,6629,USW00094728,4.9,2.3,0,-1.6,-3.8,-2.7,0,2/1/2015,0,Monday
2,3/28/2015,57037,10402,45257,1378,51645,1288,271,3833,USW00094728,3.4,0,0,4.4,-3.2,0.6,0,3/1/2015,0,Saturday
2,3/16/2015,49753,6185,42089,1480,39401,2878,505,6969,USW00094728,1.7,0,0,11.1,1.7,6.4,0,3/1/2015,0,Monday
2,3/24/2015,53316,5990,46095,1231,42512,3253,627,6924,USW00094728,1.8,0,0,7.2,-3.2,2,0,3/1/2015,0,Tuesday
2,4/28/2015,51151,5589,44171,1391,40306,3155,713,6977,USW00094728,3.5,0,0,21.7,10,15.85,0,4/1/2015,0,Tuesday
2,4/16/2015,54086,6194,46582,1310,43052,3149,669,7216,USW00094728,2.9,0,0,17.8,11.1,14.45,0,4/1/2015,0,Thursday
2,4/24/2015,53814,7442,44949,1423,42501,3220,708,7385,USW00094728,3.8,0,0,11.1,3.9,7.5,0,4/1/2015,0,Friday
2,5/28/2015,54549,6422,46590,1538,43339,3294,740,7176,USW00094728,1.8,0,0,29.4,21.1,25.25,0,5/1/2015,0,Thursday
2,5/16/2015,57181,10787,44877,1518,51293,1383,387,4118,USW00094728,0.9,7.6,0,23.9,13.9,18.9,0,5/1/2015,0,Saturday
2,5/24/2015,50832,10752,38860,1220,46927,412,121,3372,USW00094728,1.7,0,0,27.2,13.3,20.25,0,5/1/2015,0,Sunday
2,6/28/2015,50960,9988,39652,1320,46905,582,129,3344,USW00094728,2.4,7.4,0,22.8,16.7,19.75,0,6/1/2015,0,Sunday
2,6/16/2015,52138,6146,44563,1430,41178,3294,668,6998,USW00094728,1,6.9,0,26.1,18.3,22.2,0,6/1/2015,0,Tuesday
2,6/24/2015,56466,6802,48030,1634,45234,3325,717,7190,USW00094728,2.1,0,0,28.9,20,24.45,0,6/1/2015,0,Wednesday
2,7/28/2015,51862,6507,43685,1670,40963,3114,670,7115,USW00094728,1.2,0,0,35,23.9,29.45,0,7/1/2015,0,Tuesday
2,7/16/2015,53872,6807,45550,1515,42997,3132,681,7062,USW00094728,2.5,0,0,26.7,17.8,22.25,0,7/1/2015,0,Thursday
2,7/24/2015,53320,8023,43610,1688,42025,3166,700,7429,USW00094728,0.9,0,0,30.6,21.1,25.85,0,7/1/2015,0,Friday
2,8/28/2015,55271,8352,45126,1793,43994,3316,742,7219,USW00094728,1.1,0,0,27.8,17.2,22.5,0,8/1/2015,0,Friday
2,8/16/2015,57379,10850,45076,1453,53344,515,135,3385,USW00094728,0.7,0,0,33.9,24.4,29.15,0,8/1/2015,0,Sunday
2,8/24/2015,48879,6414,40792,1673,38320,2891,614,7054,USW00094728,1.1,0,0,30.6,22.8,26.7,0,8/1/2015,0,Monday
2,9/28/2015,49862,5952,42210,1700,39042,3169,648,7003,USW00094728,1.5,0,0,25.6,18.3,21.95,0,9/1/2015,0,Monday
2,9/16/2015,53835,6053,46038,1745,42867,3227,769,6972,USW00094728,0.6,0,0,31.1,18.9,25,0,9/1/2015,0,Wednesday
2,9/24/2015,46152,5265,39424,1463,35536,2815,711,7090,USW00094728,1.9,0,0,27.8,15.6,21.7,0,9/1/2015,0,Thursday
2,10/28/2015,52507,5609,45555,1344,41566,3263,695,6983,USW00094728,3,35.6,0,20.6,11.7,16.15,0,10/1/2015,0,Wednesday
2,10/16/2015,55385,7418,46392,1577,44096,3312,731,7246,USW00094728,2.4,0,0,17.8,11.7,14.75,0,10/1/2015,0,Friday
2,10/24/2015,56749,9861,45439,1449,51266,1317,327,3839,USW00094728,1.8,0,0,13.9,4.4,9.15,0,10/1/2015,0,Saturday
2,11/28/2015,51814,9175,41301,1338,46666,1030,205,3913,USW00094728,2.2,0.5,0,17.8,7.2,12.5,0,11/1/2015,0,Saturday
2,11/16/2015,50960,5599,43834,1528,40244,3104,666,6946,USW00094728,1.8,0,0,19.4,10.6,15,0,11/1/2015,0,Monday
2,11/24/2015,57815,6767,49468,1580,46446,3242,798,7329,USW00094728,1.7,0,0,7.8,0,3.9,0,11/1/2015,0,Tuesday
2,12/28/2015,49231,7028,40174,2029,39169,2579,515,6968,USW00094728,3.7,0.8,0,7.8,1.1,4.45,0,12/1/2015,0,Monday
2,12/16/2015,55630,5721,48348,1561,44750,3184,674,7022,USW00094728,2.4,1,0,11.7,7.8,9.75,0,12/1/2015,0,Wednesday
2,12/24/2015,47642,7764,38181,1698,38973,1628,371,6670,USW00094728,2,0.3,0,22.2,17.2,19.7,0,12/1/2015,0,Thursday
2,1/28/2016,48916,4834,42710,1373,38505,2953,557,6901,USW00094728,2,0,0,5.6,0,2.8,0,1/1/2016,0,Thursday
2,1/16/2016,50197,8279,40527,1391,45638,1057,225,3277,USW00094728,3,6.1,0,11.1,5.6,8.35,0,1/1/2016,0,Saturday
2,1/24/2016,16143,2118,13577,449,14424,336,52,1331,USW00094728,2.6,0,0,1.7,-6.6,-2.45,0,1/1/2016,0,Sunday
2,2/28/2016,49126,7961,39986,1179,45582,514,129,2901,USW00094728,3.3,0,0,15.6,3.3,9.45,0,2/1/2016,0,Sunday
2,2/17/2016,51390,5416,44522,1453,40897,3022,558,6913,USW00094728,3.3,0,0,3.9,1.7,2.8,0,2/1/2016,0,Wednesday
2,2/13/2016,51343,8458,41377,1508,46889,1025,187,3242,USW00094728,5.5,0,0,-5.5,-14.3,-9.9,0,2/1/2016,0,Saturday
2,3/28/2016,50602,6105,42920,1578,40104,2814,580,7104,USW00094728,4.5,9.7,0,16.7,5.6,11.15,0,3/1/2016,0,Monday
2,3/16/2016,54527,5820,47259,1448,43399,3121,745,7262,USW00094728,1.6,0.5,0,18.3,8.9,13.6,0,3/1/2016,0,Wednesday
2,3/24/2016,56113,6618,48005,1491,44954,3230,694,7235,USW00094728,4.1,0,0,12.8,6.7,9.75,0,3/1/2016,0,Thursday
2,4/28/2016,54508,6010,46926,1574,43539,3130,689,7150,USW00094728,2.1,0,0,15,8.9,11.95,0,4/1/2016,0,Thursday
2,4/16/2016,56367,9635,44999,1733,51081,1272,258,3756,USW00094728,2.2,0,0,20,6.1,13.05,0,4/1/2016,0,Saturday
2,4/24/2016,54305,9065,43802,1438,50639,513,134,3019,USW00094728,2.6,0,0,20,8.3,14.15,0,4/1/2016,0,Sunday
2,5/28/2016,48404,9311,37501,1593,43499,986,220,3699,USW00094728,2,0,0,33.3,21.7,27.5,0,5/1/2016,0,Saturday
2,5/16/2016,53971,6129,46131,1711,43091,3106,619,7155,USW00094728,2.2,0,0,18.9,6.1,12.5,0,5/1/2016,0,Monday
2,5/24/2016,53766,5494,46574,1698,42829,3081,707,7149,USW00094728,0.9,4.6,0,22.8,14.4,18.6,0,5/1/2016,0,Tuesday
2,6/28/2016,52494,5951,44852,1692,41620,3061,744,7069,USW00094728,1.6,3,0,24.4,20,22.2,0,6/1/2016,0,Tuesday
2,6/16/2016,57416,6316,49205,1898,46420,3187,699,7110,USW00094728,0.8,5.6,0,23.3,18.3,20.8,0,6/1/2016,0,Thursday
2,6/24/2016,56159,7745,46540,1874,45001,3187,665,7306,USW00094728,2.8,0,0,28.9,19.4,24.15,0,6/1/2016,0,Friday
2,7/28/2016,54941,6483,46543,1915,44146,2957,715,7123,USW00094728,1.4,0,0,35,23.9,29.45,0,7/1/2016,0,Thursday
2,7/16/2016,57268,10538,44850,1880,52050,1194,292,3732,USW00094728,1.9,0,0,32.2,23.9,28.05,0,7/1/2016,0,Saturday
2,7/24/2016,58280,10304,46101,1875,54261,529,129,3361,USW00094728,1.8,0,0,34.4,23.9,29.15,0,7/1/2016,0,Sunday
2,8/28/2016,57347,10233,45280,1834,53495,551,137,3164,USW00094728,1.1,0,0,31.7,22.2,26.95,0,8/1/2016,0,Sunday
2,8/16/2016,51998,6011,44259,1729,41220,3064,692,7022,USW00094728,1.8,2.8,0,30.6,25.6,28.1,0,8/1/2016,0,Tuesday
2,8/24/2016,53949,6129,46134,1687,42949,3132,759,7109,USW00094728,2.2,0,0,31.1,20,25.55,0,8/1/2016,0,Wednesday
2,9/28/2016,53471,5336,46503,1633,42480,3167,738,7086,USW00094728,3.6,0,0,20.6,13.3,16.95,0,9/1/2016,0,Wednesday
2,9/16/2016,53718,6638,45140,1940,42488,3201,754,7275,USW00094728,1.2,0,0,22.8,16.1,19.45,0,9/1/2016,0,Friday
2,9/24/2016,59939,9862,48187,1890,54518,1372,285,3764,USW00094728,2.3,5.1,0,21.7,14.4,18.05,0,9/1/2016,0,Saturday
2,10/28/2016,55623,6516,47303,1805,44514,3197,696,7216,USW00094728,3.7,0,0,10.6,5.6,8.1,0,10/1/2016,0,Friday
2,10/16/2016,55113,8552,44863,1698,51210,623,145,3135,USW00094728,1.8,0,0,20.6,11.7,16.15,0,10/1/2016,0,Sunday
2,10/24/2016,48842,5376,41978,1489,38382,2902,558,7000,USW00094728,2.7,0,0,16.7,8.3,12.5,0,10/1/2016,0,Monday
2,11/28/2016,50605,5301,43581,1724,40177,2867,599,6962,USW00094728,1.5,0,0,11.1,3.3,7.2,0,11/1/2016,0,Monday
2,11/16/2016,52269,5097,45482,1691,41518,3175,691,6885,USW00094728,1.8,0,0,16.1,7.2,11.65,0,11/1/2016,0,Wednesday
2,11/24/2016,43571,7545,34565,1461,39758,413,163,3237,USW00094728,2,0.8,0,8.9,3.3,6.1,0,11/1/2016,0,Thursday
2,12/28/2016,51900,6723,43177,2000,41588,2721,592,6999,USW00094728,2.3,0,0,4.4,1.1,2.75,0,12/1/2016,0,Wednesday
2,12/16/2016,59672,6978,50599,2095,48880,3103,647,7042,USW00094728,2.7,0,0,-2.7,-8.2,-5.45,0,12/1/2016,0,Friday
2,12/24/2016,43017,8216,33330,1471,38918,763,182,3154,USW00094728,2.2,11.9,0,8.3,3.3,5.8,0,12/1/2016,0,Saturday
2,1/28/2017,50194,7445,41016,1733,45672,1118,236,3168,USW00094728,3.5,0,0,3.9,1.1,2.5,0,1/1/2017,0,Saturday
2,1/16/2017,48180,5461,41173,1546,40719,2064,518,4879,USW00094728,2.1,0,0,6.1,-1,2.55,0,1/1/2017,0,Monday
2,1/24/2017,47887,4217,42049,1621,37968,2730,574,6615,USW00094728,4.5,30,0,3.3,1.7,2.5,0,1/1/2017,0,Tuesday
2,2/10/2017,49665,5500,42427,1738,39569,2805,542,6749,USW00094728,3.8,0,0,0,-7.1,-3.55,0,2/1/2017,0,Friday
2,2/26/2017,49200,7178,40433,1589,45711,544,168,2777,USW00094728,4,0,0,6.7,2.2,4.45,0,2/1/2017,0,Sunday
2,2/9/2017,24481,2306,21165,1010,17581,1496,324,5080,USW00094728,5.5,29.5,239,6.7,-7.1,-0.2,0,2/1/2017,0,Thursday
2,3/28/2017,51718,4480,45663,1575,41030,3007,732,6949,USW00094728,2.6,18.3,0,7.8,5,6.4,0,3/1/2017,0,Tuesday
2,3/16/2017,45022,4399,38765,1858,35516,2863,601,6042,USW00094728,3.5,0,0,3.9,-4.3,-0.2,0,3/1/2017,0,Thursday
2,3/24/2017,55143,6129,47168,1846,44058,3097,649,7339,USW00094728,2.8,0,0,13.9,2.2,8.05,0,3/1/2017,0,Friday
2,4/28/2017,55474,6340,46889,2246,44373,3016,754,7331,USW00094728,1.4,0,0,29.4,14.4,21.9,0,4/1/2017,0,Friday
2,4/16/2017,55216,8632,44805,1779,51576,399,142,3099,USW00094728,3.3,0,0,30.6,15,22.8,0,4/1/2017,0,Sunday
2,4/24/2017,50011,4951,43147,1914,39485,2885,659,6982,USW00094728,1.6,0,0,15.6,8.9,12.25,0,4/1/2017,0,Monday
2,5/28/2017,47222,8018,37363,1841,43585,447,125,3065,USW00094728,2,0,0,21.7,14.4,18.05,0,5/1/2017,0,Sunday
2,5/16/2017,54142,5136,46968,2038,43245,3056,769,7072,USW00094728,1.9,0,0,26.1,13.3,19.7,0,5/1/2017,0,Tuesday
2,5/24/2017,55127,5251,47784,2092,44157,2964,755,7251,USW00094728,2.2,1,0,20.6,13.3,16.95,0,5/1/2017,0,Wednesday
2,6/28/2017,55831,5437,48247,2147,44810,3041,733,7247,USW00094728,2.2,0,0,25.6,16.1,20.85,0,6/1/2017,0,Wednesday
2,6/16/2017,54282,6168,46001,2113,43022,3002,827,7431,USW00094728,2.3,0,0,20,17.2,18.6,0,6/1/2017,0,Friday
2,6/24/2017,57565,9041,46000,2524,52208,1288,320,3749,USW00094728,2.4,32.8,0,28.9,21.7,25.3,0,6/1/2017,0,Saturday
2,7/28/2017,54259,6711,45064,2484,42939,2969,764,7587,USW00094728,1.3,0,0,29.4,21.7,25.55,0,7/1/2017,0,Friday
2,7/16/2017,58979,8981,47547,2451,54983,570,149,3277,USW00094728,1.2,0,0,30.6,20,25.3,0,7/1/2017,0,Sunday
2,7/24/2017,52844,5304,44302,3238,41937,2633,562,7712,USW00094728,3,18.8,0,22.8,17.2,20,0,7/1/2017,0,Monday
2,8/28/2017,51523,5324,43645,2554,40714,2912,577,7320,USW00094728,2.8,0,0,24.4,17.2,20.8,0,8/1/2017,0,Monday
2,8/16/2017,53334,5214,45731,2389,42252,2917,762,7403,USW00094728,1,0,0,30.6,21.1,25.85,0,8/1/2017,0,Wednesday
2,8/24/2017,52643,5279,44639,2725,41835,2928,751,7129,USW00094728,1.4,0,0,26.7,18.3,22.5,0,8/1/2017,0,Thursday
2,9/28/2017,55506,4595,48042,2869,44351,3194,738,7223,USW00094728,2.6,0,0,26.1,15,20.55,0,9/1/2017,0,Thursday
2,9/16/2017,55789,7697,45079,3013,50368,1400,326,3695,USW00094728,1.3,0,0,27.8,21.1,24.45,0,9/1/2017,0,Saturday
2,9/24/2017,57020,7308,46937,2775,53013,655,185,3167,USW00094728,0.7,0,0,32.8,20.6,26.7,0,9/1/2017,0,Sunday
2,10/28/2017,58504,7707,47454,3343,53102,1422,324,3656,USW00094728,2.2,0,0,20.6,12.8,16.7,0,10/1/2017,0,Saturday
2,10/16/2017,50598,4494,43710,2394,39885,2960,583,7170,USW00094728,3,0.3,0,20.6,7.8,14.2,0,10/1/2017,0,Monday
2,10/24/2017,51493,4271,44750,2472,40527,3229,648,7089,USW00094728,2.5,5.1,0,23.3,19.4,21.35,0,10/1/2017,0,Tuesday
2,11/28/2017,52047,4095,44820,3133,40961,3267,800,7019,USW00094728,2,0,0,12.2,2.2,7.2,0,11/1/2017,0,Tuesday
2,11/16/2017,55054,4441,47469,3145,43943,3120,790,7201,USW00094728,2.9,5.1,0,13.9,6.1,10,0,11/1/2017,0,Thursday
2,11/24/2017,46128,6273,37128,2727,39155,1538,415,5020,USW00094728,1.7,0,0,10,1.7,5.85,0,11/1/2017,0,Friday
2,12/28/2017,55178,5963,45937,3278,44699,2803,555,7121,USW00094728,3.6,0,0,-7.7,-11.6,-9.65,0,12/1/2017,0,Thursday
2,12/16/2017,55301,7360,44653,3288,49696,1279,311,4015,USW00094728,3,0,0,3.9,-4.9,-0.5,0,12/1/2017,0,Saturday
2,12/24/2017,43722,6866,34529,2327,40472,321,122,2807,USW00094728,3.5,0.3,0,5,2.2,3.6,0,12/1/2017,0,Sunday
2,1/28/2018,45093,5199,37477,2417,41619,569,163,2742,USW00094728,1.7,5.3,0,12.8,7.8,10.3,0,1/1/2018,0,Sunday
2,1/16/2018,51230,3937,44145,3148,40752,3031,575,6872,USW00094728,1.8,0,0,2.2,-3.8,-0.8,0,1/1/2018,0,Tuesday
2,1/24/2018,50246,3681,43751,2814,39812,2878,610,6946,USW00094728,4.2,0,0,6.7,-2.7,2,0,1/1/2018,0,Wednesday
2,2/10/2018,51963,6363,42755,2845,47247,1235,255,3226,USW00094728,1,14.7,0,10,3.9,6.95,0,2/1/2018,0,Saturday
2,2/26/2018,49429,3996,42773,2660,39000,2950,557,6922,USW00094728,2,0,0,11.1,6.1,8.6,0,2/1/2018,0,Monday
2,2/9/2018,50886,4597,43395,2894,40253,2977,634,7022,USW00094728,2.2,0,0,3.9,-3.2,0.35,0,2/1/2018,0,Friday
2,3/28/2018,55951,4286,48765,2900,44720,3107,730,7394,USW00094728,1.8,0.8,0,11.1,3.3,7.2,0,3/1/2018,0,Wednesday
2,3/16/2018,54922,4978,46978,2966,43916,3037,668,7301,USW00094728,4.4,0,0,4.4,-1,1.7,0,3/1/2018,0,Friday
2,3/24/2018,54907,6712,45324,2871,49556,1290,323,3738,USW00094728,2.7,0,0,10.6,1.7,6.15,0,3/1/2018,0,Saturday
2,4/28/2018,54415,6525,44910,2980,49012,1276,319,3808,USW00094728,1.5,2.5,0,20,10,15,0,4/1/2018,0,Saturday
2,4/16/2018,52004,4138,45042,2824,41804,2783,545,6872,USW00094728,5.1,71.6,0,15.6,3.9,9.75,0,4/1/2018,0,Monday
2,4/24/2018,53529,3922,46543,3064,42637,3069,745,7078,USW00094728,1.9,1.3,0,18.9,7.8,13.35,0,4/1/2018,0,Tuesday
2,5/28/2018,49443,5996,40622,2825,45328,559,162,3394,USW00094728,0.8,0,0,20.6,13.3,16.95,0,5/1/2018,0,Monday
2,5/16/2018,56096,4304,48760,3032,44980,3106,819,7191,USW00094728,1.1,8.6,0,17.8,13.3,15.55,0,5/1/2018,0,Wednesday
2,5/24/2018,54733,4500,47116,3117,43771,2958,773,7231,USW00094728,1.3,0,0,28.3,17.2,22.75,0,5/1/2018,0,Thursday
2,6/28/2018,55648,4709,47331,3608,44718,3091,713,7126,USW00094728,1.3,34.5,0,28.3,21.1,24.7,0,6/1/2018,0,Thursday
2,6/16/2018,55638,7473,44651,3514,50479,1233,318,3608,USW00094728,1,0,0,29.4,17.8,23.6,0,6/1/2018,0,Saturday
2,6/24/2018,54574,7094,43922,3558,50579,610,147,3238,USW00094728,1,0,0,28.9,18.9,23.9,0,6/1/2018,0,Sunday
2,7/28/2018,55371,7921,42865,4585,50226,1248,339,3558,USW00094728,0.5,0,0,29.4,21.1,25.25,0,7/1/2018,0,Saturday
2,7/16/2018,53774,4861,44650,4263,43100,2907,634,7133,USW00094728,1,0,0,32.2,23.9,28.05,0,7/1/2018,0,Monday
2,7/24/2018,52847,4510,44404,3933,41941,3127,680,7099,USW00094728,2.3,0.5,0,27.8,23.9,25.85,0,7/1/2018,0,Tuesday
2,8/28/2018,50231,4073,42406,3752,39256,3156,796,7023,USW00094728,1.7,0,0,34.4,26.1,30.25,0,8/1/2018,0,Tuesday
2,8/16/2018,53137,4695,44596,3846,42131,3074,730,7202,USW00094728,1.3,0,0,31.1,24.4,27.75,0,8/1/2018,0,Thursday
2,8/24/2018,51451,5267,42159,4025,40451,2980,775,7245,USW00094728,0.5,0,0,27.8,18.3,23.05,0,8/1/2018,0,Friday
2,9/28/2018,51930,4756,43414,3761,40965,2986,709,7270,USW00094728,1.7,19.6,0,18.3,13.3,15.8,0,9/1/2018,0,Friday
2,9/16/2018,55184,6069,45261,3854,51144,621,174,3245,USW00094728,2.2,0,0,28.9,19.4,24.15,0,9/1/2018,0,Sunday
2,9/24/2018,48140,3798,40902,3440,37418,2870,633,7219,USW00094728,3.2,0,0,20.6,13.9,17.25,0,9/1/2018,0,Monday
2,10/28/2018,54506,5887,44913,3706,50540,690,170,3106,USW00094728,2.2,1.8,0,11.1,7.2,9.15,0,10/1/2018,0,Sunday
2,10/16/2018,53661,3945,45934,3782,42464,3191,798,7208,USW00094728,2.2,0.3,0,15.6,8.3,11.95,0,10/1/2018,0,Tuesday
2,10/24/2018,52448,3608,45290,3550,41341,3030,761,7316,USW00094728,2.2,0,0,12.2,6.7,9.45,0,10/1/2018,0,Wednesday
2,11/28/2018,53745,3940,46374,3431,42739,3039,754,7213,USW00094728,2.2,0,0,5.6,2.2,3.9,0,11/1/2018,0,Wednesday
2,11/16/2018,50345,4346,42556,3444,40826,2938,643,5938,USW00094728,2.2,7.9,0,7.2,1.1,4.15,0,11/1/2018,0,Friday
2,11/24/2018,49314,5886,40370,3058,44282,1060,231,3741,USW00094728,2.2,24.6,0,9.4,-0.5,4.45,0,11/1/2018,0,Saturday
2,12/28/2018,48090,4976,40046,3068,37996,2430,581,7083,USW00094728,2.2,29.2,0,15.6,6.1,10.85,0,12/1/2018,0,Friday
2,12/16/2018,48402,5004,40288,3110,44609,620,189,2984,USW00094728,2.2,36.3,0,7.8,1.7,4.75,0,12/1/2018,0,Sunday
2,12/24/2018,42385,4840,34749,2796,34950,1275,242,5918,USW00094728,2.2,3,0,6.1,2.2,4.15,0,12/1/2018,0,Monday
2,1/28/2019,46023,3264,39616,3143,35724,2691,500,7108,USW00094728,2.2,0,0,3.3,-3.8,-0.25,0,1/1/2019,0,Monday
2,1/16/2019,50260,3318,43830,3112,39756,2866,599,7039,USW00094728,2.2,0,0,3.9,-1,1.45,0,1/1/2019,0,Wednesday
2,1/24/2019,50922,3305,44340,3279,40795,2662,562,6903,USW00094728,2.2,33.8,0,15,1.7,8.35,0,1/1/2019,0,Thursday
2,2/10/2019,44514,4513,37081,2920,40965,616,145,2788,USW00094728,2.2,0,0,1.7,-4.9,-1.6,0,2/1/2019,0,Sunday
2,2/26/2019,50916,3378,44053,3485,40242,2977,651,7046,USW00094728,2.2,0,0,2.2,-3.8,-0.8,0,2/1/2019,0,Tuesday
2,2/9/2019,50490,5596,41641,3253,45889,1198,215,3188,USW00094728,2.2,0,0,0,-4.9,-2.45,0,2/1/2019,0,Saturday
2,3/28/2019,53737,3747,46274,3716,42632,2968,722,7415,USW00094728,0.7,0,0,11.7,2.8,7.25,0,3/1/2019,0,Thursday
2,3/16/2019,53813,6028,44324,3461,48831,1065,259,3658,USW00094728,4.5,0,0,14.4,2.8,8.6,0,3/1/2019,0,Saturday
2,3/24/2019,52443,5723,43097,3623,48543,621,166,3113,USW00094728,2,0,0,15.6,3.3,9.45,0,3/1/2019,0,Sunday
2,4/28/2019,51182,5649,42053,3480,47246,658,165,3113,USW00094728,1.7,0.3,0,11.7,7.2,9.45,0,4/1/2019,0,Sunday
2,4/16/2019,52681,3720,45097,3864,41613,2972,763,7333,USW00094728,4.2,0,0,18.9,6.7,12.8,0,4/1/2019,0,Tuesday
2,4/24/2019,51434,3640,43932,3864,40472,2889,780,7293,USW00094728,2.6,0,0,20.6,12.8,16.7,0,4/1/2019,0,Wednesday
2,5/28/2019,51024,3757,43085,4183,40136,3032,652,7204,USW00094728,1.9,4.3,0,21.7,16.7,19.2,0,5/1/2019,0,Tuesday
2,5/16/2019,54749,4064,46471,4215,43573,3044,839,7293,USW00094728,1.2,3,0,22.8,11.1,16.95,0,5/1/2019,0,Thursday
2,5/24/2019,50363,4601,41666,4096,39452,2835,793,7283,USW00094728,3.4,0,0,22.8,16.1,19.45,0,5/1/2019,0,Friday
2,6/28/2019,53598,4934,43849,4815,42510,3092,807,7189,USW00094728,1.1,0,0,31.7,22.8,27.25,0,6/1/2019,0,Friday
2,6/16/2019,54551,5866,44580,4105,50856,564,147,2984,USW00094728,2.3,1,0,26.7,18.3,22.5,0,6/1/2019,0,Sunday
2,6/24/2019,52588,4107,43674,4807,41818,2827,644,7299,USW00094728,0.8,0,0,28.9,19.4,24.15,0,6/1/2019,0,Monday
2,7/28/2019,54393,6409,43426,4558,50438,627,150,3178,USW00094728,2.4,0.3,0,31.1,21.7,26.4,0,7/1/2019,0,Sunday
2,7/16/2019,50481,3724,42025,4733,39705,2827,796,7153,USW00094728,1.3,0,0,32.8,22.2,27.5,0,7/1/2019,0,Tuesday
2,7/24/2019,53848,4122,44851,4875,42934,2757,750,7407,USW00094728,1.3,0.5,0,28.3,19.4,23.85,0,7/1/2019,0,Wednesday
2,8/28/2019,50502,3798,41779,4925,39658,2929,734,7181,USW00094728,1.7,2,0,23.3,19.4,21.35,0,8/1/2019,0,Wednesday
2,8/16/2019,51297,4741,41538,5018,40226,2860,761,7450,USW00094728,1.2,0,0,26.1,20,23.05,0,8/1/2019,0,Friday
2,8/24/2019,54309,6968,42806,4535,49299,1212,317,3481,USW00094728,2.3,0,0,24.4,17.8,21.1,0,8/1/2019,0,Saturday
2,9/28/2019,53199,6040,42642,4517,48114,1338,274,3473,USW00094728,1.3,0,0,27.8,18.3,23.05,0,9/1/2019,0,Saturday
2,9/16/2019,52499,3706,43598,5195,41642,2976,641,7240,USW00094728,0.9,0,0,25,20,22.5,0,9/1/2019,0,Monday
2,9/24/2019,49431,3255,41194,4982,38468,3003,744,7216,USW00094728,2.6,0,0,24.4,17.2,20.8,0,9/1/2019,0,Tuesday
2,10/28/2019,49965,3386,41550,5029,39325,2780,654,7206,USW00094728,1.6,0,0,17.2,12.8,15,0,10/1/2019,0,Monday
2,10/16/2019,50902,3312,42646,4944,40047,2902,741,7212,USW00094728,2.9,46.5,0,18.9,11.1,15,0,10/1/2019,0,Wednesday
2,10/24/2019,51750,3254,43528,4968,40913,2924,735,7178,USW00094728,1.4,0,0,19.4,10,14.7,0,10/1/2019,0,Thursday
2,11/28/2019,41156,4632,33126,3398,37328,427,126,3275,USW00094728,5.1,0,0,11.7,2.8,7.25,0,11/1/2019,0,Thursday
2,11/16/2019,54075,5347,44532,4196,48742,1381,295,3657,USW00094728,4.6,0,0,5.6,-0.5,2.55,0,11/1/2019,0,Saturday
2,11/24/2019,46709,4467,38374,3868,42800,663,192,3054,USW00094728,3.6,22.9,0,7.8,4.4,6.1,0,11/1/2019,0,Sunday
2,12/28/2019,49095,6094,38855,4146,44075,1043,229,3748,USW00094728,1.8,0,0,10.6,6.1,8.35,0,12/1/2019,0,Saturday
2,12/16/2019,50616,3365,41910,5341,39877,2975,624,7140,USW00094728,1.7,2.5,0,2.8,0.6,1.7,0,12/1/2019,0,Monday
2,12/24/2019,44391,4418,35290,4683,35944,1797,411,6239,USW00094728,2.6,0,0,8.3,2.2,5.25,0,12/1/2019,0,Tuesday
2,1/28/2020,47440,2676,41313,3451,36863,2957,594,7026,USW00094728,3.8,0,0,6.1,2.8,4.45,0,1/1/2020,0,Tuesday
2,1/16/2020,50161,2856,42013,5292,39855,2716,596,6994,USW00094728,4.6,2.8,0,9.4,0.6,5,0,1/1/2020,0,Thursday
2,1/24/2020,49789,3571,42090,4128,39272,2769,603,7145,USW00094728,2.2,0,0,10.6,2.8,6.7,0,1/1/2020,0,Friday
2,2/28/2020,50674,3671,43486,3517,39788,2981,673,7232,USW00094728,4.4,0,0,5.6,-1.6,2,0,2/1/2020,0,Friday
2,2/17/2020,44013,3320,37308,3385,37213,1670,389,4741,USW00094728,2.3,0,0,10.6,3.3,6.95,0,2/1/2020,0,Monday
2,2/13/2020,50708,3092,44123,3493,40250,2788,611,7059,USW00094728,1.9,9.9,0,6.7,2.8,4.75,0,2/1/2020,0,Thursday
2,3/28/2020,11200,0,9289,1911,9011,492,162,1535,USW00094728,3.3,11.4,0,12.2,6.7,9.45,0,3/1/2020,0,Saturday
2,3/16/2020,38612,2398,33396,2819,29363,2281,621,6347,USW00094728,4,0,0,7.2,0.6,3.9,0,3/1/2020,0,Monday
2,3/24/2020,21217,0,18465,2752,15100,1502,468,4147,USW00094728,3,0,0,12.8,2.2,7.5,0,3/1/2020,0,Tuesday
2,4/28/2020,23061,0,19299,3762,18469,1387,448,2757,USW00094728,1.7,0,0,19.4,5,12.2,0,4/1/2020,0,Tuesday
2,4/16/2020,16668,0,13960,2709,13579,908,407,1774,USW00094728,4.1,0,0,10,3.3,6.65,0,4/1/2020,0,Thursday
2,4/24/2020,19397,0,16210,3187,15213,1077,394,2713,USW00094728,3.2,12.2,0,9.4,5.6,7.5,0,4/1/2020,0,Friday
2,5/28/2020,29981,0,25115,4866,24842,1667,567,2905,USW00094728,2.2,0,0,24.4,17.8,21.1,0,5/1/2020,0,Thursday
2,5/16/2020,20852,0,16666,4186,18559,596,186,1511,USW00094728,1.7,0.3,0,25,15,20,0,5/1/2020,0,Saturday
2,5/24/2020,18517,0,14846,3671,17045,217,102,1153,USW00094728,2.2,0,0,19.4,11.1,15.25,0,5/1/2020,0,Sunday
2,6/28/2020,27870,1,22016,5853,26002,368,139,1361,USW00094728,1,2.8,0,32.2,21.1,26.65,0,6/1/2020,0,Sunday
2,6/16/2020,36346,0,30484,5862,29303,1995,667,4381,USW00094728,2.2,0,0,25.6,15.6,20.6,0,6/1/2020,0,Tuesday
2,6/24/2020,38195,0,32037,6158,31103,2004,596,4492,USW00094728,1.9,0,0,30,23.3,26.65,0,6/1/2020,0,Wednesday
2,7/28/2020,41797,0,34921,6876,34290,2238,601,4668,USW00094728,2.1,0,0,33.9,26.7,30.3,0,7/1/2020,0,Tuesday
2,7/16/2020,40880,0,34125,6755,33308,2236,612,4724,USW00094728,1.7,0,0,25.6,20.6,23.1,0,7/1/2020,0,Thursday
2,7/24/2020,41460,0,33922,7538,34024,2154,603,4679,USW00094728,1.4,4.8,0,26.7,22.2,24.45,0,7/1/2020,0,Friday
2,8/28/2020,44553,0,36506,8047,36950,2273,608,4722,USW00094728,1.6,0,0,29.4,21.7,25.55,0,8/1/2020,0,Friday
2,8/16/2020,33944,0,26836,7108,31997,355,114,1478,USW00094728,3.5,5.3,0,22.2,19.4,20.8,0,8/1/2020,0,Sunday
2,8/24/2020,43306,0,35683,7623,36005,2122,531,4648,USW00094728,1.4,0,0,32.2,23.9,28.05,0,8/1/2020,0,Monday
2,9/28/2020,41231,0,34411,6820,34105,2111,536,4479,USW00094728,1.3,0.5,0,25,20.6,22.8,0,9/1/2020,0,Monday
2,9/16/2020,43091,0,36242,6849,35627,2368,611,4485,USW00094728,1.2,0,0,21.7,13.3,17.5,0,9/1/2020,0,Wednesday
2,9/24/2020,47458,0,39746,7712,39937,2358,586,4577,USW00094728,1.2,0,0,23.9,16.7,20.3,0,9/1/2020,0,Thursday
2,10/28/2020,45604,2139,38274,5191,37928,2364,738,4574,USW00094728,1.2,2.8,0,13.9,11.1,12.5,0,10/1/2020,0,Wednesday
2,10/16/2020,44987,0,37054,7933,37440,2350,691,4506,USW00094728,2,34.5,0,18.9,8.3,13.6,0,10/1/2020,0,Friday
2,10/24/2020,46763,0,37047,9716,43589,1003,267,1904,USW00094728,2,0,0,20.6,8.9,14.75,0,10/1/2020,0,Saturday
2,11/28/2020,36483,3560,28600,4323,33672,729,205,1877,USW00094728,2.2,0,0,13.3,6.7,10,0,11/1/2020,0,Saturday
2,11/16/2020,43616,2289,36682,4645,36051,2444,531,4590,USW00094728,3,0,0,12.8,6.7,9.75,0,11/1/2020,0,Monday
2,11/24/2020,45208,2476,37864,4868,37346,2571,649,4642,USW00094728,2.6,0,0,8.9,5,6.95,0,11/1/2020,0,Tuesday
2,1/16/2021,34806,3613,27109,4084,31982,827,206,1791,USW00094728,3.8,19.8,0,8.3,2.8,5.55,0,1/1/2021,0,Saturday
2,1/24/2021,31241,2784,24786,3671,29328,399,126,1388,USW00094728,4.5,0,0,0,-5.5,-2.75,0,1/1/2021,0,Sunday
2,3/28/2021,34335,3482,27219,3634,32299,447,119,1470,USW00094728,3,19.3,0,15.6,8.9,12.25,0,3/1/2021,0,Sunday
2,4/24/2021,51748,5431,40669,5648,48429,1000,283,2036,USW00094728,1.8,0,0,22.2,11.1,16.65,0,4/1/2021,0,Saturday
2,5/16/2021,48754,4653,38680,5421,46439,502,128,1685,USW00094728,0.9,0.3,0,23.9,15,19.45,0,5/1/2021,0,Sunday
2,7/24/2021,54369,5823,42221,6325,50855,1027,231,2256,USW00094728,1.1,0,0,28.9,19.4,24.15,0,7/1/2021,0,Saturday
2,8/28/2021,53564,5295,42204,6065,50010,1103,224,2227,USW00094728,3.1,0,0,26.7,20,23.35,0,8/1/2021,0,Saturday
2,10/16/2021,56049,4665,45449,5935,52292,1201,242,2314,USW00094728,2.1,6.4,0,24.4,13.3,18.85,0,10/1/2021,0,Saturday
2,10/24/2021,53498,3964,43414,6120,50852,622,120,1904,USW00094728,1.4,0.8,0,15,8.3,11.65,0,10/1/2021,0,Sunday
2,11/28/2021,52484,4050,42642,5792,49517,621,125,2221,USW00094728,1,0,0,5,0.6,2.8,0,11/1/2021,0,Sunday
2,11/24/2021,54725,3691,45226,5808,46365,2594,526,5240,USW00094728,2.1,0,0,7.2,-1,3.1,0,11/1/2021,0,Wednesday
2,12/28/2021,44800,3104,36782,4914,37447,2220,497,4636,USW00094728,2.1,1.3,0,8.3,2.2,5.25,0,12/1/2021,0,Tuesday
2,1/16/2022,35582,2520,29051,4011,33238,512,103,1729,USW00094728,3.8,9.4,20,2.8,-12.1,-4.65,0,1/1/2022,0,Sunday
2,2/26/2022,58775,4388,47714,6673,55120,1246,187,2222,USW00094728,3.2,0,0,2.8,-4.3,-0.75,0,2/1/2022,0,Saturday
2,4/16/2022,52855,4559,42563,5733,49297,949,179,2430,USW00094728,2.8,5.1,0,22.8,6.7,14.75,0,4/1/2022,0,Saturday
2,4/24/2022,54253,4214,43957,6082,51469,629,139,2016,USW00094728,2.4,0,0,17.2,8.9,13.05,0,4/1/2022,0,Sunday
2,5/28/2022,47938,4456,37800,5682,44254,1042,176,2466,USW00094728,1.5,18.3,0,23.3,17.2,20.25,0,5/1/2022,0,Saturday
2,7/16/2022,61836,5011,48754,8071,57847,1289,195,2505,USW00094728,1.2,28.2,0,29.4,18.9,24.15,0,7/1/2022,0,Saturday
2,7/24/2022,55906,4460,43872,7574,53061,627,112,2106,USW00094728,2.2,0,0,35,26.1,30.55,0,7/1/2022,0,Sunday
2,8/28/2022,57939,4406,45895,7638,54950,694,135,2160,USW00094728,2.3,0,0,27.8,22.8,25.3,0,8/1/2022,0,Sunday
2,9/24/2022,57512,4354,45654,7504,53461,1312,224,2515,USW00094728,1.8,0,0,20.6,9.4,15,0,9/1/2022,0,Saturday
2,10/16/2022,56792,3766,45838,7188,53777,708,152,2155,USW00094728,1.2,0,0,17.8,11.1,14.45,0,10/1/2022,0,Sunday
2,11/24/2022,39209,3112,31326,4771,36635,382,118,2074,USW00094728,1.7,0,0,12.2,4.4,8.3,0,11/1/2022,0,Thursday
2,12/24/2022,38043,6703,29977,1363,34942,628,156,2317,USW00094728,5.1,0,0,-9.3,-13.8,-11.55,0,12/1/2022,0,Saturday
2,1/28/2023,54570,8613,44061,1896,50822,1097,194,2457,USW00094728,3.2,0,0,11.1,2.2,6.65,0,1/1/2023,0,Saturday
2,2/26/2023,49132,7818,39439,1875,46340,688,125,1979,USW00094728,2.4,0,0,10,-1,4.5,0,2/1/2023,0,Sunday
2,4/16/2023,52199,8825,41854,1520,49248,703,131,2117,USW00094728,1.3,0,0,21.7,13.9,17.8,0,4/1/2023,0,Sunday
2,5/28/2023,55549,10823,43094,1632,52485,688,82,2294,USW00094728,1,0,0,26.1,15,20.55,0,5/1/2023,0,Sunday
2,6/24/2023,53896,9982,42346,1568,49675,1378,206,2637,USW00094728,0.3,1.8,0,25.6,20.6,23.1,0,6/1/2023,0,Saturday
2,7/16/2023,49430,8954,38890,1586,46450,689,96,2195,USW00094728,0.7,33.5,0,25.6,23.3,24.45,0,7/1/2023,0,Sunday
2,9/16/2023,57501,10929,44675,1897,53126,1489,252,2634,USW00094728,2.8,0,0,23.9,15.6,19.75,0,9/1/2023,0,Saturday
2,9/24/2023,48347,8070,38695,1582,45174,811,134,2228,USW00094728,5.3,31.8,0,18.9,16.7,17.8,0,9/1/2023,0,Sunday
2,10/28/2023,58231,10551,45886,1794,53894,1504,230,2603,USW00094728,2.2,0,0,26.7,17.2,21.95,0,10/1/2023,0,Saturday
2,11/24/2023,43398,7954,34155,1289,37476,1585,262,4075,USW00094728,2.8,0,0,10.6,0.6,5.6,0,11/1/2023,0,Friday
2,12/16/2023,53970,9312,43084,1574,49413,1385,256,2916,USW00094728,2.6,0,0,12.2,7.8,10,0,12/1/2023,0,Saturday
2,12/24/2023,44187,8679,34045,1463,41467,546,78,2096,USW00094728,0.7,0.5,0,9.4,4.4,6.9,0,12/1/2023,0,Sunday
2,1/28/2024,40028,6350,32515,1163,37334,650,119,1925,USW00094728,4.2,20.8,0,6.7,2.8,4.75,0,1/1/2024,0,Sunday
2,2/17/2024,43596,7518,34755,1323,39564,1267,201,2564,USW00094728,3.4,4.6,51,2.2,-2.7,-0.25,0,2/1/2024,0,Saturday
2,3/16/2024,51529,8955,41068,1506,47307,1293,209,2720,USW00094728,2,0,0,16.1,8.3,12.2,0,3/1/2024,0,Saturday
2,3/24/2024,52093,8944,41588,1561,49028,717,111,2237,USW00094728,3.5,0,0,8.9,-0.5,4.2,0,3/1/2024,0,Sunday
2,4/28/2024,54579,9791,43133,1655,51429,779,145,2226,USW00094728,0.6,0.3,0,26.1,11.1,18.6,0,4/1/2024,0,Sunday
2,6/16/2024,57143,10732,44461,1950,54114,715,116,2198,USW00094728,2.3,0,0,25.6,17.2,21.4,0,6/1/2024,0,Sunday
2,7/28/2024,55530,10721,42935,1874,52365,768,135,2262,USW00094728,1.7,0,0,31.7,21.1,26.4,0,7/1/2024,0,Sunday
2,8/24/2024,59785,11820,46042,1923,55502,1398,239,2646,USW00094728,0.6,0,0,28.3,18.3,23.3,0,8/1/2024,0,Saturday
2,9/28/2024,52939,9364,41720,1855,48592,1508,263,2576,USW00094728,3.9,6.6,0,20,16.1,18.05,0,9/1/2024,0,Saturday
2,11/28/2024,44168,8216,34447,1505,41317,527,106,2218,USW00094728,2.5,21.8,0,9.4,5.6,7.5,0,11/1/2024,0,Thursday
2,11/16/2024,52313,8998,41689,1626,48073,1438,235,2567,USW00094728,3.8,0,0,16.7,7.2,11.95,0,11/1/2024,0,Saturday
2,11/24/2024,50642,8776,40171,1695,47304,847,140,2351,USW00094728,4.4,0,0,11.7,6.7,9.2,0,11/1/2024,0,Sunday
2,12/28/2024,47688,9229,37012,1447,43613,1261,186,2628,USW00094728,0.6,14.2,0,12.2,4.4,8.3,0,12/1/2024,0,Saturday
2,12/24/2024,42725,7831,33373,1521,35661,2187,258,4619,USW00094728,2.2,2.5,25,3.9,-2.1,0.9,0,12/1/2024,0,Tuesday
2,2/9/2025,30866,4705,24982,1179,28069,695,107,1995,USW00094728,2.2,1.5,3,2.2,-1,0.6,0,2/1/2025,0,Sunday
2,3/16/2025,43600,7052,35118,1430,40583,753,133,2131,USW00094728,3.1,0.3,0,16.1,8.3,12.2,0,3/1/2025,0,Sunday
2,5/24/2025,47186,8635,35833,2718,43150,1116,176,2744,USW00094728,2.6,0,0,17.8,8.9,13.35,0,5/1/2025,0,Saturday
4,1/28/2013,9464,944,8215,305,8499,466,440,59,USW00094728,2.1,5.6,0,2.2,-1.7,0.25,0,1/1/2013,0,Monday
4,1/16/2013,9727,960,8502,265,8736,475,450,66,USW00094728,2.2,17.5,0,2.8,0,1.4,0,1/1/2013,0,Wednesday
4,1/24/2013,10241,1021,8918,302,9232,480,460,69,USW00094728,3.8,0,0,-5.6,-11.1,-8.35,0,1/1/2013,0,Thursday
4,2/10/2013,5632,834,4662,136,5453,69,80,30,USW00094728,1.4,0,0,2.2,-7.8,-2.8,0,2/1/2013,0,Sunday
4,2/26/2013,10124,979,8867,278,9120,478,463,63,USW00094728,3.4,3.6,0,6.7,1.7,4.2,0,2/1/2013,0,Tuesday
4,2/9/2013,3292,508,2688,96,3198,55,28,11,USW00094728,3.8,9.7,130,0,-6.1,-3.05,0,2/1/2013,0,Saturday
4,3/28/2013,10592,1108,9209,275,9513,476,529,74,USW00094728,2.6,0,0,10.6,2.8,6.7,0,3/1/2013,0,Thursday
4,3/16/2013,7577,1194,6196,187,7261,186,99,31,USW00094728,1.7,3,8,5,0,2.5,0,3/1/2013,0,Saturday
4,3/24/2013,6781,1038,5594,149,6620,58,67,36,USW00094728,2.3,0,0,8.3,0.6,4.45,0,3/1/2013,0,Sunday
4,4/28/2013,7368,1121,6073,174,7237,65,43,23,USW00094728,2,0,0,20.6,10.6,15.6,0,4/1/2013,0,Sunday
4,4/16/2013,10546,1061,9182,303,9565,420,492,69,USW00094728,2.9,0,0,17.2,8.3,12.75,0,4/1/2013,0,Tuesday
4,4/24/2013,10491,994,9218,279,9439,483,488,81,USW00094728,2.2,0,0,20.6,6.7,13.65,0,4/1/2013,0,Wednesday
4,5/28/2013,10511,1042,9162,307,9490,469,466,86,USW00094728,1.2,13.2,0,20,13.3,16.65,0,5/1/2013,0,Tuesday
4,5/16/2013,10733,1166,9254,313,9757,409,478,89,USW00094728,1.6,0,0,26.1,16.7,21.4,0,5/1/2013,0,Thursday
4,5/24/2013,10637,1171,9139,327,9625,455,477,80,USW00094728,2.4,7.6,0,18.3,7.2,12.75,0,5/1/2013,0,Friday
4,6/28/2013,10364,1187,8839,338,9418,410,462,74,USW00094728,2.3,0,0,29.4,22.8,26.1,0,6/1/2013,0,Friday
4,6/16/2013,7918,1303,6418,197,7793,55,47,23,USW00094728,1.7,0,0,26.7,18.3,22.5,0,6/1/2013,0,Sunday
4,6/24/2013,10538,1157,8977,404,9534,442,488,74,USW00094728,1.9,0,0,33.3,23.3,28.3,0,6/1/2013,0,Monday
4,7/28/2013,7722,1233,6286,203,7576,53,56,37,USW00094728,0.9,6.1,0,25.6,21.1,23.35,0,7/1/2013,0,Sunday
4,7/16/2013,10279,1099,8797,383,9318,440,435,86,USW00094728,2.1,0,0,34.4,25,29.7,0,7/1/2013,0,Tuesday
4,7/24/2013,10508,1082,9118,308,9479,448,510,71,USW00094728,2,0,0,28.3,20,24.15,0,7/1/2013,0,Wednesday
4,8/28/2013,10680,1024,9293,363,9510,462,610,98,USW00094728,1.2,10.9,0,30,21.7,25.85,0,8/1/2013,0,Wednesday
4,8/16/2013,11140,1278,9471,391,10008,525,518,89,USW00094728,0.9,0,0,27.8,17.8,22.8,0,8/1/2013,0,Friday
4,8/24/2013,8273,1394,6611,268,7919,216,105,33,USW00094728,2.2,0,0,26.7,18.3,22.5,0,8/1/2013,0,Saturday
4,9/28/2013,8259,1250,6733,276,7885,225,116,33,USW00094728,2,0,0,22.8,13.3,18.05,0,9/1/2013,0,Saturday
4,9/16/2013,10134,982,8783,369,9079,488,509,58,USW00094728,2.1,0.8,0,22.8,13.3,18.05,0,9/1/2013,0,Monday
4,9/24/2013,10375,981,9065,329,9281,487,536,71,USW00094728,1.8,0,0,22.8,8.3,15.55,0,9/1/2013,0,Tuesday
4,10/28/2013,10137,996,8842,300,9142,438,487,70,USW00094728,2,0,0,16.1,6.1,11.1,0,10/1/2013,0,Monday
4,10/16/2013,10608,969,9329,310,9560,447,521,80,USW00094728,1.4,0,0,19.4,13.3,16.35,0,10/1/2013,0,Wednesday
4,10/24/2013,10603,1013,9356,234,9623,453,443,84,USW00094728,3,0,0,12.2,5,8.6,0,10/1/2013,0,Thursday
4,11/28/2013,7460,1247,6014,199,7381,39,27,13,USW00094728,3.2,0,0,1.7,-1,0.35,0,11/1/2013,0,Thursday
4,11/16/2013,8275,1299,6724,252,7960,181,101,33,USW00094728,1.2,1.3,0,15.6,7.2,11.4,0,11/1/2013,0,Saturday
4,11/24/2013,6201,944,5109,148,6073,52,55,21,USW00094728,5.4,0,0,-1,-4.9,-2.95,0,11/1/2013,0,Sunday
4,12/28/2013,7423,1210,6001,212,7144,140,118,21,USW00094728,3.2,0,0,12.8,2.2,7.5,0,12/1/2013,0,Saturday
4,12/16/2013,9726,984,8485,257,8847,388,425,66,USW00094728,3.5,0,0,0.6,-3.8,-1.6,0,12/1/2013,0,Monday
4,12/24/2013,9594,1276,8108,210,9150,239,165,40,USW00094728,3.7,0,0,5.6,-3.2,1.2,0,12/1/2013,0,Tuesday
4,1/28/2014,8708,726,7780,203,7862,354,441,51,USW00094728,2.7,0,0,-6,-11,-8.5,0,1/1/2014,0,Tuesday
4,1/16/2014,9535,847,8445,243,8596,361,474,104,USW00094728,1.8,0,0,5.6,2.2,3.9,0,1/1/2014,0,Thursday
4,1/24/2014,9418,885,8298,235,8625,361,383,49,USW00094728,3.6,0,0,-6.6,-12.1,-9.35,0,1/1/2014,0,Friday
4,2/10/2014,8463,749,7475,239,7564,411,426,62,USW00094728,3.2,0,0,-1.6,-6,-3.8,0,2/1/2014,0,Monday
4,2/26/2014,8355,726,7403,226,7488,346,466,55,USW00094728,2.4,0.8,5,-0.5,-6.6,-3.55,0,2/1/2014,0,Wednesday
4,2/9/2014,5199,735,4348,116,5094,43,28,34,USW00094728,1.6,2.5,30,-0.5,-6,-3.25,0,2/1/2014,0,Sunday
4,3/28/2014,9488,1003,8257,228,8740,359,330,59,USW00094728,2.4,1,0,16.7,2.8,9.75,0,3/1/2014,0,Friday
4,3/16/2014,5911,894,4866,151,5825,37,33,16,USW00094728,3.4,0,0,5.6,-1,2.3,0,3/1/2014,0,Sunday
4,3/24/2014,8656,850,7562,244,7817,367,425,47,USW00094728,3,0,0,1.7,-6,-2.15,0,3/1/2014,0,Monday
4,4/28/2014,8492,799,7470,223,7749,372,318,53,USW00094728,1.9,0,0,19.4,7.2,13.3,0,4/1/2014,0,Monday
4,4/16/2014,8387,759,7433,195,7679,356,308,44,USW00094728,3.4,1.3,0,9.4,-0.5,4.45,0,4/1/2014,0,Wednesday
4,4/24/2014,9011,835,7933,243,8199,377,375,60,USW00094728,3.8,0,0,16.7,5.6,11.15,0,4/1/2014,0,Thursday
4,5/30/2014,9993,997,8730,266,9078,382,459,74,USW00094728,1.1,0,0,23.9,12.8,18.35,0,5/1/2014,0,Friday
4,5/19/2014,8624,816,7579,229,7776,387,410,51,USW00094728,2.1,0,0,22.2,9.4,15.8,0,5/1/2014,0,Monday
4,5/15/2014,8722,762,7744,216,7968,342,352,60,USW00094728,2.4,3.8,0,21.7,14.4,18.05,0,5/1/2014,0,Thursday
4,6/28/2014,6476,1141,5143,192,6284,110,43,39,USW00094728,1.3,0,0,30.6,18.9,24.75,0,6/1/2014,0,Saturday
4,6/16/2014,9062,865,7940,257,8169,409,439,45,USW00094728,1.3,0,0,27.2,17.2,22.2,0,6/1/2014,0,Monday
4,6/24/2014,8982,812,7957,213,8175,358,392,57,USW00094728,2.2,0,0,27.2,20,23.6,0,6/1/2014,0,Tuesday
4,7/28/2014,8548,878,7478,192,7765,357,370,56,USW00094728,3.3,4.8,0,27.8,20,23.9,0,7/1/2014,0,Monday
4,7/16/2014,8804,839,7732,234,7968,348,426,62,USW00094728,1.7,0,0,27.2,20,23.6,0,7/1/2014,0,Wednesday
4,7/24/2014,8927,904,7783,240,8074,401,397,55,USW00094728,2.2,0,0,26.7,21.1,23.9,0,7/1/2014,0,Thursday
4,8/28/2014,8871,920,7754,197,8059,334,425,53,USW00094728,2.4,0,0,27.8,18.9,23.35,0,8/1/2014,0,Thursday
4,8/16/2014,74,13,52,9,72,2,0,0,USW00094728,1.8,0,0,25.6,17.2,21.4,0,8/1/2014,0,Saturday
4,8/24/2014,6691,1103,5458,130,6590,40,25,36,USW00094728,1.4,0,0,26.7,17.8,22.25,0,8/1/2014,0,Sunday
4,9/10/2014,8501,755,7526,220,7739,360,357,45,USW00094728,2.6,0,0,26.7,17.2,21.95,0,9/1/2014,0,Wednesday
4,9/28/2014,5785,899,4762,124,5641,63,30,51,USW00094728,0.8,0,0,28.9,17.8,23.35,0,9/1/2014,0,Sunday
4,9/9/2014,8443,754,7484,205,7704,335,358,46,USW00094728,3.5,0,0,22.8,17.2,20,0,9/1/2014,0,Tuesday
4,10/28/2014,8633,723,7712,198,7912,317,352,52,USW00094728,1.3,0,0,22.2,11.7,16.95,0,10/1/2014,0,Tuesday
4,10/16/2014,8119,761,7156,202,7389,346,333,51,USW00094728,1.8,28.2,0,21.7,16.1,18.9,0,10/1/2014,0,Thursday
4,10/24/2014,9014,866,7927,221,8275,333,343,63,USW00094728,2,0,0,17.2,10.6,13.9,0,10/1/2014,0,Friday
4,11/10/2014,8488,843,7420,226,7729,378,324,57,USW00094728,1.1,0,0,16.1,6.7,11.4,0,11/1/2014,0,Monday
4,11/28/2014,6586,898,5480,208,6090,213,242,41,USW00094728,2.6,0,0,2.8,-1.6,0.6,0,11/1/2014,0,Friday
4,11/9/2014,5393,798,4466,129,5306,45,23,19,USW00094728,1.2,0,0,13.9,7.8,10.85,0,11/1/2014,0,Sunday
4,12/28/2014,5129,822,4188,119,5046,48,22,13,USW00094728,2.6,2.5,0,12.2,6.1,9.15,0,12/1/2014,0,Sunday
4,12/16/2014,8745,727,7778,241,8007,332,348,58,USW00094728,1.7,5.1,0,9.4,3.3,6.35,0,12/1/2014,0,Tuesday
4,12/24/2014,8666,1073,7403,190,8198,274,158,36,USW00094728,2.6,20.3,0,14.4,6.7,10.55,0,12/1/2014,0,Wednesday
4,1/28/2015,7226,621,6406,199,6618,286,274,48,USW00094728,3.4,0,0,1.1,-8.8,-3.85,0,1/1/2015,0,Wednesday
4,1/16/2015,8524,838,7503,183,7813,327,327,57,USW00094728,4.4,0,0,6.1,-6.6,-0.25,0,1/1/2015,0,Friday
4,1/24/2015,3781,581,3109,91,3644,89,39,9,USW00094728,2.7,18.3,91,3.9,0.6,2.25,0,1/1/2015,0,Saturday
4,2/10/2015,5990,438,5431,121,5560,207,183,40,USW00094728,4.7,0.3,3,4.4,-3.2,0.6,0,2/1/2015,0,Tuesday
4,2/26/2015,6026,443,5479,104,5616,172,195,43,USW00094728,3.2,0,0,0,-6,-3,0,2/1/2015,0,Thursday
4,2/9/2015,6876,635,6051,190,6183,335,312,46,USW00094728,4.9,2.3,0,-1.6,-3.8,-2.7,0,2/1/2015,0,Monday
4,3/30/2015,7730,646,6895,189,7032,332,321,45,USW00094728,3.5,0,0,12.2,2.2,7.2,0,3/1/2015,0,Monday
4,3/17/2015,7645,635,6883,127,7055,285,256,49,USW00094728,4.3,0.5,0,13.9,1.1,7.5,0,3/1/2015,0,Tuesday
4,3/13/2015,7040,656,6219,165,6606,207,184,43,USW00094728,2.9,0,0,6.1,-0.5,2.8,0,3/1/2015,0,Friday
4,4/28/2015,6006,397,5484,125,5566,182,213,45,USW00094728,3.5,0,0,21.7,10,15.85,0,4/1/2015,0,Tuesday
4,4/16/2015,6481,465,5865,151,6054,221,169,37,USW00094728,2.9,0,0,17.8,11.1,14.45,0,4/1/2015,0,Thursday
4,4/24/2015,6755,577,6024,154,6388,176,143,48,USW00094728,3.8,0,0,11.1,3.9,7.5,0,4/1/2015,0,Friday
4,5/28/2015,6530,498,5869,163,6136,164,192,38,USW00094728,1.8,0,0,29.4,21.1,25.25,0,5/1/2015,0,Thursday
4,5/16/2015,5032,762,4123,147,4888,97,25,22,USW00094728,0.9,7.6,0,23.9,13.9,18.9,0,5/1/2015,0,Saturday
4,5/24/2015,5695,1087,4454,154,5605,51,21,18,USW00094728,1.7,0,0,27.2,13.3,20.25,0,5/1/2015,0,Sunday
4,6/28/2015,6483,938,5391,154,6360,74,26,23,USW00094728,2.4,7.4,0,22.8,16.7,19.75,0,6/1/2015,0,Sunday
4,6/16/2015,6158,422,5612,124,5805,166,148,39,USW00094728,1,6.9,0,26.1,18.3,22.2,0,6/1/2015,0,Tuesday
4,6/24/2015,6837,558,6127,152,6415,208,170,44,USW00094728,2.1,0,0,28.9,20,24.45,0,6/1/2015,0,Wednesday
4,7/28/2015,5972,460,5357,155,5621,174,139,38,USW00094728,1.2,0,0,35,23.9,29.45,0,7/1/2015,0,Tuesday
4,7/16/2015,6191,529,5532,130,5816,176,163,36,USW00094728,2.5,0,0,26.7,17.8,22.25,0,7/1/2015,0,Thursday
4,7/24/2015,6963,700,6064,199,6539,207,178,39,USW00094728,0.9,0,0,30.6,21.1,25.85,0,7/1/2015,0,Friday
4,8/28/2015,6627,620,5837,170,6260,203,121,43,USW00094728,1.1,0,0,27.8,17.2,22.5,0,8/1/2015,0,Friday
4,8/16/2015,6101,1059,4890,152,6022,40,17,22,USW00094728,0.7,0,0,33.9,24.4,29.15,0,8/1/2015,0,Sunday
4,8/24/2015,5578,449,5006,123,5226,171,148,33,USW00094728,1.1,0,0,30.6,22.8,26.7,0,8/1/2015,0,Monday
4,9/28/2015,5484,345,4993,146,5125,167,160,32,USW00094728,1.5,0,0,25.6,18.3,21.95,0,9/1/2015,0,Monday
4,9/16/2015,6197,407,5645,145,5801,194,168,34,USW00094728,0.6,0,0,31.1,18.9,25,0,9/1/2015,0,Wednesday
4,9/24/2015,6136,418,5559,159,5715,199,186,36,USW00094728,1.9,0,0,27.8,15.6,21.7,0,9/1/2015,0,Thursday
4,10/9/2015,5955,488,5290,177,5605,176,144,30,USW00094728,1.8,22.6,0,25.6,16.1,20.85,0,10/1/2015,0,Friday
4,10/16/2015,6063,475,5418,170,5687,184,153,39,USW00094728,2.4,0,0,17.8,11.7,14.75,0,10/1/2015,0,Friday
4,10/12/2015,5898,515,5219,164,5643,126,98,31,USW00094728,1.7,0,0,25,13.3,19.15,0,10/1/2015,0,Monday
4,11/9/2015,6496,512,5803,181,6050,230,182,34,USW00094728,0.9,0,0,15,6.1,10.55,0,11/1/2015,0,Monday
4,11/19/2015,5916,348,5425,143,5555,168,161,32,USW00094728,2.5,31.8,0,17.8,13.9,15.85,0,11/1/2015,0,Thursday
4,11/1/2015,5131,703,4298,130,5006,42,11,72,USW00094728,2.2,0,0,18.3,12.2,15.25,0,11/1/2015,0,Sunday
4,12/30/2015,7215,663,6343,209,6719,274,178,44,USW00094728,1.8,4.8,0,8.9,3.3,6.1,0,12/1/2015,0,Wednesday
4,12/19/2015,4161,657,3386,118,4061,69,15,16,USW00094728,4.2,0,0,4.4,1.7,3.05,0,12/1/2015,0,Saturday
4,12/15/2015,5764,359,5267,138,5407,177,147,33,USW00094728,4.7,2.3,0,20,11.7,15.85,0,12/1/2015,0,Tuesday
4,1/28/2016,5388,295,4946,147,5056,164,137,31,USW00094728,2,0,0,5.6,0,2.8,0,1/1/2016,0,Thursday
4,1/17/2016,3154,399,2650,105,3100,28,12,14,USW00094728,2.5,1.3,10,5.6,-1,2.3,0,1/1/2016,0,Sunday
4,1/13/2016,5605,331,5141,133,5289,146,137,33,USW00094728,4.4,0,0,-1,-5.5,-3.25,0,1/1/2016,0,Wednesday
4,2/9/2016,5391,297,4970,124,5042,173,145,31,USW00094728,1.8,0,0,2.2,-2.7,-0.25,0,2/1/2016,0,Tuesday
4,2/17/2016,5616,374,5126,116,5246,196,139,35,USW00094728,3.3,0,0,3.9,1.7,2.8,0,2/1/2016,0,Wednesday
4,3/11/2016,5556,398,5030,128,5205,168,148,35,USW00094728,2.7,1.5,0,20,8.9,14.45,0,3/1/2016,0,Friday
4,3/29/2016,5410,307,4994,109,5049,190,134,37,USW00094728,5.2,0,0,11.7,4.4,8.05,0,3/1/2016,0,Tuesday
4,3/10/2016,5564,310,5133,122,5192,177,160,35,USW00094728,2.2,0,0,26.1,17.2,21.65,0,3/1/2016,0,Thursday
4,4/11/2016,5343,335,4878,130,4998,185,127,33,USW00094728,3.1,0.3,0,18.3,6.1,12.2,0,4/1/2016,0,Monday
4,4/20/2016,5079,297,4663,119,4741,162,143,33,USW00094728,2.7,0,0,20.6,9.4,15,0,4/1/2016,0,Wednesday
4,4/1/2016,5187,338,4716,133,4883,156,112,36,USW00094728,3,0.5,0,26.1,16.1,21.1,0,4/1/2016,0,Friday
4,5/29/2016,4847,775,3912,160,4783,44,10,10,USW00094728,2.2,0,0,30.6,21.1,25.85,0,5/1/2016,0,Sunday
4,5/17/2016,5294,319,4844,131,4982,150,130,32,USW00094728,1.7,0,0,17.8,11.1,14.45,0,5/1/2016,0,Tuesday
4,5/25/2016,4973,315,4539,119,4657,156,132,28,USW00094728,1.9,0,0,31.1,16.1,23.6,0,5/1/2016,0,Wednesday
4,6/28/2016,4940,279,4522,139,4616,166,131,27,USW00094728,1.6,3,0,24.4,20,22.2,0,6/1/2016,0,Tuesday
4,6/16/2016,5408,336,4953,119,5078,155,140,35,USW00094728,0.8,5.6,0,23.3,18.3,20.8,0,6/1/2016,0,Thursday
4,6/24/2016,5994,509,5311,174,5647,161,153,33,USW00094728,2.8,0,0,28.9,19.4,24.15,0,6/1/2016,0,Friday
4,7/11/2016,4911,309,4465,137,4591,163,123,34,USW00094728,1.5,0,0,27.2,18.3,22.75,0,7/1/2016,0,Monday
4,7/29/2016,5621,497,4965,159,5305,168,121,27,USW00094728,1.9,27.7,0,29.4,20.6,25,0,7/1/2016,0,Friday
4,7/9/2016,9,1,7,1,9,0,0,0,USW00094728,1.8,13.5,0,22.2,18.3,20.25,0,7/1/2016,0,Saturday
4,8/29/2016,4865,326,4398,141,4518,171,146,30,USW00094728,2.4,0,0,32.8,23.3,28.05,0,8/1/2016,0,Monday
4,8/17/2016,5243,338,4774,131,4885,183,140,35,USW00094728,2.4,0.3,0,29.4,25,27.2,0,8/1/2016,0,Wednesday
4,8/25/2016,5092,330,4617,145,4738,172,146,36,USW00094728,2.2,0.3,0,30,20.6,25.3,0,8/1/2016,0,Thursday
4,9/9/2016,5992,414,5386,192,5641,153,159,39,USW00094728,1.7,5.6,0,32.8,23.9,28.35,0,9/1/2016,0,Friday
4,9/15/2016,5267,285,4833,149,4938,179,116,34,USW00094728,2.2,0,0,23.3,16.1,19.7,0,9/1/2016,0,Thursday
4,9/11/2016,1441,170,1207,64,1429,7,5,0,USW00094728,2.6,0,0,28.3,19.4,23.85,0,9/1/2016,0,Sunday
4,10/30/2016,1364,149,1168,47,1357,0,5,2,USW00094728,1.7,14.2,0,24.4,12.2,18.3,0,10/1/2016,0,Sunday
4,10/17/2016,5034,267,4614,153,4733,157,115,29,USW00094728,1.2,0,0,27.2,17.2,22.2,0,10/1/2016,0,Monday
4,10/13/2016,5308,297,4894,117,4994,148,132,34,USW00094728,1.3,0,0,19.4,11.7,15.55,0,10/1/2016,0,Thursday
4,11/28/2016,5298,328,4811,159,4932,185,147,34,USW00094728,1.5,0,0,11.1,3.3,7.2,0,11/1/2016,0,Monday
4,11/16/2016,5397,329,4910,158,5048,166,151,32,USW00094728,1.8,0,0,16.1,7.2,11.65,0,11/1/2016,0,Wednesday
4,11/24/2016,5851,857,4812,182,5800,31,13,7,USW00094728,2,0.8,0,8.9,3.3,6.1,0,11/1/2016,0,Thursday
4,12/28/2016,7762,733,6767,262,7296,274,148,44,USW00094728,2.3,0,0,4.4,1.1,2.75,0,12/1/2016,0,Wednesday
4,12/16/2016,6270,595,5498,177,5920,187,126,37,USW00094728,2.7,0,0,-2.7,-8.2,-5.45,0,12/1/2016,0,Friday
4,12/24/2016,4614,625,3819,170,4535,70,8,1,USW00094728,2.2,11.9,0,8.3,3.3,5.8,0,12/1/2016,0,Saturday
4,1/28/2017,348,45,291,12,347,1,0,0,USW00094728,3.5,0,0,3.9,1.1,2.5,0,1/1/2017,0,Saturday
4,1/16/2017,4197,369,3719,110,3950,127,87,33,USW00094728,2.1,0,0,6.1,-1,2.55,0,1/1/2017,0,Monday
4,1/24/2017,4949,278,4547,124,4633,170,113,33,USW00094728,4.5,30,0,3.3,1.7,2.5,0,1/1/2017,0,Tuesday
4,2/9/2017,1950,137,1747,66,1791,101,34,24,USW00094728,5.5,29.5,239,6.7,-7.1,-0.2,0,2/1/2017,0,Thursday
4,2/17/2017,4816,328,4367,121,4493,161,132,30,USW00094728,3.8,0,0,5,-3.2,0.9,0,2/1/2017,0,Friday
4,2/1/2017,5258,304,4795,159,4932,177,119,30,USW00094728,2.6,0,0,8.3,0.6,4.45,0,2/1/2017,0,Wednesday
4,3/28/2017,6604,0,6020,584,6014,285,253,52,USW00094728,2.6,18.3,0,7.8,5,6.4,0,3/1/2017,0,Tuesday
4,3/16/2017,6241,0,5631,610,5688,297,205,51,USW00094728,3.5,0,0,3.9,-4.3,-0.2,0,3/1/2017,0,Thursday
4,3/24/2017,7660,0,6814,846,7079,317,216,48,USW00094728,2.8,0,0,13.9,2.2,8.05,0,3/1/2017,0,Friday
4,4/28/2017,8060,0,7078,982,7436,348,235,41,USW00094728,1.4,0,0,29.4,14.4,21.9,0,4/1/2017,0,Friday
4,4/16/2017,8204,0,6687,1517,8160,21,16,7,USW00094728,3.3,0,0,30.6,15,22.8,0,4/1/2017,0,Sunday
4,4/24/2017,6842,0,6176,666,6184,337,271,50,USW00094728,1.6,0,0,15.6,8.9,12.25,0,4/1/2017,0,Monday
4,5/28/2017,6124,0,4993,1131,6023,73,21,7,USW00094728,2,0,0,21.7,14.4,18.05,0,5/1/2017,0,Sunday
4,5/16/2017,6876,0,6270,606,6291,327,215,43,USW00094728,1.9,0,0,26.1,13.3,19.7,0,5/1/2017,0,Tuesday
4,5/24/2017,6972,0,6335,637,6314,339,272,47,USW00094728,2.2,1,0,20.6,13.3,16.95,0,5/1/2017,0,Wednesday
4,6/28/2017,7635,0,6823,812,6950,350,292,43,USW00094728,2.2,0,0,25.6,16.1,20.85,0,6/1/2017,0,Wednesday
4,6/16/2017,8527,0,7497,1030,7861,360,257,49,USW00094728,2.3,0,0,20,17.2,18.6,0,6/1/2017,0,Friday
4,6/24/2017,5366,0,4333,1033,5204,114,38,10,USW00094728,2.4,32.8,0,28.9,21.7,25.3,0,6/1/2017,0,Saturday
4,7/28/2017,9011,0,7733,1278,8361,353,250,47,USW00094728,1.3,0,0,29.4,21.7,25.55,0,7/1/2017,0,Friday
4,7/16/2017,21,0,21,0,21,0,0,0,USW00094728,1.2,0,0,30.6,20,25.3,0,7/1/2017,0,Sunday
4,7/24/2017,6766,0,5986,780,6181,308,239,38,USW00094728,3,18.8,0,22.8,17.2,20,0,7/1/2017,0,Monday
4,8/28/2017,7603,0,6610,993,6790,382,390,41,USW00094728,2.8,0,0,24.4,17.2,20.8,0,8/1/2017,0,Monday
4,8/16/2017,7231,0,6443,788,6596,341,254,40,USW00094728,1,0,0,30.6,21.1,25.85,0,8/1/2017,0,Wednesday
4,8/24/2017,7413,0,6585,828,6719,352,303,39,USW00094728,1.4,0,0,26.7,18.3,22.5,0,8/1/2017,0,Thursday
4,9/28/2017,8627,0,7699,928,7905,371,297,54,USW00094728,2.6,0,0,26.1,15,20.55,0,9/1/2017,0,Thursday
4,9/16/2017,52,0,52,0,48,4,0,0,USW00094728,1.3,0,0,27.8,21.1,24.45,0,9/1/2017,0,Saturday
4,9/24/2017,12484,0,10416,2068,12320,96,28,40,USW00094728,0.7,0,0,32.8,20.6,26.7,0,9/1/2017,0,Sunday
4,10/28/2017,49,0,47,2,46,3,0,0,USW00094728,2.2,0,0,20.6,12.8,16.7,0,10/1/2017,0,Saturday
4,10/16/2017,7122,0,6356,766,6433,380,270,39,USW00094728,3,0.3,0,20.6,7.8,14.2,0,10/1/2017,0,Monday
4,10/24/2017,6859,0,6199,660,6248,306,262,43,USW00094728,2.5,5.1,0,23.3,19.4,21.35,0,10/1/2017,0,Tuesday
4,11/28/2017,7754,0,6811,943,7041,388,280,45,USW00094728,2,0,0,12.2,2.2,7.2,0,11/1/2017,0,Tuesday
4,11/16/2017,9065,0,8015,1050,8374,372,271,48,USW00094728,2.9,5.1,0,13.9,6.1,10,0,11/1/2017,0,Thursday
4,11/24/2017,6168,0,5112,1056,5790,188,156,34,USW00094728,1.7,0,0,10,1.7,5.85,0,11/1/2017,0,Friday
4,12/28/2017,7530,0,6517,1013,6894,340,257,39,USW00094728,3.6,0,0,-7.7,-11.6,-9.65,0,12/1/2017,0,Thursday
4,12/16/2017,6290,0,5159,1131,6152,101,27,10,USW00094728,3,0,0,3.9,-4.9,-0.5,0,12/1/2017,0,Saturday
4,12/24/2017,6381,0,5070,1311,6319,47,7,8,USW00094728,3.5,0.3,0,5,2.2,3.6,0,12/1/2017,0,Sunday
4,1/28/2018,5500,0,4622,878,5400,76,13,11,USW00094728,1.7,5.3,0,12.8,7.8,10.3,0,1/1/2018,0,Sunday
4,1/16/2018,8379,0,7346,1033,7679,383,273,44,USW00094728,1.8,0,0,2.2,-3.8,-0.8,0,1/1/2018,0,Tuesday
4,1/24/2018,8512,0,7573,939,7849,366,257,40,USW00094728,4.2,0,0,6.7,-2.7,2,0,1/1/2018,0,Wednesday
4,2/10/2018,5461,0,4571,890,5289,139,28,5,USW00094728,1,14.7,0,10,3.9,6.95,0,2/1/2018,0,Saturday
4,2/26/2018,8010,0,7093,917,7356,336,273,45,USW00094728,2,0,0,11.1,6.1,8.6,0,2/1/2018,0,Monday
4,2/9/2018,8502,0,7435,1067,7876,343,240,43,USW00094728,2.2,0,0,3.9,-3.2,0.35,0,2/1/2018,0,Friday
4,3/28/2018,8451,0,7572,879,7698,448,262,43,USW00094728,1.8,0.8,0,11.1,3.3,7.2,0,3/1/2018,0,Wednesday
4,3/16/2018,8143,0,7175,968,7318,456,329,40,USW00094728,4.4,0,0,4.4,-1,1.7,0,3/1/2018,0,Friday
4,3/24/2018,6634,0,5495,1139,6382,168,68,16,USW00094728,2.7,0,0,10.6,1.7,6.15,0,3/1/2018,0,Saturday
4,4/28/2018,31,0,30,1,31,0,0,0,USW00094728,1.5,2.5,0,20,10,15,0,4/1/2018,0,Saturday
4,4/16/2018,7457,0,6598,859,6886,324,204,43,USW00094728,5.1,71.6,0,15.6,3.9,9.75,0,4/1/2018,0,Monday
4,4/24/2018,8622,0,7655,967,7920,386,271,45,USW00094728,1.9,1.3,0,18.9,7.8,13.35,0,4/1/2018,0,Tuesday
4,5/28/2018,6858,0,5663,1195,6730,89,28,11,USW00094728,0.8,0,0,20.6,13.3,16.95,0,5/1/2018,0,Monday
4,5/16/2018,9186,0,7510,1676,8473,380,290,43,USW00094728,1.1,8.6,0,17.8,13.3,15.55,0,5/1/2018,0,Wednesday
4,5/24/2018,10193,0,8935,1258,9348,477,312,56,USW00094728,1.3,0,0,28.3,17.2,22.75,0,5/1/2018,0,Thursday
4,6/28/2018,9381,0,8168,1213,8697,359,269,56,USW00094728,1.3,34.5,0,28.3,21.1,24.7,0,6/1/2018,0,Thursday
4,6/16/2018,7378,0,6002,1376,7121,185,59,13,USW00094728,1,0,0,29.4,17.8,23.6,0,6/1/2018,0,Saturday
4,6/24/2018,10251,0,8499,1752,10103,105,22,21,USW00094728,1,0,0,28.9,18.9,23.9,0,6/1/2018,0,Sunday
4,7/28/2018,5288,0,4257,1031,5187,79,13,9,USW00094728,0.5,0,0,29.4,21.1,25.25,0,7/1/2018,0,Saturday
4,7/16/2018,8100,0,7022,1078,7426,348,281,45,USW00094728,1,0,0,32.2,23.9,28.05,0,7/1/2018,0,Monday
4,7/24/2018,8392,0,7403,989,7719,351,274,48,USW00094728,2.3,0.5,0,27.8,23.9,25.85,0,7/1/2018,0,Tuesday
4,8/28/2018,8187,0,7142,1045,7542,360,245,40,USW00094728,1.7,0,0,34.4,26.1,30.25,0,8/1/2018,0,Tuesday
4,8/16/2018,8876,0,7724,1152,8138,420,273,45,USW00094728,1.3,0,0,31.1,24.4,27.75,0,8/1/2018,0,Thursday
4,8/24/2018,9380,0,7978,1402,8727,349,254,50,USW00094728,0.5,0,0,27.8,18.3,23.05,0,8/1/2018,0,Friday
4,9/28/2018,8439,0,7288,1151,7765,362,267,45,USW00094728,1.7,19.6,0,18.3,13.3,15.8,0,9/1/2018,0,Friday
4,9/16/2018,8201,0,6696,1505,8082,90,18,11,USW00094728,2.2,0,0,28.9,19.4,24.15,0,9/1/2018,0,Sunday
4,9/24/2018,7678,0,6759,919,7067,351,221,39,USW00094728,3.2,0,0,20.6,13.9,17.25,0,9/1/2018,0,Monday
4,10/28/2018,9534,0,7877,1657,9413,89,15,17,USW00094728,2.2,1.8,0,11.1,7.2,9.15,0,10/1/2018,0,Sunday
4,10/16/2018,7957,0,7010,947,7252,410,248,47,USW00094728,2.2,0.3,0,15.6,8.3,11.95,0,10/1/2018,0,Tuesday
4,10/24/2018,8368,0,7408,960,7708,387,227,46,USW00094728,2.2,0,0,12.2,6.7,9.45,0,10/1/2018,0,Wednesday
4,11/28/2018,8471,0,7581,890,7707,453,262,49,USW00094728,2.2,0,0,5.6,2.2,3.9,0,11/1/2018,0,Wednesday
4,11/16/2018,8062,0,7026,1036,7486,348,192,36,USW00094728,2.2,7.9,0,7.2,1.1,4.15,0,11/1/2018,0,Friday
4,11/24/2018,6334,0,5263,1071,6183,126,22,3,USW00094728,2.2,24.6,0,9.4,-0.5,4.45,0,11/1/2018,0,Saturday
4,12/28/2018,8439,0,7282,1157,7790,373,235,41,USW00094728,2.2,29.2,0,15.6,6.1,10.85,0,12/1/2018,0,Friday
4,12/16/2018,5290,0,4429,861,5238,41,6,5,USW00094728,2.2,36.3,0,7.8,1.7,4.75,0,12/1/2018,0,Sunday
4,12/24/2018,7972,0,6748,1224,7612,238,80,42,USW00094728,2.2,3,0,6.1,2.2,4.15,0,12/1/2018,0,Monday
4,1/28/2019,7984,0,7136,848,7312,392,236,44,USW00094728,2.2,0,0,3.3,-3.8,-0.25,0,1/1/2019,0,Monday
4,1/16/2019,8068,0,7260,808,7414,352,262,40,USW00094728,2.2,0,0,3.9,-1,1.45,0,1/1/2019,0,Wednesday
4,1/24/2019,7485,0,6676,809,6884,344,218,39,USW00094728,2.2,33.8,0,15,1.7,8.35,0,1/1/2019,0,Thursday
4,2/11/2019,7862,949,6913,0,7256,318,258,30,USW00094728,2.2,0,0,3.3,-1,1.15,0,2/1/2019,0,Monday
4,2/19/2019,8762,980,7782,0,8072,338,322,30,USW00094728,2.2,0,0,2.2,-4.9,-1.35,0,2/1/2019,0,Tuesday
4,2/1/2019,7544,0,6602,942,6968,322,213,41,USW00094728,2.2,0,0,-6,-11.6,-8.8,0,2/1/2019,0,Friday
4,3/28/2019,9093,1042,8051,0,8387,389,269,48,USW00094728,0.7,0,0,11.7,2.8,7.25,0,3/1/2019,0,Thursday
4,3/16/2019,6615,1056,5559,0,6463,113,31,8,USW00094728,4.5,0,0,14.4,2.8,8.6,0,3/1/2019,0,Saturday
4,3/24/2019,6656,1115,5541,0,6566,68,15,7,USW00094728,2,0,0,15.6,3.3,9.45,0,3/1/2019,0,Sunday
4,4/11/2019,9315,993,8322,0,8599,352,328,36,USW00094728,1.4,0,0,12.8,4.4,8.6,0,4/1/2019,0,Thursday
4,4/27/2019,12,3,9,0,12,0,0,0,USW00094728,3.1,1.8,0,14.4,8.3,11.35,0,4/1/2019,0,Saturday
4,4/10/2019,9339,1024,8315,0,8615,382,295,47,USW00094728,2.9,0,0,15.6,7.2,11.4,0,4/1/2019,0,Wednesday
4,5/28/2019,9209,748,8167,294,8500,416,255,38,USW00094728,1.9,4.3,0,21.7,16.7,19.2,0,5/1/2019,0,Tuesday
4,5/16/2019,10060,880,8924,256,9413,351,275,21,USW00094728,1.2,3,0,22.8,11.1,16.95,0,5/1/2019,0,Thursday
4,5/24/2019,12038,1210,10465,363,11293,385,296,64,USW00094728,3.4,0,0,22.8,16.1,19.45,0,5/1/2019,0,Friday
4,6/28/2019,13255,1593,11266,396,12475,437,290,53,USW00094728,1.1,0,0,31.7,22.8,27.25,0,6/1/2019,0,Friday
4,6/16/2019,10817,1415,9041,361,10731,62,16,8,USW00094728,2.3,1,0,26.7,18.3,22.5,0,6/1/2019,0,Sunday
4,6/24/2019,9642,939,8352,351,8928,392,304,18,USW00094728,0.8,0,0,28.9,19.4,24.15,0,6/1/2019,0,Monday
4,7/28/2019,13335,1829,11030,476,13239,58,34,4,USW00094728,2.4,0.3,0,31.1,21.7,26.4,0,7/1/2019,0,Sunday
4,7/16/2019,9875,937,8613,325,9115,381,322,57,USW00094728,1.3,0,0,32.8,22.2,27.5,0,7/1/2019,0,Tuesday
4,7/24/2019,10340,968,9046,326,9613,357,317,53,USW00094728,1.3,0.5,0,28.3,19.4,23.85,0,7/1/2019,0,Wednesday
4,8/28/2019,11353,1153,9830,370,10582,408,309,54,USW00094728,1.7,2,0,23.3,19.4,21.35,0,8/1/2019,0,Wednesday
4,8/16/2019,10605,1105,9147,353,9936,322,298,49,USW00094728,1.2,0,0,26.1,20,23.05,0,8/1/2019,0,Friday
4,8/24/2019,10784,1572,8825,387,10465,201,100,18,USW00094728,2.3,0,0,24.4,17.8,21.1,0,8/1/2019,0,Saturday
4,9/28/2019,8105,1137,6678,290,7894,141,61,9,USW00094728,1.3,0,0,27.8,18.3,23.05,0,9/1/2019,0,Saturday
4,9/16/2019,9662,847,8449,366,8962,362,293,45,USW00094728,0.9,0,0,25,20,22.5,0,9/1/2019,0,Monday
4,9/24/2019,9797,905,8537,355,9011,436,305,45,USW00094728,2.6,0,0,24.4,17.2,20.8,0,9/1/2019,0,Tuesday
4,10/28/2019,9809,904,8576,329,9039,414,305,51,USW00094728,1.6,0,0,17.2,12.8,15,0,10/1/2019,0,Monday
4,10/16/2019,10616,951,9338,327,9828,415,326,47,USW00094728,2.9,46.5,0,18.9,11.1,15,0,10/1/2019,0,Wednesday
4,10/24/2019,10876,961,9563,352,10102,413,306,55,USW00094728,1.4,0,0,19.4,10,14.7,0,10/1/2019,0,Thursday
4,11/28/2019,9628,1339,7934,355,9563,51,7,7,USW00094728,5.1,0,0,11.7,2.8,7.25,0,11/1/2019,0,Thursday
4,11/16/2019,9465,1257,7854,354,9250,147,53,15,USW00094728,4.6,0,0,5.6,-0.5,2.55,0,11/1/2019,0,Saturday
4,11/24/2019,8755,1065,7346,344,8664,67,13,11,USW00094728,3.6,22.9,0,7.8,4.4,6.1,0,11/1/2019,0,Sunday
4,12/28/2019,11242,1588,9274,380,10942,150,129,21,USW00094728,1.8,0,0,10.6,6.1,8.35,0,12/1/2019,0,Saturday
4,12/16/2019,10124,892,8821,411,9247,503,321,53,USW00094728,1.7,2.5,0,2.8,0.6,1.7,0,12/1/2019,0,Monday
4,12/24/2019,11288,1349,9506,433,10858,276,111,43,USW00094728,2.6,0,0,8.3,2.2,5.25,0,12/1/2019,0,Tuesday
4,1/28/2020,9429,732,8400,297,8684,413,285,47,USW00094728,3.8,0,0,6.1,2.8,4.45,0,1/1/2020,0,Tuesday
4,1/16/2020,10484,926,9190,368,9769,371,305,39,USW00094728,4.6,2.8,0,9.4,0.6,5,0,1/1/2020,0,Thursday
4,1/24/2020,10063,899,8826,338,9397,362,252,52,USW00094728,2.2,0,0,10.6,2.8,6.7,0,1/1/2020,0,Friday
4,2/28/2020,10356,974,8965,417,9633,407,251,65,USW00094728,4.4,0,0,5.6,-1.6,2,0,2/1/2020,0,Friday
4,2/17/2020,8261,842,7068,351,7839,260,122,40,USW00094728,2.3,0,0,10.6,3.3,6.95,0,2/1/2020,0,Monday
4,2/13/2020,9823,872,8608,343,9110,392,269,52,USW00094728,1.9,9.9,0,6.7,2.8,4.75,0,2/1/2020,0,Thursday
4,3/28/2020,3132,436,2547,149,2991,114,27,0,USW00094728,3.3,11.4,0,12.2,6.7,9.45,0,3/1/2020,0,Saturday
4,3/16/2020,8269,1148,6802,319,7569,404,261,35,USW00094728,4,0,0,7.2,0.6,3.9,0,3/1/2020,0,Monday
4,3/24/2020,5074,788,4069,217,4536,338,179,21,USW00094728,3,0,0,12.8,2.2,7.5,0,3/1/2020,0,Tuesday
4,4/28/2020,6087,698,5126,263,5478,353,232,24,USW00094728,1.7,0,0,19.4,5,12.2,0,4/1/2020,0,Tuesday
4,4/16/2020,5085,561,4286,238,4562,317,188,18,USW00094728,4.1,0,0,10,3.3,6.65,0,4/1/2020,0,Thursday
4,4/24/2020,5354,598,4495,261,4904,239,188,23,USW00094728,3.2,12.2,0,9.4,5.6,7.5,0,4/1/2020,0,Friday
4,5/28/2020,7407,849,6257,301,6747,370,263,27,USW00094728,2.2,0,0,24.4,17.8,21.1,0,5/1/2020,0,Thursday
4,5/16/2020,5527,872,4417,238,5354,130,30,13,USW00094728,1.7,0.3,0,25,15,20,0,5/1/2020,0,Saturday
4,5/24/2020,5108,758,4098,252,5036,54,12,6,USW00094728,2.2,0,0,19.4,11.1,15.25,0,5/1/2020,0,Sunday
4,6/28/2020,6397,1048,5087,262,6325,53,17,2,USW00094728,1,2.8,0,32.2,21.1,26.65,0,6/1/2020,0,Sunday
4,6/16/2020,8133,1074,6710,349,7470,400,237,26,USW00094728,2.2,0,0,25.6,15.6,20.6,0,6/1/2020,0,Tuesday
4,6/24/2020,8740,1166,7232,342,8073,369,262,36,USW00094728,1.9,0,0,30,23.3,26.65,0,6/1/2020,0,Wednesday
4,7/28/2020,8818,1181,7261,376,8143,370,274,31,USW00094728,2.1,0,0,33.9,26.7,30.3,0,7/1/2020,0,Tuesday
4,7/16/2020,8937,1123,7485,329,8248,399,262,28,USW00094728,1.7,0,0,25.6,20.6,23.1,0,7/1/2020,0,Thursday
4,7/24/2020,9271,1262,7630,379,8570,392,275,34,USW00094728,1.4,4.8,0,26.7,22.2,24.45,0,7/1/2020,0,Friday
4,8/28/2020,9756,1351,8054,351,9082,393,248,33,USW00094728,1.6,0,0,29.4,21.7,25.55,0,8/1/2020,0,Friday
4,8/16/2020,6123,929,4872,322,6052,40,28,3,USW00094728,3.5,5.3,0,22.2,19.4,20.8,0,8/1/2020,0,Sunday
4,8/24/2020,8858,1103,7358,397,8180,348,300,30,USW00094728,1.4,0,0,32.2,23.9,28.05,0,8/1/2020,0,Monday
4,9/28/2020,8401,1003,7065,333,7844,264,262,31,USW00094728,1.3,0.5,0,25,20.6,22.8,0,9/1/2020,0,Monday
4,9/16/2020,8990,1041,7607,342,8253,396,313,28,USW00094728,1.2,0,0,21.7,13.3,17.5,0,9/1/2020,0,Wednesday
4,9/24/2020,9222,1044,7813,365,8535,411,237,39,USW00094728,1.2,0,0,23.9,16.7,20.3,0,9/1/2020,0,Thursday
4,10/28/2020,8985,1046,7551,388,8203,428,319,35,USW00094728,1.2,2.8,0,13.9,11.1,12.5,0,10/1/2020,0,Wednesday
4,10/16/2020,9607,1215,7980,412,8876,405,292,34,USW00094728,2,34.5,0,18.9,8.3,13.6,0,10/1/2020,0,Friday
4,10/24/2020,8305,1261,6705,339,8062,175,64,4,USW00094728,2,0,0,20.6,8.9,14.75,0,10/1/2020,0,Saturday
4,11/28/2020,7245,1093,5801,351,7027,156,59,3,USW00094728,2.2,0,0,13.3,6.7,10,0,11/1/2020,0,Saturday
4,11/16/2020,8292,959,6932,401,7619,322,310,41,USW00094728,3,0,0,12.8,6.7,9.75,0,11/1/2020,0,Monday
4,11/24/2020,9249,1156,7659,434,8481,417,313,38,USW00094728,2.6,0,0,8.9,5,6.95,0,11/1/2020,0,Tuesday
4,1/16/2021,7089,1052,5747,290,6866,161,61,1,USW00094728,3.8,19.8,0,8.3,2.8,5.55,0,1/1/2021,0,Saturday
4,1/24/2021,6176,919,4954,303,6092,62,17,5,USW00094728,4.5,0,0,0,-5.5,-2.75,0,1/1/2021,0,Sunday
4,3/28/2021,5849,899,4661,289,5776,43,29,1,USW00094728,3,19.3,0,15.6,8.9,12.25,0,3/1/2021,0,Sunday
4,4/24/2021,9235,1348,7544,343,9033,143,55,4,USW00094728,1.8,0,0,22.2,11.1,16.65,0,4/1/2021,0,Saturday
4,5/16/2021,11090,1740,8823,527,10993,66,26,5,USW00094728,0.9,0.3,0,23.9,15,19.45,0,5/1/2021,0,Sunday
4,7/24/2021,11366,1951,8962,453,11119,179,64,4,USW00094728,1.1,0,0,28.9,19.4,24.15,0,7/1/2021,0,Saturday
4,8/28/2021,10230,1602,8209,419,9979,187,58,6,USW00094728,3.1,0,0,26.7,20,23.35,0,8/1/2021,0,Saturday
4,10/16/2021,10338,1528,8334,476,10056,192,83,7,USW00094728,2.1,6.4,0,24.4,13.3,18.85,0,10/1/2021,0,Saturday
4,10/24/2021,16449,2363,13328,758,16260,133,49,7,USW00094728,1.4,0.8,0,15,8.3,11.65,0,10/1/2021,0,Sunday
4,11/28/2021,15928,2233,12951,744,15727,145,46,10,USW00094728,1,0,0,5,0.6,2.8,0,11/1/2021,0,Sunday
4,11/24/2021,14069,1912,11448,709,13137,501,384,47,USW00094728,2.1,0,0,7.2,-1,3.1,0,11/1/2021,0,Wednesday
4,12/28/2021,8976,1094,7416,466,8246,422,264,44,USW00094728,2.1,1.3,0,8.3,2.2,5.25,0,12/1/2021,0,Tuesday
4,1/16/2022,6737,874,5500,363,6602,98,25,12,USW00094728,3.8,9.4,20,2.8,-12.1,-4.65,0,1/1/2022,0,Sunday
4,2/26/2022,9899,1367,8087,445,9602,206,85,6,USW00094728,3.2,0,0,2.8,-4.3,-0.75,0,2/1/2022,0,Saturday
4,4/16/2022,9390,1401,7587,402,9178,162,43,7,USW00094728,2.8,5.1,0,22.8,6.7,14.75,0,4/1/2022,0,Saturday
4,4/24/2022,14691,2102,11934,655,14544,99,36,12,USW00094728,2.4,0,0,17.2,8.9,13.05,0,4/1/2022,0,Sunday
4,5/28/2022,8727,1338,6941,448,8493,168,58,8,USW00094728,1.5,18.3,0,23.3,17.2,20.25,0,5/1/2022,0,Saturday
4,7/16/2022,12029,1840,9566,623,11747,192,78,12,USW00094728,1.2,28.2,0,29.4,18.9,24.15,0,7/1/2022,0,Saturday
4,7/24/2022,13297,2051,10557,689,13153,92,43,9,USW00094728,2.2,0,0,35,26.1,30.55,0,7/1/2022,0,Sunday
4,8/28/2022,16905,2490,13639,776,16753,101,34,17,USW00094728,2.3,0,0,27.8,22.8,25.3,0,8/1/2022,0,Sunday
4,9/24/2022,10681,1569,8573,539,10427,180,65,9,USW00094728,1.8,0,0,20.6,9.4,15,0,9/1/2022,0,Saturday
4,10/16/2022,13327,1870,10776,681,13163,108,43,13,USW00094728,1.2,0,0,17.8,11.1,14.45,0,10/1/2022,0,Sunday
4,11/24/2022,9493,1532,7479,482,9387,66,35,5,USW00094728,1.7,0,0,12.2,4.4,8.3,0,11/1/2022,0,Thursday
4,12/24/2022,8030,1280,6270,480,7873,130,25,2,USW00094728,5.1,0,0,-9.3,-13.8,-11.55,0,12/1/2022,0,Saturday
4,1/28/2023,9228,1352,7453,423,9002,160,63,3,USW00094728,3.2,0,0,11.1,2.2,6.65,0,1/1/2023,0,Saturday
4,2/26/2023,8806,1250,7113,443,8682,79,38,7,USW00094728,2.4,0,0,10,-1,4.5,0,2/1/2023,0,Sunday
4,4/16/2023,12164,1879,9866,419,12034,85,32,13,USW00094728,1.3,0,0,21.7,13.9,17.8,0,4/1/2023,0,Sunday
4,5/28/2023,13432,2247,10682,503,13326,73,26,7,USW00094728,1,0,0,26.1,15,20.55,0,5/1/2023,0,Sunday
4,6/24/2023,11875,2052,9405,418,11654,151,60,10,USW00094728,0.3,1.8,0,25.6,20.6,23.1,0,6/1/2023,0,Saturday
4,7/16/2023,11768,1889,9441,438,11638,86,41,3,USW00094728,0.7,33.5,0,25.6,23.3,24.45,0,7/1/2023,0,Sunday
4,9/16/2023,9553,1681,7525,347,9355,145,47,6,USW00094728,2.8,0,0,23.9,15.6,19.75,0,9/1/2023,0,Saturday
4,9/24/2023,10289,1639,8253,397,10168,78,33,10,USW00094728,5.3,31.8,0,18.9,16.7,17.8,0,9/1/2023,0,Sunday
4,10/28/2023,13356,2327,10569,460,13115,160,64,17,USW00094728,2.2,0,0,26.7,17.2,21.95,0,10/1/2023,0,Saturday
4,11/24/2023,10413,1764,8241,408,9979,254,152,28,USW00094728,2.8,0,0,10.6,0.6,5.6,0,11/1/2023,0,Friday
4,12/16/2023,14517,2436,11632,449,14202,230,81,4,USW00094728,2.6,0,0,12.2,7.8,10,0,12/1/2023,0,Saturday
4,12/24/2023,10337,1781,8116,440,10256,48,30,3,USW00094728,0.7,0.5,0,9.4,4.4,6.9,0,12/1/2023,0,Sunday
4,1/28/2024,7145,1156,5715,274,7024,67,50,4,USW00094728,4.2,20.8,0,6.7,2.8,4.75,0,1/1/2024,0,Sunday
4,2/17/2024,8002,1346,6384,272,7710,176,111,5,USW00094728,3.4,4.6,51,2.2,-2.7,-0.25,0,2/1/2024,0,Saturday
4,3/16/2024,9828,1681,7845,302,9610,148,65,5,USW00094728,2,0,0,16.1,8.3,12.2,0,3/1/2024,0,Saturday
4,3/24/2024,12014,1862,9756,396,11893,54,61,6,USW00094728,3.5,0,0,8.9,-0.5,4.2,0,3/1/2024,0,Sunday
4,4/28/2024,11262,1826,9038,398,11148,76,34,4,USW00094728,0.6,0.3,0,26.1,11.1,18.6,0,4/1/2024,0,Sunday
4,6/16/2024,17358,2853,13885,620,17245,64,44,5,USW00094728,2.3,0,0,25.6,17.2,21.4,0,6/1/2024,0,Sunday
4,7/28/2024,14929,2448,11895,586,14805,62,51,11,USW00094728,1.7,0,0,31.7,21.1,26.4,0,7/1/2024,0,Sunday
4,8/24/2024,12315,2346,9536,433,12027,178,95,15,USW00094728,0.6,0,0,28.3,18.3,23.3,0,8/1/2024,0,Saturday
4,9/28/2024,12279,2032,9814,433,11995,188,89,7,USW00094728,3.9,6.6,0,20,16.1,18.05,0,9/1/2024,0,Saturday
4,11/28/2024,11307,2043,8787,477,11161,89,53,4,USW00094728,2.5,21.8,0,9.4,5.6,7.5,0,11/1/2024,0,Thursday
4,11/16/2024,11446,1976,8986,484,11160,189,93,4,USW00094728,3.8,0,0,16.7,7.2,11.95,0,11/1/2024,0,Saturday
4,11/24/2024,12339,1993,9877,469,12172,96,61,10,USW00094728,4.4,0,0,11.7,6.7,9.2,0,11/1/2024,0,Sunday
4,12/28/2024,10655,1928,8354,373,10382,191,78,4,USW00094728,0.6,14.2,0,12.2,4.4,8.3,0,12/1/2024,0,Saturday
4,12/24/2024,12272,2109,9663,500,11682,384,144,62,USW00094728,2.2,2.5,25,3.9,-2.1,0.9,0,12/1/2024,0,Tuesday
4,2/9/2025,6048,940,4830,278,5930,73,43,2,USW00094728,2.2,1.5,3,2.2,-1,0.6,0,2/1/2025,0,Sunday
4,3/16/2025,8612,1404,6852,356,8495,82,28,7,USW00094728,3.1,0.3,0,16.1,8.3,12.2,0,3/1/2025,0,Sunday
4,5/24/2025,9630,1776,7130,724,9362,178,82,8,USW00094728,2.6,0,0,17.8,8.9,13.35,0,5/1/2025,0,Saturday
5,1/28/2013,32340,4677,26793,870,27994,1591,2393,362,USW00094728,2.1,5.6,0,2.2,-1.7,0.25,0,1/1/2013,0,Monday
5,1/16/2013,32558,4606,27044,908,28129,1594,2516,319,USW00094728,2.2,17.5,0,2.8,0,1.4,0,1/1/2013,0,Wednesday
5,1/24/2013,35053,4972,29159,922,30545,1739,2424,345,USW00094728,3.8,0,0,-5.6,-11.1,-8.35,0,1/1/2013,0,Thursday
5,2/10/2013,26267,5204,20506,557,25502,283,375,107,USW00094728,1.4,0,0,2.2,-7.8,-2.8,0,2/1/2013,0,Sunday
5,2/26/2013,34362,4831,28592,939,29781,1671,2541,369,USW00094728,3.4,3.6,0,6.7,1.7,4.2,0,2/1/2013,0,Tuesday
5,2/9/2013,13531,2961,10204,366,13016,217,240,58,USW00094728,3.8,9.7,130,0,-6.1,-3.05,0,2/1/2013,0,Saturday
5,3/28/2013,41857,6986,33904,967,37360,1688,2422,387,USW00094728,2.6,0,0,10.6,2.8,6.7,0,3/1/2013,0,Thursday
5,3/16/2013,36491,7995,27784,712,35123,588,617,163,USW00094728,1.7,3,8,5,0,2.5,0,3/1/2013,0,Saturday
5,3/24/2013,37389,7785,28911,693,36587,308,335,159,USW00094728,2.3,0,0,8.3,0.6,4.45,0,3/1/2013,0,Sunday
5,4/28/2013,41069,8234,32029,806,40282,290,333,164,USW00094728,2,0,0,20.6,10.6,15.6,0,4/1/2013,0,Sunday
5,4/16/2013,35475,5089,29494,892,30886,1666,2551,372,USW00094728,2.9,0,0,17.2,8.3,12.75,0,4/1/2013,0,Tuesday
5,4/24/2013,36578,5256,30386,936,31912,1692,2584,390,USW00094728,2.2,0,0,20.6,6.7,13.65,0,4/1/2013,0,Wednesday
5,5/28/2013,36905,6179,29644,1084,32617,1756,2156,376,USW00094728,1.2,13.2,0,20,13.3,16.65,0,5/1/2013,0,Tuesday
5,5/16/2013,36944,5919,30096,929,32659,1523,2385,377,USW00094728,1.6,0,0,26.1,16.7,21.4,0,5/1/2013,0,Thursday
5,5/24/2013,39098,7435,30644,1019,34792,1616,2288,402,USW00094728,2.4,7.6,0,18.3,7.2,12.75,0,5/1/2013,0,Friday
5,6/28/2013,41572,7937,32484,1151,37229,1697,2261,385,USW00094728,2.3,0,0,29.4,22.8,26.1,0,6/1/2013,0,Friday
5,6/16/2013,43610,9228,33572,810,42913,249,304,144,USW00094728,1.7,0,0,26.7,18.3,22.5,0,6/1/2013,0,Sunday
5,6/24/2013,39108,6693,31130,1285,34890,1625,2184,409,USW00094728,1.9,0,0,33.3,23.3,28.3,0,6/1/2013,0,Monday
5,7/28/2013,45133,9132,35098,903,44319,286,347,181,USW00094728,0.9,6.1,0,25.6,21.1,23.35,0,7/1/2013,0,Sunday
5,7/16/2013,40162,6421,32468,1273,34936,1845,2979,402,USW00094728,2.1,0,0,34.4,25,29.7,0,7/1/2013,0,Tuesday
5,7/24/2013,44734,6988,36536,1210,39355,1858,3114,407,USW00094728,2,0,0,28.3,20,24.15,0,7/1/2013,0,Wednesday
5,8/28/2013,42297,6477,34738,1082,36827,1874,3229,367,USW00094728,1.2,10.9,0,30,21.7,25.85,0,8/1/2013,0,Wednesday
5,8/16/2013,45738,8389,36170,1179,40674,1749,2925,390,USW00094728,0.9,0,0,27.8,17.8,22.8,0,8/1/2013,0,Friday
5,8/24/2013,47847,10466,36349,1032,45731,774,1066,276,USW00094728,2.2,0,0,26.7,18.3,22.5,0,8/1/2013,0,Saturday
5,9/28/2013,44912,9051,34814,1047,42720,881,1091,220,USW00094728,2,0,0,22.8,13.3,18.05,0,9/1/2013,0,Saturday
5,9/16/2013,39187,5907,32294,986,34398,1743,2712,334,USW00094728,2.1,0.8,0,22.8,13.3,18.05,0,9/1/2013,0,Monday
5,9/24/2013,40999,5506,34417,1076,35615,1980,3059,345,USW00094728,1.8,0,0,22.8,8.3,15.55,0,9/1/2013,0,Tuesday
5,10/28/2013,37291,5610,30650,1031,32649,1850,2454,338,USW00094728,2,0,0,16.1,6.1,11.1,0,10/1/2013,0,Monday
5,10/16/2013,37038,5262,30761,1015,32155,1680,2839,364,USW00094728,1.4,0,0,19.4,13.3,16.35,0,10/1/2013,0,Wednesday
5,10/24/2013,37752,5333,31468,951,33083,1758,2562,349,USW00094728,3,0,0,12.2,5,8.6,0,10/1/2013,0,Thursday
5,11/28/2013,42351,9934,31646,771,41771,201,296,83,USW00094728,3.2,0,0,1.7,-1,0.35,0,11/1/2013,0,Thursday
5,11/16/2013,37918,7578,29545,795,36323,658,802,135,USW00094728,1.2,1.3,0,15.6,7.2,11.4,0,11/1/2013,0,Saturday
5,11/24/2013,34533,6759,27106,668,33684,301,432,116,USW00094728,5.4,0,0,-1,-4.9,-2.95,0,11/1/2013,0,Sunday
5,12/28/2013,39977,8684,30418,875,38538,585,709,145,USW00094728,3.2,0,0,12.8,2.2,7.5,0,12/1/2013,0,Saturday
5,12/16/2013,36627,5275,30329,1023,32240,1725,2326,336,USW00094728,3.5,0,0,0.6,-3.8,-1.6,0,12/1/2013,0,Monday
5,12/24/2013,40690,8128,31556,1006,38180,1161,1085,264,USW00094728,3.7,0,0,5.6,-3.2,1.2,0,12/1/2013,0,Tuesday
5,1/28/2014,33263,4109,28209,945,28806,1683,2435,339,USW00094728,2.7,0,0,-6,-11,-8.5,0,1/1/2014,0,Tuesday
5,1/16/2014,32389,4450,26489,1450,27917,1725,2471,276,USW00094728,1.8,0,0,5.6,2.2,3.9,0,1/1/2014,0,Thursday
5,1/24/2014,34815,5002,28777,1036,30577,1621,2320,297,USW00094728,3.6,0,0,-6.6,-12.1,-9.35,0,1/1/2014,0,Friday
5,2/10/2014,31444,4058,26439,947,27423,1560,2127,334,USW00094728,3.2,0,0,-1.6,-6,-3.8,0,2/1/2014,0,Monday
5,2/26/2014,33594,4343,28333,918,29013,1718,2500,363,USW00094728,2.4,0.8,5,-0.5,-6.6,-3.55,0,2/1/2014,0,Wednesday
5,2/9/2014,26208,4617,21048,543,25534,222,344,108,USW00094728,1.6,2.5,30,-0.5,-6,-3.25,0,2/1/2014,0,Sunday
5,3/28/2014,38781,6375,31336,1070,34506,1692,2217,366,USW00094728,2.4,1,0,16.7,2.8,9.75,0,3/1/2014,0,Friday
5,3/16/2014,35642,6980,27990,672,34901,236,379,126,USW00094728,3.4,0,0,5.6,-1,2.3,0,3/1/2014,0,Sunday
5,3/24/2014,35552,5201,29340,1012,31309,1568,2316,359,USW00094728,3,0,0,1.7,-6,-2.15,0,3/1/2014,0,Monday
5,4/28/2014,37949,5518,31278,1153,33558,1834,2207,350,USW00094728,1.9,0,0,19.4,7.2,13.3,0,4/1/2014,0,Monday
5,4/16/2014,38321,5756,31547,1018,34057,1551,2374,339,USW00094728,3.4,1.3,0,9.4,-0.5,4.45,0,4/1/2014,0,Wednesday
5,4/24/2014,39368,5543,32791,1034,34641,1838,2493,396,USW00094728,3.8,0,0,16.7,5.6,11.15,0,4/1/2014,0,Thursday
5,5/28/2014,37857,5446,31274,1137,33013,1889,2563,392,USW00094728,3.4,0,0,17.8,12.2,15,0,5/1/2014,0,Wednesday
5,5/16/2014,39756,6623,32065,1068,35533,1607,2178,438,USW00094728,2.9,39.1,0,20,14.4,17.2,0,5/1/2014,0,Friday
5,5/24/2014,40069,9255,29911,903,38574,623,709,163,USW00094728,1.6,10.2,0,21.1,13.9,17.5,0,5/1/2014,0,Saturday
5,6/28/2014,43558,9880,32530,1148,41716,785,843,214,USW00094728,1.3,0,0,30.6,18.9,24.75,0,6/1/2014,0,Saturday
5,6/16/2014,38943,6090,31670,1183,34569,1670,2303,401,USW00094728,1.3,0,0,27.2,17.2,22.2,0,6/1/2014,0,Monday
5,6/24/2014,40540,5973,33313,1254,35485,1919,2693,443,USW00094728,2.2,0,0,27.2,20,23.6,0,6/1/2014,0,Tuesday
5,7/28/2014,42769,6761,34809,1200,38354,1743,2270,402,USW00094728,3.3,4.8,0,27.8,20,23.9,0,7/1/2014,0,Monday
5,7/16/2014,39698,5895,32586,1218,34902,1766,2624,406,USW00094728,1.7,0,0,27.2,20,23.6,0,7/1/2014,0,Wednesday
5,7/24/2014,40802,6155,33519,1128,35936,1853,2605,408,USW00094728,2.2,0,0,26.7,21.1,23.9,0,7/1/2014,0,Thursday
5,8/28/2014,43158,6680,35256,1222,38386,1920,2445,407,USW00094728,2.4,0,0,27.8,18.9,23.35,0,8/1/2014,0,Thursday
5,8/16/2014,46129,10447,34548,1134,44408,732,763,226,USW00094728,1.8,0,0,25.6,17.2,21.4,0,8/1/2014,0,Saturday
5,8/24/2014,45239,9472,34772,995,44393,335,368,143,USW00094728,1.4,0,0,26.7,17.8,22.25,0,8/1/2014,0,Sunday
5,9/28/2014,44481,8214,35204,1063,43538,405,381,157,USW00094728,0.8,0,0,28.9,17.8,23.35,0,9/1/2014,0,Sunday
5,9/16/2014,36733,4729,30919,1085,31907,1863,2586,377,USW00094728,1,9.4,0,21.1,14.4,17.75,0,9/1/2014,0,Tuesday
5,9/24/2014,37573,5000,31478,1095,32943,1758,2543,329,USW00094728,2.5,0,0,21.7,14.4,18.05,0,9/1/2014,0,Wednesday
5,10/28/2014,37422,4783,31573,1066,32588,1910,2547,377,USW00094728,1.3,0,0,22.2,11.7,16.95,0,10/1/2014,0,Tuesday
5,10/16/2014,35047,5074,28921,1052,30850,1504,2310,383,USW00094728,1.8,28.2,0,21.7,16.1,18.9,0,10/1/2014,0,Thursday
5,10/24/2014,40588,6230,33115,1243,36151,1820,2176,441,USW00094728,2,0,0,17.2,10.6,13.9,0,10/1/2014,0,Friday
5,11/28/2014,38682,7309,30293,1080,35955,1045,1456,226,USW00094728,2.6,0,0,2.8,-1.6,0.6,0,11/1/2014,0,Friday
5,11/16/2014,40216,7143,32157,916,39337,339,398,142,USW00094728,1.7,0.8,0,7.2,1.7,4.45,0,11/1/2014,0,Sunday
5,11/24/2014,37546,5144,31197,1205,33073,1801,2288,384,USW00094728,2.4,17.8,0,20.6,11.7,16.15,0,11/1/2014,0,Monday
5,12/28/2014,37883,7902,29151,830,37156,303,328,96,USW00094728,2.6,2.5,0,12.2,6.1,9.15,0,12/1/2014,0,Sunday
5,12/16/2014,37345,4829,31301,1215,32787,1903,2298,357,USW00094728,1.7,5.1,0,9.4,3.3,6.35,0,12/1/2014,0,Tuesday
5,12/24/2014,40659,8023,31505,1131,38136,1126,1127,270,USW00094728,2.6,20.3,0,14.4,6.7,10.55,0,12/1/2014,0,Wednesday
5,1/28/2015,30380,3628,25669,1084,26672,1469,1893,346,USW00094728,3.4,0,0,1.1,-8.8,-3.85,0,1/1/2015,0,Wednesday
5,1/16/2015,38203,5734,31389,1080,34040,1532,2250,381,USW00094728,4.4,0,0,6.1,-6.6,-0.25,0,1/1/2015,0,Friday
5,1/24/2015,23869,4653,18528,688,22795,507,495,72,USW00094728,2.7,18.3,91,3.9,0.6,2.25,0,1/1/2015,0,Saturday
5,2/10/2015,35779,4383,30299,1097,31362,1704,2295,418,USW00094728,4.7,0.3,3,4.4,-3.2,0.6,0,2/1/2015,0,Tuesday
5,2/26/2015,38568,4924,32593,1051,34023,1807,2322,416,USW00094728,3.2,0,0,0,-6,-3,0,2/1/2015,0,Thursday
5,2/9/2015,28803,3741,24095,967,25130,1421,1897,355,USW00094728,4.9,2.3,0,-1.6,-3.8,-2.7,0,2/1/2015,0,Monday
5,3/28/2015,42669,8328,33239,1102,41034,782,668,185,USW00094728,3.4,0,0,4.4,-3.2,0.6,0,3/1/2015,0,Saturday
5,3/16/2015,37951,5425,31376,1150,33527,1812,2217,395,USW00094728,1.7,0,0,11.1,1.7,6.4,0,3/1/2015,0,Monday
5,3/24/2015,37440,4789,31623,1028,32832,1937,2273,398,USW00094728,1.8,0,0,7.2,-3.2,2,0,3/1/2015,0,Tuesday
5,4/28/2015,38231,4745,32249,1237,33436,1968,2416,411,USW00094728,3.5,0,0,21.7,10,15.85,0,4/1/2015,0,Tuesday
5,4/16/2015,39739,5179,33410,1150,34979,1975,2371,414,USW00094728,2.9,0,0,17.8,11.1,14.45,0,4/1/2015,0,Thursday
5,4/24/2015,43207,6662,35222,1323,38533,1849,2366,459,USW00094728,3.8,0,0,11.1,3.9,7.5,0,4/1/2015,0,Friday
5,5/28/2015,39267,4936,33087,1244,34167,1961,2683,456,USW00094728,1.8,0,0,29.4,21.1,25.25,0,5/1/2015,0,Thursday
5,5/16/2015,41949,8384,32459,1106,40274,747,754,174,USW00094728,0.9,7.6,0,23.9,13.9,18.9,0,5/1/2015,0,Saturday
5,5/24/2015,36828,7578,28417,833,36189,226,297,116,USW00094728,1.7,0,0,27.2,13.3,20.25,0,5/1/2015,0,Sunday
5,6/28/2015,41588,8033,32583,972,40616,371,426,175,USW00094728,2.4,7.4,0,22.8,16.7,19.75,0,6/1/2015,0,Sunday
5,6/16/2015,39539,5409,32814,1316,34812,1846,2473,408,USW00094728,1,6.9,0,26.1,18.3,22.2,0,6/1/2015,0,Tuesday
5,6/24/2015,42770,6120,35354,1296,37918,1965,2505,382,USW00094728,2.1,0,0,28.9,20,24.45,0,6/1/2015,0,Wednesday
5,7/28/2015,41151,5682,34030,1439,36137,2069,2523,422,USW00094728,1.2,0,0,35,23.9,29.45,0,7/1/2015,0,Tuesday
5,7/16/2015,44330,6423,36469,1438,39387,1974,2498,471,USW00094728,2.5,0,0,26.7,17.8,22.25,0,7/1/2015,0,Thursday
5,7/24/2015,42930,7114,34392,1424,38221,1912,2397,400,USW00094728,0.9,0,0,30.6,21.1,25.85,0,7/1/2015,0,Friday
5,8/28/2015,43669,7022,35186,1461,38998,1898,2396,377,USW00094728,1.1,0,0,27.8,17.2,22.5,0,8/1/2015,0,Friday
5,8/16/2015,46201,9279,35747,1175,45327,334,353,187,USW00094728,0.7,0,0,33.9,24.4,29.15,0,8/1/2015,0,Sunday
5,8/24/2015,42979,6294,35240,1445,38579,1765,2248,387,USW00094728,1.1,0,0,30.6,22.8,26.7,0,8/1/2015,0,Monday
5,9/28/2015,38212,5345,31464,1403,33855,1720,2231,406,USW00094728,1.5,0,0,25.6,18.3,21.95,0,9/1/2015,0,Monday
5,9/16/2015,40904,5035,34474,1395,35855,2000,2658,391,USW00094728,0.6,0,0,31.1,18.9,25,0,9/1/2015,0,Wednesday
5,9/24/2015,43585,5455,36697,1433,38468,2066,2602,449,USW00094728,1.9,0,0,27.8,15.6,21.7,0,9/1/2015,0,Thursday
5,10/28/2015,37609,4527,31913,1169,32831,1946,2438,394,USW00094728,3,35.6,0,20.6,11.7,16.15,0,10/1/2015,0,Wednesday
5,10/16/2015,44325,6438,36533,1354,39672,1804,2416,433,USW00094728,2.4,0,0,17.8,11.7,14.75,0,10/1/2015,0,Friday
5,10/24/2015,43561,8076,34245,1241,41992,725,664,180,USW00094728,1.8,0,0,13.9,4.4,9.15,0,10/1/2015,0,Saturday
5,11/28/2015,43796,8102,34573,1121,42519,570,574,133,USW00094728,2.2,0.5,0,17.8,7.2,12.5,0,11/1/2015,0,Saturday
5,11/16/2015,40195,5006,33900,1289,35532,1913,2372,378,USW00094728,1.8,0,0,19.4,10.6,15,0,11/1/2015,0,Monday
5,11/24/2015,43297,5335,36607,1355,38122,2132,2686,357,USW00094728,1.7,0,0,7.8,0,3.9,0,11/1/2015,0,Tuesday
5,12/28/2015,42568,6572,34600,1396,38168,1814,2201,385,USW00094728,3.7,0.8,0,7.8,1.1,4.45,0,12/1/2015,0,Monday
5,12/16/2015,43078,5125,36525,1430,38085,2082,2525,386,USW00094728,2.4,1,0,11.7,7.8,9.75,0,12/1/2015,0,Wednesday
5,12/24/2015,46222,8956,35883,1383,43990,1098,809,325,USW00094728,2,0.3,0,22.2,17.2,19.7,0,12/1/2015,0,Thursday
5,1/28/2016,38630,4422,32995,1213,34111,1897,2262,360,USW00094728,2,0,0,5.6,0,2.8,0,1/1/2016,0,Thursday
5,1/16/2016,41745,7690,32819,1236,40227,751,637,130,USW00094728,3,6.1,0,11.1,5.6,8.35,0,1/1/2016,0,Saturday
5,1/24/2016,10937,1792,8799,346,10553,109,237,38,USW00094728,2.6,0,0,1.7,-6.6,-2.45,0,1/1/2016,0,Sunday
5,2/28/2016,40460,6847,32654,959,39600,377,353,130,USW00094728,3.3,0,0,15.6,3.3,9.45,0,2/1/2016,0,Sunday
5,2/17/2016,40674,4810,34649,1215,36083,1912,2318,361,USW00094728,3.3,0,0,3.9,1.7,2.8,0,2/1/2016,0,Wednesday
5,2/13/2016,36182,6928,28241,1013,34992,594,499,97,USW00094728,5.5,0,0,-5.5,-14.3,-9.9,0,2/1/2016,0,Saturday
5,3/28/2016,42252,5819,35014,1420,38066,1782,2054,350,USW00094728,4.5,9.7,0,16.7,5.6,11.15,0,3/1/2016,0,Monday
5,3/16/2016,40199,4710,34228,1261,35651,1877,2296,375,USW00094728,1.6,0.5,0,18.3,8.9,13.6,0,3/1/2016,0,Wednesday
5,3/24/2016,43472,5736,36285,1451,38948,1895,2255,374,USW00094728,4.1,0,0,12.8,6.7,9.75,0,3/1/2016,0,Thursday
5,4/28/2016,44034,5651,36999,1384,39445,1821,2378,390,USW00094728,2.1,0,0,15,8.9,11.95,0,4/1/2016,0,Thursday
5,4/16/2016,44062,8086,34580,1396,42516,721,628,197,USW00094728,2.2,0,0,20,6.1,13.05,0,4/1/2016,0,Saturday
5,4/24/2016,43467,7991,34278,1198,42721,270,335,141,USW00094728,2.6,0,0,20,8.3,14.15,0,4/1/2016,0,Sunday
5,5/28/2016,43397,9396,32624,1377,41954,677,592,174,USW00094728,2,0,0,33.3,21.7,27.5,0,5/1/2016,0,Saturday
5,5/16/2016,43555,5648,36519,1388,39127,1859,2127,442,USW00094728,2.2,0,0,18.9,6.1,12.5,0,5/1/2016,0,Monday
5,5/24/2016,41686,4768,35460,1458,36956,1977,2301,452,USW00094728,0.9,4.6,0,22.8,14.4,18.6,0,5/1/2016,0,Tuesday
5,6/28/2016,42807,5349,35813,1645,38241,1911,2292,363,USW00094728,1.6,3,0,24.4,20,22.2,0,6/1/2016,0,Tuesday
5,6/16/2016,46389,5875,38677,1837,41358,2049,2527,455,USW00094728,0.8,5.6,0,23.3,18.3,20.8,0,6/1/2016,0,Thursday
5,6/24/2016,47858,7532,38406,1920,43302,1856,2250,450,USW00094728,2.8,0,0,28.9,19.4,24.15,0,6/1/2016,0,Friday
5,7/28/2016,46751,6373,38511,1867,41891,2034,2374,452,USW00094728,1.4,0,0,35,23.9,29.45,0,7/1/2016,0,Thursday
5,7/16/2016,48328,9837,36886,1605,46651,746,717,214,USW00094728,1.9,0,0,32.2,23.9,28.05,0,7/1/2016,0,Saturday
5,7/24/2016,49483,9099,38917,1467,48593,336,365,189,USW00094728,1.8,0,0,34.4,23.9,29.15,0,7/1/2016,0,Sunday
5,8/28/2016,49382,9318,38603,1461,48509,389,307,177,USW00094728,1.1,0,0,31.7,22.2,26.95,0,8/1/2016,0,Sunday
5,8/16/2016,44333,5793,36847,1693,39860,1826,2159,488,USW00094728,1.8,2.8,0,30.6,25.6,28.1,0,8/1/2016,0,Tuesday
5,8/24/2016,44517,5960,36998,1559,40097,1826,2198,396,USW00094728,2.2,0,0,31.1,20,25.55,0,8/1/2016,0,Wednesday
5,9/28/2016,41834,4759,35471,1605,36795,1990,2632,417,USW00094728,3.6,0,0,20.6,13.3,16.95,0,9/1/2016,0,Wednesday
5,9/16/2016,44965,6340,36782,1843,40340,1999,2227,399,USW00094728,1.2,0,0,22.8,16.1,19.45,0,9/1/2016,0,Friday
5,9/24/2016,46820,8386,37002,1432,45202,764,645,209,USW00094728,2.3,5.1,0,21.7,14.4,18.05,0,9/1/2016,0,Saturday
5,10/28/2016,44285,5937,36709,1639,39457,1990,2410,428,USW00094728,3.7,0,0,10.6,5.6,8.1,0,10/1/2016,0,Friday
5,10/16/2016,45407,7611,36625,1171,44547,343,369,148,USW00094728,1.8,0,0,20.6,11.7,16.15,0,10/1/2016,0,Sunday
5,10/24/2016,39907,5255,33051,1601,35659,1732,2151,365,USW00094728,2.7,0,0,16.7,8.3,12.5,0,10/1/2016,0,Monday
5,11/28/2016,42925,5364,35817,1744,38335,1986,2222,382,USW00094728,1.5,0,0,11.1,3.3,7.2,0,11/1/2016,0,Monday
5,11/16/2016,41651,4461,35575,1615,36760,2004,2515,372,USW00094728,1.8,0,0,16.1,7.2,11.65,0,11/1/2016,0,Wednesday
5,11/24/2016,45521,9209,35022,1290,44871,274,292,84,USW00094728,2,0.8,0,8.9,3.3,6.1,0,11/1/2016,0,Thursday
5,12/28/2016,44312,6282,36317,1713,39977,1808,2133,394,USW00094728,2.3,0,0,4.4,1.1,2.75,0,12/1/2016,0,Wednesday
5,12/16/2016,46360,6114,38499,1747,42023,1901,2049,387,USW00094728,2.7,0,0,-2.7,-8.2,-5.45,0,12/1/2016,0,Friday
5,12/24/2016,42314,8743,32141,1430,41417,449,377,71,USW00094728,2.2,11.9,0,8.3,3.3,5.8,0,12/1/2016,0,Saturday
5,1/28/2017,41428,6864,33089,1475,40082,645,551,150,USW00094728,3.5,0,0,3.9,1.1,2.5,0,1/1/2017,0,Saturday
5,1/16/2017,40715,5112,34196,1407,37701,1389,1361,264,USW00094728,2.1,0,0,6.1,-1,2.55,0,1/1/2017,0,Monday
5,1/24/2017,36071,3769,30826,1476,32238,1634,1870,329,USW00094728,4.5,30,0,3.3,1.7,2.5,0,1/1/2017,0,Tuesday
5,2/10/2017,40934,4791,31980,4165,37398,1741,1396,399,USW00094728,3.8,0,0,0,-7.1,-3.55,0,2/1/2017,0,Friday
5,2/26/2017,42180,6969,33977,1234,41333,342,376,129,USW00094728,4,0,0,6.7,2.2,4.45,0,2/1/2017,0,Sunday
5,2/9/2017,13891,1678,11204,1009,12402,633,633,223,USW00094728,5.5,29.5,239,6.7,-7.1,-0.2,0,2/1/2017,0,Thursday
5,3/28/2017,39287,4043,33781,1464,34719,1851,2327,390,USW00094728,2.6,18.3,0,7.8,5,6.4,0,3/1/2017,0,Tuesday
5,3/16/2017,36899,4552,30341,2006,33009,1638,1917,335,USW00094728,3.5,0,0,3.9,-4.3,-0.2,0,3/1/2017,0,Thursday
5,3/24/2017,44959,5869,37301,1790,40608,1892,2046,413,USW00094728,2.8,0,0,13.9,2.2,8.05,0,3/1/2017,0,Friday
5,4/28/2017,44438,5801,36406,2232,40048,1914,2087,389,USW00094728,1.4,0,0,29.4,14.4,21.9,0,4/1/2017,0,Friday
5,4/16/2017,46702,7958,37197,1547,46082,230,278,112,USW00094728,3.3,0,0,30.6,15,22.8,0,4/1/2017,0,Sunday
5,4/24/2017,41978,4763,35204,2011,37558,2017,2011,392,USW00094728,1.6,0,0,15.6,8.9,12.25,0,4/1/2017,0,Monday
5,5/28/2017,44261,7837,34792,1632,43409,380,315,157,USW00094728,2,0,0,21.7,14.4,18.05,0,5/1/2017,0,Sunday
5,5/16/2017,43341,4578,36521,2242,38563,1983,2291,504,USW00094728,1.9,0,0,26.1,13.3,19.7,0,5/1/2017,0,Tuesday
5,5/24/2017,44252,4765,37605,1882,39497,1984,2302,469,USW00094728,2.2,1,0,20.6,13.3,16.95,0,5/1/2017,0,Wednesday
5,6/28/2017,46107,5343,38831,1934,41070,2179,2433,425,USW00094728,2.2,0,0,25.6,16.1,20.85,0,6/1/2017,0,Wednesday
5,6/16/2017,47146,6351,38857,1938,42504,1838,2311,493,USW00094728,2.3,0,0,20,17.2,18.6,0,6/1/2017,0,Friday
5,6/24/2017,45745,8056,35981,1708,44132,745,664,204,USW00094728,2.4,32.8,0,28.9,21.7,25.3,0,6/1/2017,0,Saturday
5,7/28/2017,46691,6131,38345,2216,42170,1942,2146,433,USW00094728,1.3,0,0,29.4,21.7,25.55,0,7/1/2017,0,Friday
5,7/16/2017,49175,7352,39953,1870,48297,350,334,194,USW00094728,1.2,0,0,30.6,20,25.3,0,7/1/2017,0,Sunday
5,7/24/2017,46427,5392,38742,2293,42148,1857,1963,459,USW00094728,3,18.8,0,22.8,17.2,20,0,7/1/2017,0,Monday
5,8/28/2017,46313,5141,38600,2573,41858,1810,2272,373,USW00094728,2.8,0,0,24.4,17.2,20.8,0,8/1/2017,0,Monday
5,8/16/2017,46641,5006,39053,2582,41757,1941,2448,495,USW00094728,1,0,0,30.6,21.1,25.85,0,8/1/2017,0,Wednesday
5,8/24/2017,48073,5308,40068,2697,43245,1982,2467,379,USW00094728,1.4,0,0,26.7,18.3,22.5,0,8/1/2017,0,Thursday
5,9/28/2017,43620,4024,36974,2622,38563,2236,2397,424,USW00094728,2.6,0,0,26.1,15,20.55,0,9/1/2017,0,Thursday
5,9/16/2017,50281,7257,40190,2834,48389,916,788,188,USW00094728,1.3,0,0,27.8,21.1,24.45,0,9/1/2017,0,Saturday
5,9/24/2017,43740,5643,35987,2110,42821,365,327,227,USW00094728,0.7,0,0,32.8,20.6,26.7,0,9/1/2017,0,Sunday
5,10/28/2017,48162,6453,38982,2727,46452,839,654,217,USW00094728,2.2,0,0,20.6,12.8,16.7,0,10/1/2017,0,Saturday
5,10/16/2017,42400,3922,36083,2395,37828,1892,2265,415,USW00094728,3,0.3,0,20.6,7.8,14.2,0,10/1/2017,0,Monday
5,10/24/2017,40515,3439,34798,2278,35783,1954,2378,400,USW00094728,2.5,5.1,0,23.3,19.4,21.35,0,10/1/2017,0,Tuesday
5,11/28/2017,41299,3404,35132,2764,36574,2032,2316,377,USW00094728,2,0,0,12.2,2.2,7.2,0,11/1/2017,0,Tuesday
5,11/16/2017,41686,3538,35520,2628,36900,2021,2362,403,USW00094728,2.9,5.1,0,13.9,6.1,10,0,11/1/2017,0,Thursday
5,11/24/2017,44333,5673,35857,2804,41727,1099,1285,222,USW00094728,1.7,0,0,10,1.7,5.85,0,11/1/2017,0,Friday
5,12/28/2017,49688,5354,40977,3357,44850,2091,2254,493,USW00094728,3.6,0,0,-7.7,-11.6,-9.65,0,12/1/2017,0,Thursday
5,12/16/2017,47445,6034,38528,2883,45861,818,589,177,USW00094728,3,0,0,3.9,-4.9,-0.5,0,12/1/2017,0,Saturday
5,12/24/2017,42097,6381,33364,2352,41506,310,189,92,USW00094728,3.5,0.3,0,5,2.2,3.6,0,12/1/2017,0,Sunday
5,1/28/2018,38677,4438,32157,2082,37798,342,357,180,USW00094728,1.7,5.3,0,12.8,7.8,10.3,0,1/1/2018,0,Sunday
5,1/16/2018,40196,3305,34187,2704,35626,1987,2230,353,USW00094728,1.8,0,0,2.2,-3.8,-0.8,0,1/1/2018,0,Tuesday
5,1/24/2018,39248,3250,33489,2509,34770,1881,2229,368,USW00094728,4.2,0,0,6.7,-2.7,2,0,1/1/2018,0,Wednesday
5,2/10/2018,39726,4929,32538,2259,38396,647,561,122,USW00094728,1,14.7,0,10,3.9,6.95,0,2/1/2018,0,Saturday
5,2/26/2018,41501,3675,35203,2624,37233,1742,2123,403,USW00094728,2,0,0,11.1,6.1,8.6,0,2/1/2018,0,Monday
5,2/9/2018,43170,4103,36417,2652,38854,1813,2084,419,USW00094728,2.2,0,0,3.9,-3.2,0.35,0,2/1/2018,0,Friday
5,3/28/2018,44934,3637,38650,2648,40075,2029,2432,398,USW00094728,1.8,0.8,0,11.1,3.3,7.2,0,3/1/2018,0,Wednesday
5,3/16/2018,45428,4543,38105,2780,40905,1870,2207,446,USW00094728,4.4,0,0,4.4,-1,1.7,0,3/1/2018,0,Friday
5,3/24/2018,45284,5657,37133,2494,43542,809,729,204,USW00094728,2.7,0,0,10.6,1.7,6.15,0,3/1/2018,0,Saturday
5,4/28/2018,49006,6012,40120,2874,47209,889,669,239,USW00094728,1.5,2.5,0,20,10,15,0,4/1/2018,0,Saturday
5,4/16/2018,40746,3476,34670,2600,36731,1669,1957,389,USW00094728,5.1,71.6,0,15.6,3.9,9.75,0,4/1/2018,0,Monday
5,4/24/2018,42173,3258,36361,2554,37361,1965,2411,436,USW00094728,1.9,1.3,0,18.9,7.8,13.35,0,4/1/2018,0,Tuesday
5,5/28/2018,45541,5178,37898,2465,44399,522,477,143,USW00094728,0.8,0,0,20.6,13.3,16.95,0,5/1/2018,0,Monday
5,5/16/2018,44279,3632,37927,2720,39702,1939,2170,468,USW00094728,1.1,8.6,0,17.8,13.3,15.55,0,5/1/2018,0,Wednesday
5,5/24/2018,46413,3943,39436,3034,41526,2125,2272,490,USW00094728,1.3,0,0,28.3,17.2,22.75,0,5/1/2018,0,Thursday
5,6/28/2018,48126,4436,40378,3312,43087,2206,2326,507,USW00094728,1.3,34.5,0,28.3,21.1,24.7,0,6/1/2018,0,Thursday
5,6/16/2018,50236,6728,40379,3129,48620,786,635,195,USW00094728,1,0,0,29.4,17.8,23.6,0,6/1/2018,0,Saturday
5,6/24/2018,49202,6059,40310,2833,48232,389,381,200,USW00094728,1,0,0,28.9,18.9,23.9,0,6/1/2018,0,Sunday
5,7/28/2018,52737,7174,42166,3397,50981,842,691,223,USW00094728,0.5,0,0,29.4,21.1,25.25,0,7/1/2018,0,Saturday
5,7/16/2018,50048,4672,41656,3720,45158,2128,2313,449,USW00094728,1,0,0,32.2,23.9,28.05,0,7/1/2018,0,Monday
5,7/24/2018,47737,4121,40265,3351,42555,2212,2455,515,USW00094728,2.3,0.5,0,27.8,23.9,25.85,0,7/1/2018,0,Tuesday
5,8/28/2018,48956,4107,41368,3481,43687,2294,2533,442,USW00094728,1.7,0,0,34.4,26.1,30.25,0,8/1/2018,0,Tuesday
5,8/16/2018,51705,4644,43487,3574,46552,2213,2471,469,USW00094728,1.3,0,0,31.1,24.4,27.75,0,8/1/2018,0,Thursday
5,8/24/2018,53605,5675,44121,3809,48623,2088,2434,460,USW00094728,0.5,0,0,27.8,18.3,23.05,0,8/1/2018,0,Friday
5,9/28/2018,47990,4510,39955,3525,43367,2017,2140,466,USW00094728,1.7,19.6,0,18.3,13.3,15.8,0,9/1/2018,0,Friday
5,9/16/2018,50995,5024,42632,3339,49910,475,443,167,USW00094728,2.2,0,0,28.9,19.4,24.15,0,9/1/2018,0,Sunday
5,9/24/2018,42566,3550,36012,3004,38059,1814,2269,424,USW00094728,3.2,0,0,20.6,13.9,17.25,0,9/1/2018,0,Monday
5,10/28/2018,47540,4798,39663,3079,46446,403,481,210,USW00094728,2.2,1.8,0,11.1,7.2,9.15,0,10/1/2018,0,Sunday
5,10/16/2018,45434,3326,38934,3174,40107,2142,2766,419,USW00094728,2.2,0.3,0,15.6,8.3,11.95,0,10/1/2018,0,Tuesday
5,10/24/2018,44306,2990,38160,3156,39158,2212,2514,422,USW00094728,2.2,0,0,12.2,6.7,9.45,0,10/1/2018,0,Wednesday
5,11/28/2018,45470,3144,39291,3035,39978,2357,2696,439,USW00094728,2.2,0,0,5.6,2.2,3.9,0,11/1/2018,0,Wednesday
5,11/16/2018,44793,3879,37975,2939,40258,1851,2250,434,USW00094728,2.2,7.9,0,7.2,1.1,4.15,0,11/1/2018,0,Friday
5,11/24/2018,47252,5011,39543,2698,45603,762,734,153,USW00094728,2.2,24.6,0,9.4,-0.5,4.45,0,11/1/2018,0,Saturday
5,12/28/2018,46807,4926,38833,3048,42377,1779,2177,474,USW00094728,2.2,29.2,0,15.6,6.1,10.85,0,12/1/2018,0,Friday
5,12/16/2018,43283,4307,36462,2514,42196,449,520,118,USW00094728,2.2,36.3,0,7.8,1.7,4.75,0,12/1/2018,0,Sunday
5,12/24/2018,47961,5426,39603,2932,45773,1116,733,339,USW00094728,2.2,3,0,6.1,2.2,4.15,0,12/1/2018,0,Monday
5,1/28/2019,44409,3148,38386,2875,39450,2197,2314,448,USW00094728,2.2,0,0,3.3,-3.8,-0.25,0,1/1/2019,0,Monday
5,1/16/2019,44521,3046,38551,2924,39587,2106,2402,426,USW00094728,2.2,0,0,3.9,-1,1.45,0,1/1/2019,0,Wednesday
5,1/24/2019,42890,2924,37184,2782,37982,1966,2565,377,USW00094728,2.2,33.8,0,15,1.7,8.35,0,1/1/2019,0,Thursday
5,2/10/2019,45248,4208,38293,2747,44294,364,463,127,USW00094728,2.2,0,0,1.7,-4.9,-1.6,0,2/1/2019,0,Sunday
5,2/26/2019,44068,2948,37992,3128,39029,2203,2424,412,USW00094728,2.2,0,0,2.2,-3.8,-0.8,0,2/1/2019,0,Tuesday
5,2/9/2019,47947,4922,40174,2851,46055,966,774,152,USW00094728,2.2,0,0,0,-4.9,-2.45,0,2/1/2019,0,Saturday
5,3/28/2019,48323,3492,41554,3277,43010,2421,2444,448,USW00094728,0.7,0,0,11.7,2.8,7.25,0,3/1/2019,0,Thursday
5,3/16/2019,50059,5838,41260,2961,48413,753,716,177,USW00094728,4.5,0,0,14.4,2.8,8.6,0,3/1/2019,0,Saturday
5,3/24/2019,48359,4946,40465,2948,47365,364,495,135,USW00094728,2,0,0,15.6,3.3,9.45,0,3/1/2019,0,Sunday
5,4/28/2019,55206,5390,46033,3783,54044,415,527,220,USW00094728,1.7,0.3,0,11.7,7.2,9.45,0,4/1/2019,0,Sunday
5,4/16/2019,47568,3332,40810,3426,42391,2195,2533,449,USW00094728,4.2,0,0,18.9,6.7,12.8,0,4/1/2019,0,Tuesday
5,4/24/2019,55115,4103,46904,4108,49455,2271,2875,514,USW00094728,2.6,0,0,20.6,12.8,16.7,0,4/1/2019,0,Wednesday
5,5/28/2019,50100,3879,41968,4253,45096,2018,2480,506,USW00094728,1.9,4.3,0,21.7,16.7,19.2,0,5/1/2019,0,Tuesday
5,5/16/2019,50466,3805,42844,3817,45102,2153,2701,510,USW00094728,1.2,3,0,22.8,11.1,16.95,0,5/1/2019,0,Thursday
5,5/24/2019,51030,5042,41891,4097,46043,2014,2492,481,USW00094728,3.4,0,0,22.8,16.1,19.45,0,5/1/2019,0,Friday
5,6/28/2019,54184,5546,44232,4406,48849,2214,2665,456,USW00094728,1.1,0,0,31.7,22.8,27.25,0,6/1/2019,0,Friday
5,6/16/2019,51317,5300,42282,3735,50269,379,516,153,USW00094728,2.3,1,0,26.7,18.3,22.5,0,6/1/2019,0,Sunday
5,6/24/2019,53050,4441,44045,4564,47859,2135,2563,493,USW00094728,0.8,0,0,28.9,19.4,24.15,0,6/1/2019,0,Monday
5,7/28/2019,51629,5367,41944,4318,50444,438,528,219,USW00094728,2.4,0.3,0,31.1,21.7,26.4,0,7/1/2019,0,Sunday
5,7/16/2019,52063,4062,43576,4425,46152,2364,3034,513,USW00094728,1.3,0,0,32.8,22.2,27.5,0,7/1/2019,0,Tuesday
5,7/24/2019,47995,3665,40318,4012,43036,2093,2396,470,USW00094728,1.3,0.5,0,28.3,19.4,23.85,0,7/1/2019,0,Wednesday
5,8/28/2019,49887,3620,42124,4143,44461,2303,2649,474,USW00094728,1.7,2,0,23.3,19.4,21.35,0,8/1/2019,0,Wednesday
5,8/16/2019,54939,5276,44906,4757,49796,2163,2483,497,USW00094728,1.2,0,0,26.1,20,23.05,0,8/1/2019,0,Friday
5,8/24/2019,48998,5583,39629,3786,47876,505,422,195,USW00094728,2.3,0,0,24.4,17.8,21.1,0,8/1/2019,0,Saturday
5,9/28/2019,51684,7781,42483,1420,49527,1078,959,120,USW00094728,1.3,0,0,27.8,18.3,23.05,0,9/1/2019,0,Saturday
5,9/16/2019,50263,5832,42511,1920,44390,2610,2933,330,USW00094728,0.9,0,0,25,20,22.5,0,9/1/2019,0,Monday
5,9/24/2019,46686,4889,40142,1655,40805,2679,2859,343,USW00094728,2.6,0,0,24.4,17.2,20.8,0,9/1/2019,0,Tuesday
5,10/28/2019,48123,5404,40955,1764,42597,2416,2805,305,USW00094728,1.6,0,0,17.2,12.8,15,0,10/1/2019,0,Monday
5,10/16/2019,45318,4558,39241,1519,39726,2509,2755,328,USW00094728,2.9,46.5,0,18.9,11.1,15,0,10/1/2019,0,Wednesday
5,10/24/2019,48992,5273,42210,1509,42950,2765,2951,326,USW00094728,1.4,0,0,19.4,10,14.7,0,10/1/2019,0,Thursday
5,11/28/2019,52179,8544,42300,1335,51199,494,438,48,USW00094728,5.1,0,0,11.7,2.8,7.25,0,11/1/2019,0,Thursday
5,11/16/2019,49280,6909,40923,1448,47224,985,969,102,USW00094728,4.6,0,0,5.6,-0.5,2.55,0,11/1/2019,0,Saturday
5,11/24/2019,42727,5704,35641,1382,41321,615,704,87,USW00094728,3.6,22.9,0,7.8,4.4,6.1,0,11/1/2019,0,Sunday
5,12/28/2019,50394,8073,40894,1427,48311,1079,942,62,USW00094728,1.8,0,0,10.6,6.1,8.35,0,12/1/2019,0,Saturday
5,12/16/2019,47113,4873,40520,1720,41458,2533,2813,309,USW00094728,1.7,2.5,0,2.8,0.6,1.7,0,12/1/2019,0,Monday
5,12/24/2019,50626,7239,41722,1665,47450,1760,1158,258,USW00094728,2.6,0,0,8.3,2.2,5.25,0,12/1/2019,0,Tuesday
5,1/28/2020,44519,4884,38270,1365,39222,2285,2627,385,USW00094728,3.8,0,0,6.1,2.8,4.45,0,1/1/2020,0,Tuesday
5,1/16/2020,48576,6163,40917,1496,42972,2583,2724,297,USW00094728,4.6,2.8,0,9.4,0.6,5,0,1/1/2020,0,Thursday
5,1/24/2020,45772,6967,37363,1442,41044,2113,2289,326,USW00094728,2.2,0,0,10.6,2.8,6.7,0,1/1/2020,0,Friday
5,2/28/2020,48999,7315,40183,1501,43874,2288,2412,425,USW00094728,4.4,0,0,5.6,-1.6,2,0,2/1/2020,0,Friday
5,2/17/2020,48719,6505,40694,1520,45117,1872,1486,244,USW00094728,2.3,0,0,10.6,3.3,6.95,0,2/1/2020,0,Monday
5,2/13/2020,46171,5790,38992,1389,41022,2240,2566,343,USW00094728,1.9,9.9,0,6.7,2.8,4.75,0,2/1/2020,0,Thursday
5,3/28/2020,14297,2077,11555,665,12994,584,694,25,USW00094728,3.3,11.4,0,12.2,6.7,9.45,0,3/1/2020,0,Saturday
5,3/16/2020,39574,4140,33926,1508,34348,2388,2509,329,USW00094728,4,0,0,7.2,0.6,3.9,0,3/1/2020,0,Monday
5,3/24/2020,23727,2445,20282,1000,19189,1866,2419,253,USW00094728,3,0,0,12.8,2.2,7.5,0,3/1/2020,0,Tuesday
5,4/28/2020,25732,3041,21579,1112,21576,1854,2219,83,USW00094728,1.7,0,0,19.4,5,12.2,0,4/1/2020,0,Tuesday
5,4/16/2020,19549,2372,16295,882,16106,1370,1995,78,USW00094728,4.1,0,0,10,3.3,6.65,0,4/1/2020,0,Thursday
5,4/24/2020,22494,2855,18685,954,18881,1689,1857,67,USW00094728,3.2,12.2,0,9.4,5.6,7.5,0,4/1/2020,0,Friday
5,5/28/2020,32527,4315,26876,1336,27866,2306,2263,92,USW00094728,2.2,0,0,24.4,17.8,21.1,0,5/1/2020,0,Thursday
5,5/16/2020,27303,4471,21775,1057,25572,807,903,21,USW00094728,1.7,0.3,0,25,15,20,0,5/1/2020,0,Saturday
5,5/24/2020,29588,4703,23702,1183,28516,493,567,12,USW00094728,2.2,0,0,19.4,11.1,15.25,0,5/1/2020,0,Sunday
5,6/28/2020,42594,6993,34006,1595,41151,708,692,43,USW00094728,1,2.8,0,32.2,21.1,26.65,0,6/1/2020,0,Sunday
5,6/16/2020,37861,5026,31215,1620,32891,2285,2385,300,USW00094728,2.2,0,0,25.6,15.6,20.6,0,6/1/2020,0,Tuesday
5,6/24/2020,40965,5650,33705,1610,35642,2578,2434,311,USW00094728,1.9,0,0,30,23.3,26.65,0,6/1/2020,0,Wednesday
5,7/28/2020,43247,6060,35449,1738,38256,2368,2319,304,USW00094728,2.1,0,0,33.9,26.7,30.3,0,7/1/2020,0,Tuesday
5,7/16/2020,43777,6123,35958,1696,38442,2555,2424,356,USW00094728,1.7,0,0,25.6,20.6,23.1,0,7/1/2020,0,Thursday
5,7/24/2020,45341,6986,36627,1728,40405,2427,2222,287,USW00094728,1.4,4.8,0,26.7,22.2,24.45,0,7/1/2020,0,Friday
5,8/28/2020,48279,7252,39162,1865,42914,2682,2349,334,USW00094728,1.6,0,0,29.4,21.7,25.55,0,8/1/2020,0,Friday
5,8/16/2020,44064,6864,35509,1691,42730,661,635,38,USW00094728,3.5,5.3,0,22.2,19.4,20.8,0,8/1/2020,0,Sunday
5,8/24/2020,47457,6673,38806,1978,42483,2459,2182,333,USW00094728,1.4,0,0,32.2,23.9,28.05,0,8/1/2020,0,Monday
5,9/28/2020,45784,6506,37617,1661,40893,2229,2361,301,USW00094728,1.3,0.5,0,25,20.6,22.8,0,9/1/2020,0,Monday
5,9/16/2020,43651,5727,36196,1728,38133,2584,2628,306,USW00094728,1.2,0,0,21.7,13.3,17.5,0,9/1/2020,0,Wednesday
5,9/24/2020,45577,5948,37822,1807,39798,2805,2646,328,USW00094728,1.2,0,0,23.9,16.7,20.3,0,9/1/2020,0,Thursday
5,10/28/2020,41409,5336,34394,1679,35854,2595,2662,298,USW00094728,1.2,2.8,0,13.9,11.1,12.5,0,10/1/2020,0,Wednesday
5,10/16/2020,41686,5993,33969,1724,36369,2417,2608,292,USW00094728,2,34.5,0,18.9,8.3,13.6,0,10/1/2020,0,Friday
5,10/24/2020,47837,8114,37985,1738,45665,1150,979,43,USW00094728,2,0,0,20.6,8.9,14.75,0,10/1/2020,0,Saturday
5,11/28/2020,43565,7168,34713,1684,41141,1271,1121,32,USW00094728,2.2,0,0,13.3,6.7,10,0,11/1/2020,0,Saturday
5,11/16/2020,43528,5818,35789,1921,37829,2585,2818,296,USW00094728,3,0,0,12.8,6.7,9.75,0,11/1/2020,0,Monday
5,11/24/2020,46618,6309,38274,2035,40358,2900,3065,295,USW00094728,2.6,0,0,8.9,5,6.95,0,11/1/2020,0,Tuesday
5,1/16/2021,40195,6680,32085,1430,37816,1257,1093,29,USW00094728,3.8,19.8,0,8.3,2.8,5.55,0,1/1/2021,0,Saturday
5,1/24/2021,37521,5592,30468,1461,35928,820,724,49,USW00094728,4.5,0,0,0,-5.5,-2.75,0,1/1/2021,0,Sunday
5,3/28/2021,40450,6464,32497,1489,38997,758,664,31,USW00094728,3,19.3,0,15.6,8.9,12.25,0,3/1/2021,0,Sunday
5,4/24/2021,50232,8226,40359,1647,47753,1319,1103,57,USW00094728,1.8,0,0,22.2,11.1,16.65,0,4/1/2021,0,Saturday
5,5/16/2021,49174,7235,40201,1738,47369,976,771,58,USW00094728,0.9,0.3,0,23.9,15,19.45,0,5/1/2021,0,Sunday
5,7/24/2021,55235,9147,44093,1995,52579,1394,1089,173,USW00094728,1.1,0,0,28.9,19.4,24.15,0,7/1/2021,0,Saturday
5,8/28/2021,51765,8086,41808,1871,49223,1324,1106,112,USW00094728,3.1,0,0,26.7,20,23.35,0,8/1/2021,0,Saturday
5,10/16/2021,52646,7846,42871,1929,50067,1349,1136,94,USW00094728,2.1,6.4,0,24.4,13.3,18.85,0,10/1/2021,0,Saturday
5,10/24/2021,51974,7182,42757,2035,50256,875,734,109,USW00094728,1.4,0.8,0,15,8.3,11.65,0,10/1/2021,0,Sunday
5,11/28/2021,48444,6852,39683,1909,46449,1040,854,101,USW00094728,1,0,0,5,0.6,2.8,0,11/1/2021,0,Sunday
5,11/24/2021,54461,7619,44536,2306,48064,2889,3145,363,USW00094728,2.1,0,0,7.2,-1,3.1,0,11/1/2021,0,Wednesday
5,12/28/2021,45409,5797,37646,1966,39616,2594,2849,350,USW00094728,2.1,1.3,0,8.3,2.2,5.25,0,12/1/2021,0,Tuesday
5,1/16/2022,37982,4849,31528,1605,36276,951,680,75,USW00094728,3.8,9.4,20,2.8,-12.1,-4.65,0,1/1/2022,0,Sunday
5,2/26/2022,51689,7055,42692,1942,49078,1282,1219,110,USW00094728,3.2,0,0,2.8,-4.3,-0.75,0,2/1/2022,0,Saturday
5,4/16/2022,50782,7410,41439,1933,48429,1204,1058,91,USW00094728,2.8,5.1,0,22.8,6.7,14.75,0,4/1/2022,0,Saturday
5,4/24/2022,50688,6956,41789,1943,48900,910,795,83,USW00094728,2.4,0,0,17.2,8.9,13.05,0,4/1/2022,0,Sunday
5,5/28/2022,50982,8576,40305,2101,48397,1371,1128,86,USW00094728,1.5,18.3,0,23.3,17.2,20.25,0,5/1/2022,0,Saturday
5,7/16/2022,53655,8355,42949,2351,50753,1402,1403,97,USW00094728,1.2,28.2,0,29.4,18.9,24.15,0,7/1/2022,0,Saturday
5,7/24/2022,50079,6920,40874,2285,48318,831,824,106,USW00094728,2.2,0,0,35,26.1,30.55,0,7/1/2022,0,Sunday
5,8/28/2022,51979,7323,42451,2205,50150,898,806,125,USW00094728,2.3,0,0,27.8,22.8,25.3,0,8/1/2022,0,Sunday
5,9/24/2022,53839,8492,43119,2228,51187,1373,1141,138,USW00094728,1.8,0,0,20.6,9.4,15,0,9/1/2022,0,Saturday
5,10/16/2022,50242,6760,41353,2129,48522,819,812,89,USW00094728,1.2,0,0,17.8,11.1,14.45,0,10/1/2022,0,Sunday
5,11/24/2022,52414,7939,42347,2128,51078,707,552,77,USW00094728,1.7,0,0,12.2,4.4,8.3,0,11/1/2022,0,Thursday
5,12/24/2022,45356,6774,36620,1962,43941,813,556,46,USW00094728,5.1,0,0,-9.3,-13.8,-11.55,0,12/1/2022,0,Saturday
5,1/28/2023,48215,6674,39539,2002,45878,1234,1028,75,USW00094728,3.2,0,0,11.1,2.2,6.65,0,1/1/2023,0,Saturday
5,2/26/2023,48771,6299,40448,2024,47143,821,713,94,USW00094728,2.4,0,0,10,-1,4.5,0,2/1/2023,0,Sunday
5,4/16/2023,51050,7697,41811,1542,49284,867,830,69,USW00094728,1.3,0,0,21.7,13.9,17.8,0,4/1/2023,0,Sunday
5,5/28/2023,50474,8094,40920,1460,48808,836,732,98,USW00094728,1,0,0,26.1,15,20.55,0,5/1/2023,0,Sunday
5,6/24/2023,52211,8809,41810,1592,49636,1363,1127,85,USW00094728,0.3,1.8,0,25.6,20.6,23.1,0,6/1/2023,0,Saturday
5,7/16/2023,47021,7364,38131,1526,45002,959,981,79,USW00094728,0.7,33.5,0,25.6,23.3,24.45,0,7/1/2023,0,Sunday
5,9/16/2023,54220,9141,43212,1867,51657,1301,1158,104,USW00094728,2.8,0,0,23.9,15.6,19.75,0,9/1/2023,0,Saturday
5,9/24/2023,43096,6419,35136,1541,41315,812,855,114,USW00094728,5.3,31.8,0,18.9,16.7,17.8,0,9/1/2023,0,Sunday
5,10/28/2023,54082,9114,43199,1769,51350,1375,1221,136,USW00094728,2.2,0,0,26.7,17.2,21.95,0,10/1/2023,0,Saturday
5,11/24/2023,50830,8461,40740,1629,47231,1750,1610,239,USW00094728,2.8,0,0,10.6,0.6,5.6,0,11/1/2023,0,Friday
5,12/16/2023,50177,7976,40550,1651,47439,1328,1312,98,USW00094728,2.6,0,0,12.2,7.8,10,0,12/1/2023,0,Saturday
5,12/24/2023,48847,7751,39318,1778,47699,601,484,63,USW00094728,0.7,0.5,0,9.4,4.4,6.9,0,12/1/2023,0,Sunday
5,1/28/2024,41610,5992,34227,1391,39931,781,775,123,USW00094728,4.2,20.8,0,6.7,2.8,4.75,0,1/1/2024,0,Sunday
5,2/17/2024,42446,6860,34219,1367,40141,1290,931,84,USW00094728,3.4,4.6,51,2.2,-2.7,-0.25,0,2/1/2024,0,Saturday
5,3/16/2024,50765,7965,41256,1544,48376,1227,1081,81,USW00094728,2,0,0,16.1,8.3,12.2,0,3/1/2024,0,Saturday
5,3/24/2024,47789,6964,39390,1435,46085,800,824,80,USW00094728,3.5,0,0,8.9,-0.5,4.2,0,3/1/2024,0,Sunday
5,4/28/2024,52895,7968,43264,1663,51259,781,781,74,USW00094728,0.6,0.3,0,26.1,11.1,18.6,0,4/1/2024,0,Sunday
5,6/16/2024,53152,8037,43384,1731,51518,808,741,85,USW00094728,2.3,0,0,25.6,17.2,21.4,0,6/1/2024,0,Sunday
5,7/28/2024,50861,8048,41113,1700,49126,861,756,118,USW00094728,1.7,0,0,31.7,21.1,26.4,0,7/1/2024,0,Sunday
5,8/24/2024,54252,9009,43520,1723,51675,1315,1175,87,USW00094728,0.6,0,0,28.3,18.3,23.3,0,8/1/2024,0,Saturday
5,9/28/2024,49181,7728,39789,1664,46591,1335,1164,91,USW00094728,3.9,6.6,0,20,16.1,18.05,0,9/1/2024,0,Saturday
5,11/28/2024,50885,8176,40960,1749,49366,807,656,56,USW00094728,2.5,21.8,0,9.4,5.6,7.5,0,11/1/2024,0,Thursday
5,11/16/2024,52728,8165,42688,1875,50030,1353,1251,94,USW00094728,3.8,0,0,16.7,7.2,11.95,0,11/1/2024,0,Saturday
5,11/24/2024,48746,7475,39523,1748,46442,1128,1093,83,USW00094728,4.4,0,0,11.7,6.7,9.2,0,11/1/2024,0,Sunday
5,12/28/2024,46855,7676,37697,1482,44243,1344,1158,110,USW00094728,0.6,14.2,0,12.2,4.4,8.3,0,12/1/2024,0,Saturday
5,12/24/2024,50340,7765,40593,1982,46547,2127,1357,309,USW00094728,2.2,2.5,25,3.9,-2.1,0.9,0,12/1/2024,0,Tuesday
5,2/9/2025,36127,5328,29343,1456,34530,798,735,64,USW00094728,2.2,1.5,3,2.2,-1,0.6,0,2/1/2025,0,Sunday
5,3/16/2025,47708,6958,39206,1544,46076,799,744,89,USW00094728,3.1,0.3,0,16.1,8.3,12.2,0,3/1/2025,0,Sunday
5,5/24/2025,52874,8772,40758,3344,50393,1292,1097,92,USW00094728,2.6,0,0,17.8,8.9,13.35,0,5/1/2025,0,Saturday
6,1/28/2013,33268,3684,28398,1186,30695,1070,1421,82,USW00094728,2.1,5.6,0,2.2,-1.7,0.25,0,1/1/2013,0,Monday
6,1/16/2013,34411,3753,29537,1121,31453,1175,1692,91,USW00094728,2.2,17.5,0,2.8,0,1.4,0,1/1/2013,0,Wednesday
6,1/24/2013,36957,3987,31727,1243,34025,1235,1625,72,USW00094728,3.8,0,0,-5.6,-11.1,-8.35,0,1/1/2013,0,Thursday
6,2/10/2013,29912,4032,25000,880,29191,208,418,95,USW00094728,1.4,0,0,2.2,-7.8,-2.8,0,2/1/2013,0,Sunday
6,2/26/2013,35977,3890,30964,1123,33039,1216,1631,91,USW00094728,3.4,3.6,0,6.7,1.7,4.2,0,2/1/2013,0,Tuesday
6,2/9/2013,14458,2016,11865,577,13954,190,284,30,USW00094728,3.8,9.7,130,0,-6.1,-3.05,0,2/1/2013,0,Saturday
6,3/28/2013,42705,5292,36144,1269,39502,1268,1821,114,USW00094728,2.6,0,0,10.6,2.8,6.7,0,3/1/2013,0,Thursday
6,3/16/2013,39203,5612,32394,1197,37809,571,702,121,USW00094728,1.7,3,8,5,0,2.5,0,3/1/2013,0,Saturday
6,3/24/2013,39986,5739,33165,1082,39261,228,383,114,USW00094728,2.3,0,0,8.3,0.6,4.45,0,3/1/2013,0,Sunday
6,4/28/2013,44651,6349,37050,1252,43796,299,415,141,USW00094728,2,0,0,20.6,10.6,15.6,0,4/1/2013,0,Sunday
6,4/16/2013,37895,4089,32623,1183,34671,1292,1828,104,USW00094728,2.9,0,0,17.2,8.3,12.75,0,4/1/2013,0,Tuesday
6,4/24/2013,38695,4305,33158,1232,35455,1230,1901,109,USW00094728,2.2,0,0,20.6,6.7,13.65,0,4/1/2013,0,Wednesday
6,5/28/2013,40891,4634,34900,1357,37873,1274,1614,130,USW00094728,1.2,13.2,0,20,13.3,16.65,0,5/1/2013,0,Tuesday
6,5/16/2013,39299,4531,33434,1334,36094,1248,1840,117,USW00094728,1.6,0,0,26.1,16.7,21.4,0,5/1/2013,0,Thursday
6,5/24/2013,39345,5091,32945,1309,36316,1217,1689,123,USW00094728,2.4,7.6,0,18.3,7.2,12.75,0,5/1/2013,0,Friday
6,6/28/2013,42659,5494,35670,1495,39575,1317,1654,113,USW00094728,2.3,0,0,29.4,22.8,26.1,0,6/1/2013,0,Friday
6,6/16/2013,49090,6940,40732,1418,48332,296,340,122,USW00094728,1.7,0,0,26.7,18.3,22.5,0,6/1/2013,0,Sunday
6,6/24/2013,43152,5100,36527,1525,40147,1260,1611,134,USW00094728,1.9,0,0,33.3,23.3,28.3,0,6/1/2013,0,Monday
6,7/28/2013,42574,6154,35222,1198,41899,257,272,146,USW00094728,0.9,6.1,0,25.6,21.1,23.35,0,7/1/2013,0,Sunday
6,7/16/2013,34473,3831,29449,1193,32319,1006,1052,96,USW00094728,2.1,0,0,34.4,25,29.7,0,7/1/2013,0,Tuesday
6,7/24/2013,34356,3855,29371,1130,32243,997,1022,94,USW00094728,2,0,0,28.3,20,24.15,0,7/1/2013,0,Wednesday
6,8/28/2013,36129,3857,31070,1202,33903,1020,1134,72,USW00094728,1.2,10.9,0,30,21.7,25.85,0,8/1/2013,0,Wednesday
6,8/16/2013,38452,4880,32337,1235,36274,1064,1010,104,USW00094728,0.9,0,0,27.8,17.8,22.8,0,8/1/2013,0,Friday
6,8/24/2013,40534,6046,33218,1270,39710,390,301,133,USW00094728,2.2,0,0,26.7,18.3,22.5,0,8/1/2013,0,Saturday
6,9/28/2013,38809,5260,32418,1131,38031,422,245,111,USW00094728,2,0,0,22.8,13.3,18.05,0,9/1/2013,0,Saturday
6,9/16/2013,32729,3445,28171,1113,30544,1004,1094,87,USW00094728,2.1,0.8,0,22.8,13.3,18.05,0,9/1/2013,0,Monday
6,9/24/2013,32382,3127,28156,1099,30327,1006,973,76,USW00094728,1.8,0,0,22.8,8.3,15.55,0,9/1/2013,0,Tuesday
6,10/28/2013,35652,3746,30643,1263,33019,1136,1423,74,USW00094728,2,0,0,16.1,6.1,11.1,0,10/1/2013,0,Monday
6,10/16/2013,36014,3661,31141,1212,33263,1176,1491,84,USW00094728,1.4,0,0,19.4,13.3,16.35,0,10/1/2013,0,Wednesday
6,10/24/2013,36227,3716,31323,1188,33496,1208,1410,113,USW00094728,3,0,0,12.2,5,8.6,0,10/1/2013,0,Thursday
6,11/28/2013,43554,6646,35634,1274,43027,159,282,86,USW00094728,3.2,0,0,1.7,-1,0.35,0,11/1/2013,0,Thursday
6,11/16/2013,39008,5229,32582,1197,37589,609,671,139,USW00094728,1.2,1.3,0,15.6,7.2,11.4,0,11/1/2013,0,Saturday
6,11/24/2013,34708,4653,29080,975,33942,277,373,116,USW00094728,5.4,0,0,-1,-4.9,-2.95,0,11/1/2013,0,Sunday
6,12/28/2013,41240,5956,33998,1286,40046,543,548,103,USW00094728,3.2,0,0,12.8,2.2,7.5,0,12/1/2013,0,Saturday
6,12/16/2013,36891,3702,31816,1373,34220,1134,1449,88,USW00094728,3.5,0,0,0.6,-3.8,-1.6,0,12/1/2013,0,Monday
6,12/24/2013,44514,6140,36985,1389,42974,737,734,69,USW00094728,3.7,0,0,5.6,-3.2,1.2,0,12/1/2013,0,Tuesday
6,1/28/2014,33678,3190,29309,1179,31050,1098,1430,100,USW00094728,2.7,0,0,-6,-11,-8.5,0,1/1/2014,0,Tuesday
6,1/16/2014,36385,3678,31482,1225,33567,1128,1566,124,USW00094728,1.8,0,0,5.6,2.2,3.9,0,1/1/2014,0,Thursday
6,1/24/2014,35583,3848,30463,1272,33026,1078,1385,94,USW00094728,3.6,0,0,-6.6,-12.1,-9.35,0,1/1/2014,0,Friday
6,2/10/2014,31641,3124,27281,1236,29315,921,1307,98,USW00094728,3.2,0,0,-1.6,-6,-3.8,0,2/1/2014,0,Monday
6,2/26/2014,32582,3080,28341,1161,29916,1075,1492,99,USW00094728,2.4,0.8,5,-0.5,-6.6,-3.55,0,2/1/2014,0,Wednesday
6,2/9/2014,29046,3532,24607,907,28443,201,299,103,USW00094728,1.6,2.5,30,-0.5,-6,-3.25,0,2/1/2014,0,Sunday
6,3/28/2014,39185,4357,33554,1274,36365,1156,1556,108,USW00094728,2.4,1,0,16.7,2.8,9.75,0,3/1/2014,0,Friday
6,3/16/2014,39830,5333,33434,1063,39172,232,316,110,USW00094728,3.4,0,0,5.6,-1,2.3,0,3/1/2014,0,Sunday
6,3/24/2014,35948,3701,30932,1315,33262,1108,1479,99,USW00094728,3,0,0,1.7,-6,-2.15,0,3/1/2014,0,Monday
6,4/28/2014,37797,3993,32468,1336,34996,1095,1581,125,USW00094728,1.9,0,0,19.4,7.2,13.3,0,4/1/2014,0,Monday
6,4/16/2014,37975,4222,32453,1300,35065,1106,1708,96,USW00094728,3.4,1.3,0,9.4,-0.5,4.45,0,4/1/2014,0,Wednesday
6,4/24/2014,38400,3859,33231,1310,35374,1240,1654,132,USW00094728,3.8,0,0,16.7,5.6,11.15,0,4/1/2014,0,Thursday
6,5/28/2014,38453,3931,33081,1441,35251,1310,1740,152,USW00094728,3.4,0,0,17.8,12.2,15,0,5/1/2014,0,Wednesday
6,5/16/2014,37872,4287,32168,1417,35112,1126,1503,131,USW00094728,2.9,39.1,0,20,14.4,17.2,0,5/1/2014,0,Friday
6,5/24/2014,37922,5766,30957,1199,36543,572,647,160,USW00094728,1.6,10.2,0,21.1,13.9,17.5,0,5/1/2014,0,Saturday
6,6/28/2014,44420,6459,36354,1607,42870,677,716,157,USW00094728,1.3,0,0,30.6,18.9,24.75,0,6/1/2014,0,Saturday
6,6/16/2014,40561,4472,34536,1553,37827,1079,1509,146,USW00094728,1.3,0,0,27.2,17.2,22.2,0,6/1/2014,0,Monday
6,6/24/2014,40482,4319,34699,1464,37603,1179,1564,136,USW00094728,2.2,0,0,27.2,20,23.6,0,6/1/2014,0,Tuesday
6,7/28/2014,39673,4458,33730,1485,36999,1079,1471,124,USW00094728,3.3,4.8,0,27.8,20,23.9,0,7/1/2014,0,Monday
6,7/16/2014,39704,4192,34100,1412,36745,1215,1600,144,USW00094728,1.7,0,0,27.2,20,23.6,0,7/1/2014,0,Wednesday
6,7/24/2014,40732,4442,34711,1579,37629,1184,1750,169,USW00094728,2.2,0,0,26.7,21.1,23.9,0,7/1/2014,0,Thursday
6,8/28/2014,43288,4700,36978,1610,40130,1306,1722,130,USW00094728,2.4,0,0,27.8,18.9,23.35,0,8/1/2014,0,Thursday
6,8/16/2014,45306,6683,37117,1506,43837,593,682,194,USW00094728,1.8,0,0,25.6,17.2,21.4,0,8/1/2014,0,Saturday
6,8/24/2014,46089,6475,38018,1596,45311,297,331,150,USW00094728,1.4,0,0,26.7,17.8,22.25,0,8/1/2014,0,Sunday
6,9/28/2014,44062,5703,36834,1525,43318,299,327,118,USW00094728,0.8,0,0,28.9,17.8,23.35,0,9/1/2014,0,Sunday
6,9/16/2014,36253,3489,31471,1293,33154,1271,1706,122,USW00094728,1,9.4,0,21.1,14.4,17.75,0,9/1/2014,0,Tuesday
6,9/24/2014,39213,3832,33922,1459,36135,1208,1754,116,USW00094728,2.5,0,0,21.7,14.4,18.05,0,9/1/2014,0,Wednesday
6,10/28/2014,37299,3553,32358,1388,34190,1185,1792,132,USW00094728,1.3,0,0,22.2,11.7,16.95,0,10/1/2014,0,Tuesday
6,10/16/2014,34606,3528,29851,1227,31735,1124,1640,107,USW00094728,1.8,28.2,0,21.7,16.1,18.9,0,10/1/2014,0,Thursday
6,10/24/2014,39274,4336,33773,1166,36420,1047,1673,134,USW00094728,2,0,0,17.2,10.6,13.9,0,10/1/2014,0,Friday
6,11/28/2014,38838,5264,32136,1438,37087,715,936,100,USW00094728,2.6,0,0,2.8,-1.6,0.6,0,11/1/2014,0,Friday
6,11/16/2014,37535,4933,31496,1106,36842,245,337,111,USW00094728,1.7,0.8,0,7.2,1.7,4.45,0,11/1/2014,0,Sunday
6,11/24/2014,36896,3768,31662,1466,33835,1248,1714,99,USW00094728,2.4,17.8,0,20.6,11.7,16.15,0,11/1/2014,0,Monday
6,12/28/2014,36990,5295,30549,1146,36370,212,322,86,USW00094728,2.6,2.5,0,12.2,6.1,9.15,0,12/1/2014,0,Sunday
6,12/16/2014,37993,3465,33068,1460,34739,1390,1761,103,USW00094728,1.7,5.1,0,9.4,3.3,6.35,0,12/1/2014,0,Tuesday
6,12/24/2014,43217,5596,36014,1607,41406,747,970,94,USW00094728,2.6,20.3,0,14.4,6.7,10.55,0,12/1/2014,0,Wednesday
6,1/28/2015,30615,2786,26498,1331,28211,943,1380,81,USW00094728,3.4,0,0,1.1,-8.8,-3.85,0,1/1/2015,0,Wednesday
6,1/16/2015,37798,4085,32403,1310,35064,1171,1469,94,USW00094728,4.4,0,0,6.1,-6.6,-0.25,0,1/1/2015,0,Friday
6,1/24/2015,23925,3103,19809,1013,22849,446,549,81,USW00094728,2.7,18.3,91,3.9,0.6,2.25,0,1/1/2015,0,Saturday
6,2/10/2015,33726,3031,29387,1308,30962,1176,1490,98,USW00094728,4.7,0.3,3,4.4,-3.2,0.6,0,2/1/2015,0,Tuesday
6,2/26/2015,35687,3299,31139,1249,32986,1164,1430,107,USW00094728,3.2,0,0,0,-6,-3,0,2/1/2015,0,Thursday
6,2/9/2015,27547,2614,23722,1211,25213,991,1255,88,USW00094728,4.9,2.3,0,-1.6,-3.8,-2.7,0,2/1/2015,0,Monday
6,3/28/2015,40662,5340,33970,1352,39304,584,651,123,USW00094728,3.4,0,0,4.4,-3.2,0.6,0,3/1/2015,0,Saturday
6,3/16/2015,36486,3771,31292,1423,33921,1069,1390,106,USW00094728,1.7,0,0,11.1,1.7,6.4,0,3/1/2015,0,Monday
6,3/24/2015,36434,3439,31617,1378,33605,1139,1567,123,USW00094728,1.8,0,0,7.2,-3.2,2,0,3/1/2015,0,Tuesday
6,4/28/2015,38306,3607,33275,1424,35183,1279,1712,132,USW00094728,3.5,0,0,21.7,10,15.85,0,4/1/2015,0,Tuesday
6,4/16/2015,38790,3765,33609,1416,35779,1240,1644,127,USW00094728,2.9,0,0,17.8,11.1,14.45,0,4/1/2015,0,Thursday
6,4/24/2015,40447,4409,34621,1417,37547,1146,1593,161,USW00094728,3.8,0,0,11.1,3.9,7.5,0,4/1/2015,0,Friday
6,5/28/2015,41795,4122,36042,1631,38418,1369,1872,136,USW00094728,1.8,0,0,29.4,21.1,25.25,0,5/1/2015,0,Thursday
6,5/16/2015,41228,5574,34173,1481,39677,627,766,158,USW00094728,0.9,7.6,0,23.9,13.9,18.9,0,5/1/2015,0,Saturday
6,5/24/2015,43371,6317,35541,1513,42646,259,349,117,USW00094728,1.7,0,0,27.2,13.3,20.25,0,5/1/2015,0,Sunday
6,6/28/2015,44757,5982,37070,1705,43890,352,376,139,USW00094728,2.4,7.4,0,22.8,16.7,19.75,0,6/1/2015,0,Sunday
6,6/16/2015,40059,3861,34613,1585,36843,1390,1656,170,USW00094728,1,6.9,0,26.1,18.3,22.2,0,6/1/2015,0,Tuesday
6,6/24/2015,43893,4363,37716,1814,40660,1310,1780,143,USW00094728,2.1,0,0,28.9,20,24.45,0,6/1/2015,0,Wednesday
6,7/28/2015,41833,4178,35988,1667,38620,1363,1706,144,USW00094728,1.2,0,0,35,23.9,29.45,0,7/1/2015,0,Tuesday
6,7/16/2015,42375,4210,36187,1978,39191,1278,1754,152,USW00094728,2.5,0,0,26.7,17.8,22.25,0,7/1/2015,0,Thursday
6,7/24/2015,43287,4915,36617,1755,40313,1240,1585,149,USW00094728,0.9,0,0,30.6,21.1,25.85,0,7/1/2015,0,Friday
6,8/28/2015,44640,4969,37841,1830,41518,1291,1703,128,USW00094728,1.1,0,0,27.8,17.2,22.5,0,8/1/2015,0,Friday
6,8/16/2015,47676,6526,39441,1709,46897,291,352,136,USW00094728,0.7,0,0,33.9,24.4,29.15,0,8/1/2015,0,Sunday
6,8/24/2015,43410,4565,37032,1813,40490,1212,1583,125,USW00094728,1.1,0,0,30.6,22.8,26.7,0,8/1/2015,0,Monday
6,9/28/2015,35640,3630,30444,1566,32958,1054,1531,97,USW00094728,1.5,0,0,25.6,18.3,21.95,0,9/1/2015,0,Monday
6,9/16/2015,39350,3617,34129,1604,36120,1292,1805,133,USW00094728,0.6,0,0,31.1,18.9,25,0,9/1/2015,0,Wednesday
6,9/24/2015,40811,3838,35360,1613,37782,1263,1619,147,USW00094728,1.9,0,0,27.8,15.6,21.7,0,9/1/2015,0,Thursday
6,10/28/2015,35362,3094,30871,1397,32380,1224,1646,112,USW00094728,3,35.6,0,20.6,11.7,16.15,0,10/1/2015,0,Wednesday
6,10/16/2015,41785,4370,35794,1621,38778,1251,1621,135,USW00094728,2.4,0,0,17.8,11.7,14.75,0,10/1/2015,0,Friday
6,10/24/2015,43374,5597,36226,1551,41963,582,664,165,USW00094728,1.8,0,0,13.9,4.4,9.15,0,10/1/2015,0,Saturday
6,11/28/2015,43142,5493,36141,1508,41809,597,614,122,USW00094728,2.2,0.5,0,17.8,7.2,12.5,0,11/1/2015,0,Saturday
6,11/16/2015,37414,3550,32365,1499,34588,1145,1559,122,USW00094728,1.8,0,0,19.4,10.6,15,0,11/1/2015,0,Monday
6,11/24/2015,42365,3976,36708,1681,38944,1432,1858,131,USW00094728,1.7,0,0,7.8,0,3.9,0,11/1/2015,0,Tuesday
6,12/28/2015,42385,4633,35969,1783,39749,1091,1406,139,USW00094728,3.7,0.8,0,7.8,1.1,4.45,0,12/1/2015,0,Monday
6,12/16/2015,40237,3552,35062,1623,36901,1366,1840,130,USW00094728,2.4,1,0,11.7,7.8,9.75,0,12/1/2015,0,Wednesday
6,12/24/2015,47006,6056,39167,1783,45246,797,869,94,USW00094728,2,0.3,0,22.2,17.2,19.7,0,12/1/2015,0,Thursday
6,1/28/2016,36720,3124,32019,1577,33794,1234,1577,115,USW00094728,2,0,0,5.6,0,2.8,0,1/1/2016,0,Thursday
6,1/16/2016,37383,4585,31431,1367,36196,478,601,108,USW00094728,3,6.1,0,11.1,5.6,8.35,0,1/1/2016,0,Saturday
6,1/24/2016,10009,1194,8225,590,9652,96,236,25,USW00094728,2.6,0,0,1.7,-6.6,-2.45,0,1/1/2016,0,Sunday
6,2/28/2016,39878,4719,33797,1362,39154,255,358,111,USW00094728,3.3,0,0,15.6,3.3,9.45,0,2/1/2016,0,Sunday
6,2/17/2016,39083,3552,34019,1512,36110,1229,1614,130,USW00094728,3.3,0,0,3.9,1.7,2.8,0,2/1/2016,0,Wednesday
6,2/13/2016,34763,4253,29174,1336,33591,485,586,101,USW00094728,5.5,0,0,-5.5,-14.3,-9.9,0,2/1/2016,0,Saturday
6,3/28/2016,39438,3820,33947,1671,36747,1120,1446,125,USW00094728,4.5,9.7,0,16.7,5.6,11.15,0,3/1/2016,0,Monday
6,3/16/2016,39037,3384,34166,1487,36050,1205,1661,121,USW00094728,1.6,0.5,0,18.3,8.9,13.6,0,3/1/2016,0,Wednesday
6,3/24/2016,43518,4068,37712,1738,40499,1236,1636,147,USW00094728,4.1,0,0,12.8,6.7,9.75,0,3/1/2016,0,Thursday
6,4/28/2016,41283,3924,35665,1694,38103,1216,1837,127,USW00094728,2.1,0,0,15,8.9,11.95,0,4/1/2016,0,Thursday
6,4/16/2016,46859,6097,39005,1757,45349,655,704,151,USW00094728,2.2,0,0,20,6.1,13.05,0,4/1/2016,0,Saturday
6,4/24/2016,43547,5628,36303,1616,42826,243,348,130,USW00094728,2.6,0,0,20,8.3,14.15,0,4/1/2016,0,Sunday
6,5/28/2016,40584,5788,33220,1576,39115,624,690,155,USW00094728,2,0,0,33.3,21.7,27.5,0,5/1/2016,0,Saturday
6,5/16/2016,39850,3840,34738,1273,37277,981,1448,144,USW00094728,2.2,0,0,18.9,6.1,12.5,0,5/1/2016,0,Monday
6,5/24/2016,39801,3488,34755,1558,36665,1370,1627,139,USW00094728,0.9,4.6,0,22.8,14.4,18.6,0,5/1/2016,0,Tuesday
6,6/28/2016,42827,3941,36992,1894,39613,1381,1689,144,USW00094728,1.6,3,0,24.4,20,22.2,0,6/1/2016,0,Tuesday
6,6/16/2016,43096,3808,37482,1806,39882,1377,1694,143,USW00094728,0.8,5.6,0,23.3,18.3,20.8,0,6/1/2016,0,Thursday
6,6/24/2016,45885,5079,38800,2006,42740,1405,1578,162,USW00094728,2.8,0,0,28.9,19.4,24.15,0,6/1/2016,0,Friday
6,7/28/2016,44793,4206,38602,1985,41437,1430,1755,171,USW00094728,1.4,0,0,35,23.9,29.45,0,7/1/2016,0,Thursday
6,7/16/2016,47080,6464,38650,1966,45572,643,652,213,USW00094728,1.9,0,0,32.2,23.9,28.05,0,7/1/2016,0,Saturday
6,7/24/2016,49167,6623,40519,2025,48322,316,359,170,USW00094728,1.8,0,0,34.4,23.9,29.15,0,7/1/2016,0,Sunday
6,8/28/2016,50291,6311,41791,2189,49490,324,351,126,USW00094728,1.1,0,0,31.7,22.2,26.95,0,8/1/2016,0,Sunday
6,8/16/2016,43298,4130,37333,1835,40155,1364,1577,202,USW00094728,1.8,2.8,0,30.6,25.6,28.1,0,8/1/2016,0,Tuesday
6,8/24/2016,45439,4206,39250,1983,42155,1388,1730,166,USW00094728,2.2,0,0,31.1,20,25.55,0,8/1/2016,0,Wednesday
6,9/28/2016,40604,3489,34418,2697,37484,1322,1675,123,USW00094728,3.6,0,0,20.6,13.3,16.95,0,9/1/2016,0,Wednesday
6,9/16/2016,43339,4281,37025,2033,40354,1292,1546,147,USW00094728,1.2,0,0,22.8,16.1,19.45,0,9/1/2016,0,Friday
6,9/24/2016,46466,5632,38912,1922,44956,653,706,151,USW00094728,2.3,5.1,0,21.7,14.4,18.05,0,9/1/2016,0,Saturday
6,10/28/2016,42736,4151,36556,2029,39658,1367,1576,135,USW00094728,3.7,0,0,10.6,5.6,8.1,0,10/1/2016,0,Friday
6,10/16/2016,46624,5452,39455,1717,45806,319,385,114,USW00094728,1.8,0,0,20.6,11.7,16.15,0,10/1/2016,0,Sunday
6,10/24/2016,37958,3566,32565,1827,35222,1168,1463,105,USW00094728,2.7,0,0,16.7,8.3,12.5,0,10/1/2016,0,Monday
6,11/28/2016,40521,3651,33713,3157,37364,1379,1655,123,USW00094728,1.5,0,0,11.1,3.3,7.2,0,11/1/2016,0,Monday
6,11/16/2016,40953,3336,35593,2024,37378,1427,2031,117,USW00094728,1.8,0,0,16.1,7.2,11.65,0,11/1/2016,0,Wednesday
6,11/24/2016,45303,6068,36466,2769,44663,219,335,86,USW00094728,2,0.8,0,8.9,3.3,6.1,0,11/1/2016,0,Thursday
6,12/28/2016,45371,4514,37431,3426,42480,1282,1479,130,USW00094728,2.3,0,0,4.4,1.1,2.75,0,12/1/2016,0,Wednesday
6,12/16/2016,44058,4169,36603,3286,40927,1381,1628,122,USW00094728,2.7,0,0,-2.7,-8.2,-5.45,0,12/1/2016,0,Friday
6,12/24/2016,44956,5974,36152,2830,44027,407,457,65,USW00094728,2.2,11.9,0,8.3,3.3,5.8,0,12/1/2016,0,Saturday
6,1/28/2017,40368,4736,33121,2511,39219,490,545,114,USW00094728,3.5,0,0,3.9,1.1,2.5,0,1/1/2017,0,Saturday
6,1/16/2017,42607,3894,35739,2975,40017,1191,1278,121,USW00094728,2.1,0,0,6.1,-1,2.55,0,1/1/2017,0,Monday
6,1/24/2017,35240,2760,29912,2568,32644,1125,1367,104,USW00094728,4.5,30,0,3.3,1.7,2.5,0,1/1/2017,0,Tuesday
6,2/10/2017,36672,3299,30669,2704,34258,1081,1219,114,USW00094728,3.8,0,0,0,-7.1,-3.55,0,2/1/2017,0,Friday
6,2/26/2017,41637,4827,34495,2315,40901,293,327,116,USW00094728,4,0,0,6.7,2.2,4.45,0,2/1/2017,0,Sunday
6,2/9/2017,12252,1116,9999,1137,10974,430,782,66,USW00094728,5.5,29.5,239,6.7,-7.1,-0.2,0,2/1/2017,0,Thursday
6,3/28/2017,38911,2986,32995,2930,35902,1264,1623,122,USW00094728,2.6,18.3,0,7.8,5,6.4,0,3/1/2017,0,Tuesday
6,3/16/2017,38539,3006,32581,2952,35478,1304,1644,113,USW00094728,3.5,0,0,3.9,-4.3,-0.2,0,3/1/2017,0,Thursday
6,3/24/2017,43139,3976,36001,3162,40031,1248,1727,133,USW00094728,2.8,0,0,13.9,2.2,8.05,0,3/1/2017,0,Friday
6,4/28/2017,43930,4082,36312,3536,40945,1248,1590,147,USW00094728,1.4,0,0,29.4,14.4,21.9,0,4/1/2017,0,Friday
6,4/16/2017,48717,5998,39560,3159,48254,152,225,86,USW00094728,3.3,0,0,30.6,15,22.8,0,4/1/2017,0,Sunday
6,4/24/2017,40512,3360,33937,3215,37790,1125,1458,139,USW00094728,1.6,0,0,15.6,8.9,12.25,0,4/1/2017,0,Monday
6,5/28/2017,46785,5182,38604,2999,46025,324,311,125,USW00094728,2,0,0,21.7,14.4,18.05,0,5/1/2017,0,Sunday
6,5/16/2017,41990,3301,35469,3220,38840,1319,1699,132,USW00094728,1.9,0,0,26.1,13.3,19.7,0,5/1/2017,0,Tuesday
6,5/24/2017,42600,3426,35830,3344,39199,1415,1847,139,USW00094728,2.2,1,0,20.6,13.3,16.95,0,5/1/2017,0,Wednesday
6,6/28/2017,47389,3904,39212,4273,43963,1406,1872,148,USW00094728,2.2,0,0,25.6,16.1,20.85,0,6/1/2017,0,Wednesday
6,6/16/2017,45935,4419,37537,3980,42792,1371,1617,155,USW00094728,2.3,0,0,20,17.2,18.6,0,6/1/2017,0,Friday
6,6/24/2017,47240,6114,37122,4004,45707,650,730,153,USW00094728,2.4,32.8,0,28.9,21.7,25.3,0,6/1/2017,0,Saturday
6,7/28/2017,45928,4135,39023,2770,42771,1324,1692,141,USW00094728,1.3,0,0,29.4,21.7,25.55,0,7/1/2017,0,Friday
6,7/16/2017,51834,5858,41565,4411,51038,324,321,151,USW00094728,1.2,0,0,30.6,20,25.3,0,7/1/2017,0,Sunday
6,7/24/2017,44396,3509,36203,4684,41531,1245,1475,145,USW00094728,3,18.8,0,22.8,17.2,20,0,7/1/2017,0,Monday
6,8/28/2017,48424,3583,41617,3224,45301,1383,1611,129,USW00094728,2.8,0,0,24.4,17.2,20.8,0,8/1/2017,0,Monday
6,8/16/2017,46876,3422,40411,3043,43616,1384,1705,171,USW00094728,1,0,0,30.6,21.1,25.85,0,8/1/2017,0,Wednesday
6,8/24/2017,47344,3514,40722,3108,43961,1491,1744,148,USW00094728,1.4,0,0,26.7,18.3,22.5,0,8/1/2017,0,Thursday
6,9/28/2017,42996,2790,37259,2947,39477,1548,1826,145,USW00094728,2.6,0,0,26.1,15,20.55,0,9/1/2017,0,Thursday
6,9/16/2017,47413,4859,39579,2975,45859,734,677,143,USW00094728,1.3,0,0,27.8,21.1,24.45,0,9/1/2017,0,Saturday
6,9/24/2017,48543,4339,41391,2813,47741,333,362,107,USW00094728,0.7,0,0,32.8,20.6,26.7,0,9/1/2017,0,Sunday
6,10/28/2017,47876,4544,40263,3069,46290,695,755,136,USW00094728,2.2,0,0,20.6,12.8,16.7,0,10/1/2017,0,Saturday
6,10/16/2017,42144,2894,36480,2770,39034,1323,1658,129,USW00094728,3,0.3,0,20.6,7.8,14.2,0,10/1/2017,0,Monday
6,10/24/2017,39805,2442,34800,2563,36467,1428,1765,145,USW00094728,2.5,5.1,0,23.3,19.4,21.35,0,10/1/2017,0,Tuesday
6,11/28/2017,40249,2369,35012,2868,37130,1384,1628,107,USW00094728,2,0,0,12.2,2.2,7.2,0,11/1/2017,0,Tuesday
6,11/16/2017,43121,2675,37411,3035,39747,1478,1737,159,USW00094728,2.9,5.1,0,13.9,6.1,10,0,11/1/2017,0,Thursday
6,11/24/2017,41819,3712,35204,2903,40085,765,865,104,USW00094728,1.7,0,0,10,1.7,5.85,0,11/1/2017,0,Friday
6,12/28/2017,50017,3928,42700,3389,46892,1419,1489,217,USW00094728,3.6,0,0,-7.7,-11.6,-9.65,0,12/1/2017,0,Thursday
6,12/16/2017,43765,3877,36981,2907,42392,597,653,123,USW00094728,3,0,0,3.9,-4.9,-0.5,0,12/1/2017,0,Saturday
6,12/24/2017,45583,4478,38358,2747,45105,219,181,78,USW00094728,3.5,0.3,0,5,2.2,3.6,0,12/1/2017,0,Sunday
6,1/28/2018,36691,3012,31503,2176,36002,256,344,89,USW00094728,1.7,5.3,0,12.8,7.8,10.3,0,1/1/2018,0,Sunday
6,1/16/2018,37763,2127,32963,2673,35022,1226,1403,112,USW00094728,1.8,0,0,2.2,-3.8,-0.8,0,1/1/2018,0,Tuesday
6,1/24/2018,39277,2281,34439,2557,36346,1269,1544,118,USW00094728,4.2,0,0,6.7,-2.7,2,0,1/1/2018,0,Wednesday
6,2/10/2018,39567,3280,33870,2417,38371,538,564,94,USW00094728,1,14.7,0,10,3.9,6.95,0,2/1/2018,0,Saturday
6,2/26/2018,40255,2561,35072,2622,37545,1192,1390,128,USW00094728,2,0,0,11.1,6.1,8.6,0,2/1/2018,0,Monday
6,2/9/2018,40859,2691,35569,2599,38166,1165,1416,112,USW00094728,2.2,0,0,3.9,-3.2,0.35,0,2/1/2018,0,Friday
6,3/28/2018,41030,2283,36253,2494,37804,1452,1640,134,USW00094728,1.8,0.8,0,11.1,3.3,7.2,0,3/1/2018,0,Wednesday
6,3/16/2018,43100,2991,37401,2708,40246,1285,1460,109,USW00094728,4.4,0,0,4.4,-1,1.7,0,3/1/2018,0,Friday
6,3/24/2018,44523,3760,38089,2674,43031,633,740,119,USW00094728,2.7,0,0,10.6,1.7,6.15,0,3/1/2018,0,Saturday
6,4/28/2018,46189,3953,39395,2841,44816,610,630,133,USW00094728,1.5,2.5,0,20,10,15,0,4/1/2018,0,Saturday
6,4/16/2018,37314,2279,32526,2509,34878,1101,1212,123,USW00094728,5.1,71.6,0,15.6,3.9,9.75,0,4/1/2018,0,Monday
6,4/24/2018,40729,2291,35853,2585,37400,1484,1715,130,USW00094728,1.9,1.3,0,18.9,7.8,13.35,0,4/1/2018,0,Tuesday
6,5/28/2018,44240,3583,37674,2983,43272,429,435,104,USW00094728,0.8,0,0,20.6,13.3,16.95,0,5/1/2018,0,Monday
6,5/16/2018,41129,2464,35894,2771,37888,1449,1654,138,USW00094728,1.1,8.6,0,17.8,13.3,15.55,0,5/1/2018,0,Wednesday
6,5/24/2018,45168,2629,39403,3136,41737,1590,1662,179,USW00094728,1.3,0,0,28.3,17.2,22.75,0,5/1/2018,0,Thursday
6,6/28/2018,43972,2777,37896,3299,40684,1585,1565,138,USW00094728,1.3,34.5,0,28.3,21.1,24.7,0,6/1/2018,0,Thursday
6,6/16/2018,49938,4454,42052,3432,48459,665,673,141,USW00094728,1,0,0,29.4,17.8,23.6,0,6/1/2018,0,Saturday
6,6/24/2018,48924,4005,41645,3274,48126,349,348,101,USW00094728,1,0,0,28.9,18.9,23.9,0,6/1/2018,0,Sunday
6,7/28/2018,48000,4350,40321,3329,46596,619,622,163,USW00094728,0.5,0,0,29.4,21.1,25.25,0,7/1/2018,0,Saturday
6,7/16/2018,45239,2876,38889,3474,42430,1320,1345,144,USW00094728,1,0,0,32.2,23.9,28.05,0,7/1/2018,0,Monday
6,7/24/2018,43005,2536,37152,3317,39773,1502,1570,160,USW00094728,2.3,0.5,0,27.8,23.9,25.85,0,7/1/2018,0,Tuesday
6,8/28/2018,44666,2529,38745,3392,41604,1464,1474,124,USW00094728,1.7,0,0,34.4,26.1,30.25,0,8/1/2018,0,Tuesday
6,8/16/2018,44984,2668,39059,3257,41832,1438,1549,165,USW00094728,1.3,0,0,31.1,24.4,27.75,0,8/1/2018,0,Thursday
6,8/24/2018,45222,3151,38723,3348,42292,1396,1400,134,USW00094728,0.5,0,0,27.8,18.3,23.05,0,8/1/2018,0,Friday
6,9/28/2018,41765,2644,35899,3222,38954,1286,1400,125,USW00094728,1.7,19.6,0,18.3,13.3,15.8,0,9/1/2018,0,Friday
6,9/16/2018,45247,3235,38762,3250,44539,311,288,109,USW00094728,2.2,0,0,28.9,19.4,24.15,0,9/1/2018,0,Sunday
6,9/24/2018,37733,2238,32694,2801,35051,1167,1406,109,USW00094728,3.2,0,0,20.6,13.9,17.25,0,9/1/2018,0,Monday
6,10/28/2018,44389,3286,38647,2456,43817,194,275,103,USW00094728,2.2,1.8,0,11.1,7.2,9.15,0,10/1/2018,0,Sunday
6,10/16/2018,40774,2253,36094,2427,37907,1193,1516,158,USW00094728,2.2,0.3,0,15.6,8.3,11.95,0,10/1/2018,0,Tuesday
6,10/24/2018,40774,2160,36167,2447,38030,1126,1471,147,USW00094728,2.2,0,0,12.2,6.7,9.45,0,10/1/2018,0,Wednesday
6,11/28/2018,39025,1984,34666,2365,36245,1261,1422,97,USW00094728,2.2,0,0,5.6,2.2,3.9,0,11/1/2018,0,Wednesday
6,11/16/2018,38216,2387,33623,2197,35723,1270,1118,105,USW00094728,2.2,7.9,0,7.2,1.1,4.15,0,11/1/2018,0,Friday
6,11/24/2018,42823,3263,37291,2261,41554,701,489,79,USW00094728,2.2,24.6,0,9.4,-0.5,4.45,0,11/1/2018,0,Saturday
6,12/28/2018,40054,2773,34953,2328,37818,1022,1121,93,USW00094728,2.2,29.2,0,15.6,6.1,10.85,0,12/1/2018,0,Friday
6,12/16/2018,38161,2688,33282,2191,37428,262,393,78,USW00094728,2.2,36.3,0,7.8,1.7,4.75,0,12/1/2018,0,Sunday
6,12/24/2018,46511,3564,40394,2553,45287,608,534,82,USW00094728,2.2,3,0,6.1,2.2,4.15,0,12/1/2018,0,Monday
6,1/28/2019,37987,1932,33962,2093,35713,984,1205,85,USW00094728,2.2,0,0,3.3,-3.8,-0.25,0,1/1/2019,0,Monday
6,1/16/2019,38699,1935,34643,2121,36251,1046,1316,86,USW00094728,2.2,0,0,3.9,-1,1.45,0,1/1/2019,0,Wednesday
6,1/24/2019,35814,1751,32068,1995,33515,1002,1213,84,USW00094728,2.2,33.8,0,15,1.7,8.35,0,1/1/2019,0,Thursday
6,2/10/2019,38863,2483,34240,2140,38255,205,312,91,USW00094728,2.2,0,0,1.7,-4.9,-1.6,0,2/1/2019,0,Sunday
6,2/26/2019,39432,1944,35210,2278,36751,1168,1411,102,USW00094728,2.2,0,0,2.2,-3.8,-0.8,0,2/1/2019,0,Tuesday
6,2/9/2019,40157,2807,35207,2143,39165,432,483,77,USW00094728,2.2,0,0,0,-4.9,-2.45,0,2/1/2019,0,Saturday
6,3/28/2019,40425,2021,36133,2271,37638,1233,1447,107,USW00094728,0.7,0,0,11.7,2.8,7.25,0,3/1/2019,0,Thursday
6,3/16/2019,42772,3198,37235,2339,41689,473,511,99,USW00094728,4.5,0,0,14.4,2.8,8.6,0,3/1/2019,0,Saturday
6,3/24/2019,43121,2899,37816,2406,42540,271,223,87,USW00094728,2,0,0,15.6,3.3,9.45,0,3/1/2019,0,Sunday
6,4/28/2019,45464,5816,39648,0,44793,273,301,97,USW00094728,1.7,0.3,0,11.7,7.2,9.45,0,4/1/2019,0,Sunday
6,4/16/2019,40005,1870,35808,2327,37026,1402,1474,103,USW00094728,4.2,0,0,18.9,6.7,12.8,0,4/1/2019,0,Tuesday
6,4/24/2019,40713,4559,36142,12,38564,1080,990,79,USW00094728,2.6,0,0,20.6,12.8,16.7,0,4/1/2019,0,Wednesday
6,5/28/2019,43489,3748,38620,1121,40816,1234,1334,105,USW00094728,1.9,4.3,0,21.7,16.7,19.2,0,5/1/2019,0,Tuesday
6,5/16/2019,42033,4,37343,4686,39109,1275,1532,117,USW00094728,1.2,3,0,22.8,11.1,16.95,0,5/1/2019,0,Thursday
6,5/24/2019,40290,3984,35411,895,37738,1095,1342,115,USW00094728,3.4,0,0,22.8,16.1,19.45,0,5/1/2019,0,Friday
6,6/28/2019,44398,4783,38598,1017,41733,1191,1368,106,USW00094728,1.1,0,0,31.7,22.8,27.25,0,6/1/2019,0,Friday
6,6/16/2019,48822,4841,42958,1023,48207,240,292,83,USW00094728,2.3,1,0,26.7,18.3,22.5,0,6/1/2019,0,Sunday
6,6/24/2019,45156,4216,39717,1223,42546,1157,1361,92,USW00094728,0.8,0,0,28.9,19.4,24.15,0,6/1/2019,0,Monday
6,7/28/2019,49136,5571,42460,1105,48467,300,283,86,USW00094728,2.4,0.3,0,31.1,21.7,26.4,0,7/1/2019,0,Sunday
6,7/16/2019,42027,3898,37073,1056,39377,1222,1348,80,USW00094728,1.3,0,0,32.8,22.2,27.5,0,7/1/2019,0,Tuesday
6,7/24/2019,44577,4382,39113,1082,41657,1288,1506,126,USW00094728,1.3,0.5,0,28.3,19.4,23.85,0,7/1/2019,0,Wednesday
6,8/28/2019,42352,3955,37297,1100,39591,1282,1389,90,USW00094728,1.7,2,0,23.3,19.4,21.35,0,8/1/2019,0,Wednesday
6,8/16/2019,42789,4624,37180,985,39961,1246,1481,101,USW00094728,1.2,0,0,26.1,20,23.05,0,8/1/2019,0,Friday
6,8/24/2019,48993,5991,41964,1038,47291,746,862,94,USW00094728,2.3,0,0,24.4,17.8,21.1,0,8/1/2019,0,Saturday
6,9/28/2019,44745,4847,38997,901,43463,571,617,94,USW00094728,1.3,0,0,27.8,18.3,23.05,0,9/1/2019,0,Saturday
6,9/16/2019,39789,3713,34835,1241,37137,1140,1404,108,USW00094728,0.9,0,0,25,20,22.5,0,9/1/2019,0,Monday
6,9/24/2019,40853,3585,36146,1122,38006,1255,1498,94,USW00094728,2.6,0,0,24.4,17.2,20.8,0,9/1/2019,0,Tuesday
6,10/28/2019,41748,3671,36865,1212,39183,1164,1312,89,USW00094728,1.6,0,0,17.2,12.8,15,0,10/1/2019,0,Monday
6,10/16/2019,38219,3325,33902,992,35590,1158,1379,92,USW00094728,2.9,46.5,0,18.9,11.1,15,0,10/1/2019,0,Wednesday
6,10/24/2019,41838,3527,37301,1010,38987,1275,1476,100,USW00094728,1.4,0,0,19.4,10,14.7,0,10/1/2019,0,Thursday
6,11/28/2019,45661,5011,39760,890,45140,192,275,54,USW00094728,5.1,0,0,11.7,2.8,7.25,0,11/1/2019,0,Thursday
6,11/16/2019,41546,4458,36222,866,40223,550,662,111,USW00094728,4.6,0,0,5.6,-0.5,2.55,0,11/1/2019,0,Saturday
6,11/24/2019,39264,4104,34213,947,38458,282,418,106,USW00094728,3.6,22.9,0,7.8,4.4,6.1,0,11/1/2019,0,Sunday
6,12/28/2019,45320,5074,39239,1007,44220,502,525,73,USW00094728,1.8,0,0,10.6,6.1,8.35,0,12/1/2019,0,Saturday
6,12/16/2019,39624,3297,35130,1197,37106,1122,1295,101,USW00094728,1.7,2.5,0,2.8,0.6,1.7,0,12/1/2019,0,Monday
6,12/24/2019,47914,4806,41826,1282,46319,790,728,77,USW00094728,2.6,0,0,8.3,2.2,5.25,0,12/1/2019,0,Tuesday
6,1/28/2020,36868,2922,32888,1058,34371,1145,1261,91,USW00094728,3.8,0,0,6.1,2.8,4.45,0,1/1/2020,0,Tuesday
6,1/16/2020,34576,3075,30572,929,31982,1082,1421,91,USW00094728,4.6,2.8,0,9.4,0.6,5,0,1/1/2020,0,Thursday
6,1/24/2020,40179,3456,35623,1100,37725,1146,1215,93,USW00094728,2.2,0,0,10.6,2.8,6.7,0,1/1/2020,0,Friday
6,2/28/2020,41272,3894,36287,1091,38803,1078,1279,112,USW00094728,4.4,0,0,5.6,-1.6,2,0,2/1/2020,0,Friday
6,2/17/2020,41977,3832,36995,1150,40071,915,892,99,USW00094728,2.3,0,0,10.6,3.3,6.95,0,2/1/2020,0,Monday
6,2/13/2020,37674,3016,33696,962,35234,1034,1295,111,USW00094728,1.9,9.9,0,6.7,2.8,4.75,0,2/1/2020,0,Thursday
6,3/28/2020,12560,1318,10815,427,11813,315,424,8,USW00094728,3.3,11.4,0,12.2,6.7,9.45,0,3/1/2020,0,Saturday
6,3/16/2020,32770,3052,28678,1040,30119,1224,1370,57,USW00094728,4,0,0,7.2,0.6,3.9,0,3/1/2020,0,Monday
6,3/24/2020,18760,1969,16152,639,16693,835,1181,51,USW00094728,3,0,0,12.8,2.2,7.5,0,3/1/2020,0,Tuesday
6,4/28/2020,24130,2508,20880,742,21817,977,1295,41,USW00094728,1.7,0,0,19.4,5,12.2,0,4/1/2020,0,Tuesday
6,4/16/2020,18721,1912,16154,655,16824,833,1028,36,USW00094728,4.1,0,0,10,3.3,6.65,0,4/1/2020,0,Thursday
6,4/24/2020,19417,2070,16732,615,17492,873,1021,31,USW00094728,3.2,12.2,0,9.4,5.6,7.5,0,4/1/2020,0,Friday
6,5/28/2020,29792,3135,25747,910,27083,1268,1393,48,USW00094728,2.2,0,0,24.4,17.8,21.1,0,5/1/2020,0,Thursday
6,5/16/2020,25934,2965,22250,719,24962,427,534,11,USW00094728,1.7,0.3,0,25,15,20,0,5/1/2020,0,Saturday
6,5/24/2020,28041,3035,24151,855,27563,170,302,6,USW00094728,2.2,0,0,19.4,11.1,15.25,0,5/1/2020,0,Sunday
6,6/28/2020,38608,4559,32930,1119,37967,248,378,15,USW00094728,1,2.8,0,32.2,21.1,26.65,0,6/1/2020,0,Sunday
6,6/16/2020,35728,4024,30610,1094,32973,1221,1500,34,USW00094728,2.2,0,0,25.6,15.6,20.6,0,6/1/2020,0,Tuesday
6,6/24/2020,38642,4292,33206,1144,35866,1166,1545,65,USW00094728,1.9,0,0,30,23.3,26.65,0,6/1/2020,0,Wednesday
6,7/28/2020,39102,4534,33412,1156,36283,1245,1511,63,USW00094728,2.1,0,0,33.9,26.7,30.3,0,7/1/2020,0,Tuesday
6,7/16/2020,40533,4541,34877,1115,37644,1319,1517,53,USW00094728,1.7,0,0,25.6,20.6,23.1,0,7/1/2020,0,Thursday
6,7/24/2020,36950,4512,31369,1069,34458,1121,1320,51,USW00094728,1.4,4.8,0,26.7,22.2,24.45,0,7/1/2020,0,Friday
6,8/28/2020,41403,4957,35350,1096,38635,1284,1406,78,USW00094728,1.6,0,0,29.4,21.7,25.55,0,8/1/2020,0,Friday
6,8/16/2020,37460,4683,31671,1106,36804,242,379,35,USW00094728,3.5,5.3,0,22.2,19.4,20.8,0,8/1/2020,0,Sunday
6,8/24/2020,40974,4674,35085,1215,38431,1104,1369,70,USW00094728,1.4,0,0,32.2,23.9,28.05,0,8/1/2020,0,Monday
6,9/28/2020,37286,4284,32142,860,34973,983,1264,66,USW00094728,1.3,0.5,0,25,20.6,22.8,0,9/1/2020,0,Monday
6,9/16/2020,38281,4120,33134,1027,35445,1331,1430,75,USW00094728,1.2,0,0,21.7,13.3,17.5,0,9/1/2020,0,Wednesday
6,9/24/2020,38473,4111,33434,928,35770,1202,1421,80,USW00094728,1.2,0,0,23.9,16.7,20.3,0,9/1/2020,0,Thursday
6,10/28/2020,37157,4022,32125,1010,34521,1185,1371,80,USW00094728,1.2,2.8,0,13.9,11.1,12.5,0,10/1/2020,0,Wednesday
6,10/16/2020,36073,4295,30672,1106,33638,1072,1281,82,USW00094728,2,34.5,0,18.9,8.3,13.6,0,10/1/2020,0,Friday
6,10/24/2020,43228,5299,36901,1028,42008,564,610,46,USW00094728,2,0,0,20.6,8.9,14.75,0,10/1/2020,0,Saturday
6,11/28/2020,34347,4069,29367,911,33139,587,563,58,USW00094728,2.2,0,0,13.3,6.7,10,0,11/1/2020,0,Saturday
6,11/16/2020,34978,3749,30127,1102,32468,1132,1295,83,USW00094728,3,0,0,12.8,6.7,9.75,0,11/1/2020,0,Monday
6,11/24/2020,36126,3905,31088,1133,33224,1323,1494,85,USW00094728,2.6,0,0,8.9,5,6.95,0,11/1/2020,0,Tuesday
6,1/16/2021,32575,3631,28161,783,31514,477,531,53,USW00094728,3.8,19.8,0,8.3,2.8,5.55,0,1/1/2021,0,Saturday
6,1/24/2021,31911,3391,27619,901,31289,247,346,29,USW00094728,4.5,0,0,0,-5.5,-2.75,0,1/1/2021,0,Sunday
6,3/28/2021,31391,3611,26936,844,30726,275,344,46,USW00094728,3,19.3,0,15.6,8.9,12.25,0,3/1/2021,0,Sunday
6,4/24/2021,43682,4936,37781,965,42029,956,630,67,USW00094728,1.8,0,0,22.2,11.1,16.65,0,4/1/2021,0,Saturday
6,5/16/2021,44972,4851,38980,1141,44172,335,400,65,USW00094728,0.9,0.3,0,23.9,15,19.45,0,5/1/2021,0,Sunday
6,7/24/2021,43233,4817,37500,916,42017,584,568,64,USW00094728,1.1,0,0,28.9,19.4,24.15,0,7/1/2021,0,Saturday
6,8/28/2021,41927,4727,36245,955,40689,594,569,75,USW00094728,3.1,0,0,26.7,20,23.35,0,8/1/2021,0,Saturday
6,10/16/2021,41534,4354,36248,932,40315,580,562,77,USW00094728,2.1,6.4,0,24.4,13.3,18.85,0,10/1/2021,0,Saturday
6,10/24/2021,46052,4687,40115,1250,45276,356,355,65,USW00094728,1.4,0.8,0,15,8.3,11.65,0,10/1/2021,0,Sunday
6,11/28/2021,44006,4550,38135,1321,43139,421,380,66,USW00094728,1,0,0,5,0.6,2.8,0,11/1/2021,0,Sunday
6,11/24/2021,41771,4387,36098,1286,39002,1196,1462,111,USW00094728,2.1,0,0,7.2,-1,3.1,0,11/1/2021,0,Wednesday
6,12/28/2021,35418,3508,30846,1064,33000,1104,1210,104,USW00094728,2.1,1.3,0,8.3,2.2,5.25,0,12/1/2021,0,Tuesday
6,1/16/2022,31069,2877,27289,903,30390,331,290,58,USW00094728,3.8,9.4,20,2.8,-12.1,-4.65,0,1/1/2022,0,Sunday
6,2/26/2022,40474,4136,35316,1022,39373,493,535,73,USW00094728,3.2,0,0,2.8,-4.3,-0.75,0,2/1/2022,0,Saturday
6,4/16/2022,39510,4277,34290,943,38512,512,422,64,USW00094728,2.8,5.1,0,22.8,6.7,14.75,0,4/1/2022,0,Saturday
6,4/24/2022,45273,4617,39396,1260,44522,327,359,65,USW00094728,2.4,0,0,17.2,8.9,13.05,0,4/1/2022,0,Sunday
6,5/28/2022,37277,4270,32023,984,36100,568,549,60,USW00094728,1.5,18.3,0,23.3,17.2,20.25,0,5/1/2022,0,Saturday
6,7/16/2022,46019,5031,39740,1248,44678,722,543,76,USW00094728,1.2,28.2,0,29.4,18.9,24.15,0,7/1/2022,0,Saturday
6,7/24/2022,47309,5201,40648,1460,46554,387,311,57,USW00094728,2.2,0,0,35,26.1,30.55,0,7/1/2022,0,Sunday
6,8/28/2022,46680,4867,40530,1283,45966,335,324,55,USW00094728,2.3,0,0,27.8,22.8,25.3,0,8/1/2022,0,Sunday
6,9/24/2022,44681,4958,38502,1221,43366,691,534,90,USW00094728,1.8,0,0,20.6,9.4,15,0,9/1/2022,0,Saturday
6,10/16/2022,45373,4632,39391,1350,44628,349,339,57,USW00094728,1.2,0,0,17.8,11.1,14.45,0,10/1/2022,0,Sunday
6,11/24/2022,42772,4400,37241,1131,42145,275,313,39,USW00094728,1.7,0,0,12.2,4.4,8.3,0,11/1/2022,0,Thursday
6,12/24/2022,39909,4093,34720,1096,39184,424,266,35,USW00094728,5.1,0,0,-9.3,-13.8,-11.55,0,12/1/2022,0,Saturday
6,1/28/2023,39208,3973,34142,1093,38124,542,483,59,USW00094728,3.2,0,0,11.1,2.2,6.65,0,1/1/2023,0,Saturday
6,2/26/2023,39520,3883,34473,1164,38848,298,297,77,USW00094728,2.4,0,0,10,-1,4.5,0,2/1/2023,0,Sunday
6,4/16/2023,44398,5251,38176,971,43669,309,361,59,USW00094728,1.3,0,0,21.7,13.9,17.8,0,4/1/2023,0,Sunday
6,5/28/2023,47461,5549,40957,955,46867,265,275,54,USW00094728,1,0,0,26.1,15,20.55,0,5/1/2023,0,Sunday
6,6/24/2023,45508,5449,39079,980,44343,574,524,67,USW00094728,0.3,1.8,0,25.6,20.6,23.1,0,6/1/2023,0,Saturday
6,7/16/2023,42592,5180,36355,1057,41880,312,340,60,USW00094728,0.7,33.5,0,25.6,23.3,24.45,0,7/1/2023,0,Sunday
6,9/16/2023,47129,5503,40585,1041,46081,562,436,50,USW00094728,2.8,0,0,23.9,15.6,19.75,0,9/1/2023,0,Saturday
6,9/24/2023,35195,3873,30450,872,34558,261,324,52,USW00094728,5.3,31.8,0,18.9,16.7,17.8,0,9/1/2023,0,Sunday
6,10/28/2023,46908,5147,40717,1044,45742,556,551,59,USW00094728,2.2,0,0,26.7,17.2,21.95,0,10/1/2023,0,Saturday
6,11/24/2023,40930,4704,35299,927,39493,716,674,47,USW00094728,2.8,0,0,10.6,0.6,5.6,0,11/1/2023,0,Friday
6,12/16/2023,47053,5315,40694,1044,45767,636,584,66,USW00094728,2.6,0,0,12.2,7.8,10,0,12/1/2023,0,Saturday
6,12/24/2023,43110,4553,37489,1068,42630,217,228,35,USW00094728,0.7,0.5,0,9.4,4.4,6.9,0,12/1/2023,0,Sunday
6,1/28/2024,33036,3557,28671,808,32410,251,334,41,USW00094728,4.2,20.8,0,6.7,2.8,4.75,0,1/1/2024,0,Sunday
6,2/17/2024,30503,3458,26374,671,29402,566,491,44,USW00094728,3.4,4.6,51,2.2,-2.7,-0.25,0,2/1/2024,0,Saturday
6,3/16/2024,41657,4492,36300,865,40555,509,547,46,USW00094728,2,0,0,16.1,8.3,12.2,0,3/1/2024,0,Saturday
6,3/24/2024,43613,4417,38213,983,42918,269,382,44,USW00094728,3.5,0,0,8.9,-0.5,4.2,0,3/1/2024,0,Sunday
6,4/28/2024,42460,4608,36906,946,41773,246,400,41,USW00094728,0.6,0.3,0,26.1,11.1,18.6,0,4/1/2024,0,Sunday
6,6/16/2024,49991,5469,43382,1140,49355,250,340,46,USW00094728,2.3,0,0,25.6,17.2,21.4,0,6/1/2024,0,Sunday
6,7/28/2024,47980,5697,41103,1180,47228,307,387,58,USW00094728,1.7,0,0,31.7,21.1,26.4,0,7/1/2024,0,Sunday
6,8/24/2024,46644,5507,40150,987,45411,550,617,66,USW00094728,0.6,0,0,28.3,18.3,23.3,0,8/1/2024,0,Saturday
6,9/28/2024,40857,4634,35274,949,39771,470,555,61,USW00094728,3.9,6.6,0,20,16.1,18.05,0,9/1/2024,0,Saturday
6,11/28/2024,42167,4536,36655,976,41607,225,302,33,USW00094728,2.5,21.8,0,9.4,5.6,7.5,0,11/1/2024,0,Thursday
6,11/16/2024,41859,4604,36281,974,40738,546,529,46,USW00094728,3.8,0,0,16.7,7.2,11.95,0,11/1/2024,0,Saturday
6,11/24/2024,40969,4385,35538,1046,40159,314,449,47,USW00094728,4.4,0,0,11.7,6.7,9.2,0,11/1/2024,0,Sunday
6,12/28/2024,40501,4963,34571,967,39400,512,542,47,USW00094728,0.6,14.2,0,12.2,4.4,8.3,0,12/1/2024,0,Saturday
6,12/24/2024,44973,4757,38933,1283,43418,833,689,33,USW00094728,2.2,2.5,25,3.9,-2.1,0.9,0,12/1/2024,0,Tuesday
6,2/9/2025,29321,3167,25404,750,28756,210,322,33,USW00094728,2.2,1.5,3,2.2,-1,0.6,0,2/1/2025,0,Sunday
6,3/16/2025,40018,4267,34795,956,39374,254,340,50,USW00094728,3.1,0.3,0,16.1,8.3,12.2,0,3/1/2025,0,Sunday
6,5/24/2025,39440,4612,32655,2173,38378,510,499,53,USW00094728,2.6,0,0,17.8,8.9,13.35,0,5/1/2025,0,Saturday
7,1/28/2013,52451,10264,41059,1128,40516,4036,7106,793,USW00094728,2.1,5.6,0,2.2,-1.7,0.25,0,1/1/2013,0,Monday
7,1/16/2013,54110,10172,42780,1159,40832,4141,8348,789,USW00094728,2.2,17.5,0,2.8,0,1.4,0,1/1/2013,0,Wednesday
7,1/24/2013,59392,11048,47121,1223,45734,4507,8331,820,USW00094728,3.8,0,0,-5.6,-11.1,-8.35,0,1/1/2013,0,Thursday
7,2/10/2013,47719,13054,33724,941,43209,798,3188,524,USW00094728,1.4,0,0,2.2,-7.8,-2.8,0,2/1/2013,0,Sunday
7,2/26/2013,55970,10803,44025,1142,42608,4456,8103,803,USW00094728,3.4,3.6,0,6.7,1.7,4.2,0,2/1/2013,0,Tuesday
7,2/9/2013,23892,7146,16136,610,21713,670,1137,372,USW00094728,3.8,9.7,130,0,-6.1,-3.05,0,2/1/2013,0,Saturday
7,3/28/2013,61882,13061,47459,1362,48302,4449,8325,806,USW00094728,2.6,0,0,10.6,2.8,6.7,0,3/1/2013,0,Thursday
7,3/16/2013,58587,17514,39962,1111,53167,1599,3050,771,USW00094728,1.7,3,8,5,0,2.5,0,3/1/2013,0,Saturday
7,3/24/2013,58456,18109,39388,959,54345,786,2744,581,USW00094728,2.3,0,0,8.3,0.6,4.45,0,3/1/2013,0,Sunday
7,4/28/2013,68668,19930,47465,1273,64315,924,2724,705,USW00094728,2,0,0,20.6,10.6,15.6,0,4/1/2013,0,Sunday
7,4/16/2013,56363,10977,44176,1211,42783,4503,8252,825,USW00094728,2.9,0,0,17.2,8.3,12.75,0,4/1/2013,0,Tuesday
7,4/24/2013,56814,10677,44868,1269,43153,4495,8312,854,USW00094728,2.2,0,0,20.6,6.7,13.65,0,4/1/2013,0,Wednesday
7,5/28/2013,59016,13059,44460,1497,46103,4522,7545,846,USW00094728,1.2,13.2,0,20,13.3,16.65,0,5/1/2013,0,Tuesday
7,5/16/2013,66261,13784,50998,1479,52169,4621,8592,879,USW00094728,1.6,0,0,26.1,16.7,21.4,0,5/1/2013,0,Thursday
7,5/24/2013,63991,16000,46582,1410,50905,4396,7734,956,USW00094728,2.4,7.6,0,18.3,7.2,12.75,0,5/1/2013,0,Friday
7,6/28/2013,68695,17458,49765,1474,55513,4684,7606,892,USW00094728,2.3,0,0,29.4,22.8,26.1,0,6/1/2013,0,Friday
7,6/16/2013,67391,21024,45118,1249,63384,881,2549,577,USW00094728,1.7,0,0,26.7,18.3,22.5,0,6/1/2013,0,Sunday
7,6/24/2013,62921,14835,46624,1462,49945,4315,7777,884,USW00094728,1.9,0,0,33.3,23.3,28.3,0,6/1/2013,0,Monday
7,7/28/2013,64878,20947,42795,1136,60921,901,2381,675,USW00094728,0.9,6.1,0,25.6,21.1,23.35,0,7/1/2013,0,Sunday
7,7/16/2013,61487,12960,47014,1513,47741,4557,8307,882,USW00094728,2.1,0,0,34.4,25,29.7,0,7/1/2013,0,Tuesday
7,7/24/2013,66306,14029,50728,1549,52356,4568,8483,899,USW00094728,2,0,0,28.3,20,24.15,0,7/1/2013,0,Wednesday
7,8/28/2013,57315,12045,43516,1755,43917,4677,7914,807,USW00094728,1.2,10.9,0,30,21.7,25.85,0,8/1/2013,0,Wednesday
7,8/16/2013,64764,16098,47202,1464,52408,4561,6861,934,USW00094728,0.9,0,0,27.8,17.8,22.8,0,8/1/2013,0,Friday
7,8/24/2013,67517,19865,46376,1281,62516,1701,2533,767,USW00094728,2.2,0,0,26.7,18.3,22.5,0,8/1/2013,0,Saturday
7,9/28/2013,54731,15960,37362,1409,49732,1710,2578,711,USW00094728,2,0,0,22.8,13.3,18.05,0,9/1/2013,0,Saturday
7,9/16/2013,54889,11466,42134,1291,42486,4166,7403,834,USW00094728,2.1,0.8,0,22.8,13.3,18.05,0,9/1/2013,0,Monday
7,9/24/2013,53900,9659,42932,1310,40863,4534,7659,844,USW00094728,1.8,0,0,22.8,8.3,15.55,0,9/1/2013,0,Tuesday
7,10/28/2013,58423,11864,45197,1362,45750,4243,7564,866,USW00094728,2,0,0,16.1,6.1,11.1,0,10/1/2013,0,Monday
7,10/16/2013,55742,10262,44214,1266,42536,4463,7844,899,USW00094728,1.4,0,0,19.4,13.3,16.35,0,10/1/2013,0,Wednesday
7,10/24/2013,64067,11767,50928,1373,49939,4848,8352,928,USW00094728,3,0,0,12.2,5,8.6,0,10/1/2013,0,Thursday
7,11/28/2013,61350,18326,41875,1149,58497,591,1779,483,USW00094728,3.2,0,0,1.7,-1,0.35,0,11/1/2013,0,Thursday
7,11/16/2013,54690,15426,38083,1181,49531,1710,2768,681,USW00094728,1.2,1.3,0,15.6,7.2,11.4,0,11/1/2013,0,Saturday
7,11/24/2013,55861,16048,38824,990,51572,823,2945,521,USW00094728,5.4,0,0,-1,-4.9,-2.95,0,11/1/2013,0,Sunday
7,12/28/2013,64624,18784,44594,1246,59306,1626,3014,678,USW00094728,3.2,0,0,12.8,2.2,7.5,0,12/1/2013,0,Saturday
7,12/16/2013,53085,10322,41314,1449,40680,4212,7393,800,USW00094728,3.5,0,0,0.6,-3.8,-1.6,0,12/1/2013,0,Monday
7,12/24/2013,61493,16326,43937,1231,53337,3082,4376,698,USW00094728,3.7,0,0,5.6,-3.2,1.2,0,12/1/2013,0,Tuesday
7,1/28/2014,51920,8969,41745,1206,39054,4242,7847,777,USW00094728,2.7,0,0,-6,-11,-8.5,0,1/1/2014,0,Tuesday
7,1/16/2014,56073,9732,45025,1318,42632,4444,8201,796,USW00094728,1.8,0,0,5.6,2.2,3.9,0,1/1/2014,0,Thursday
7,1/24/2014,56362,11246,43677,1439,43853,4292,7383,834,USW00094728,3.6,0,0,-6.6,-12.1,-9.35,0,1/1/2014,0,Friday
7,2/10/2014,49315,9180,38850,1286,37788,3754,7011,762,USW00094728,3.2,0,0,-1.6,-6,-3.8,0,2/1/2014,0,Monday
7,2/26/2014,53653,9398,43043,1212,40272,4406,8181,794,USW00094728,2.4,0.8,5,-0.5,-6.6,-3.55,0,2/1/2014,0,Wednesday
7,2/9/2014,47101,12130,34043,928,43536,654,2376,535,USW00094728,1.6,2.5,30,-0.5,-6,-3.25,0,2/1/2014,0,Sunday
7,3/28/2014,65907,14142,50275,1490,53048,4417,7534,908,USW00094728,2.4,1,0,16.7,2.8,9.75,0,3/1/2014,0,Friday
7,3/16/2014,59139,17136,40919,1084,55257,754,2553,575,USW00094728,3.4,0,0,5.6,-1,2.3,0,3/1/2014,0,Sunday
7,3/24/2014,55127,11275,42612,1240,42732,4165,7429,801,USW00094728,3,0,0,1.7,-6,-2.15,0,3/1/2014,0,Monday
7,4/28/2014,61550,12697,47357,1496,48482,4408,7780,880,USW00094728,1.9,0,0,19.4,7.2,13.3,0,4/1/2014,0,Monday
7,4/16/2014,61012,12319,47238,1456,47422,4410,8382,798,USW00094728,3.4,1.3,0,9.4,-0.5,4.45,0,4/1/2014,0,Wednesday
7,4/24/2014,65104,12562,51039,1503,51034,4654,8499,917,USW00094728,3.8,0,0,16.7,5.6,11.15,0,4/1/2014,0,Thursday
7,5/28/2014,62651,12272,48924,1455,48336,4824,8521,970,USW00094728,3.4,0,0,17.8,12.2,15,0,5/1/2014,0,Wednesday
7,5/16/2014,65120,15072,48519,1529,52237,4375,7527,981,USW00094728,2.9,39.1,0,20,14.4,17.2,0,5/1/2014,0,Friday
7,5/24/2014,67149,20650,45130,1369,61240,1755,3346,808,USW00094728,1.6,10.2,0,21.1,13.9,17.5,0,5/1/2014,0,Saturday
7,6/28/2014,67694,20919,45208,1969,62051,1858,2877,908,USW00094728,1.3,0,0,30.6,18.9,24.75,0,6/1/2014,0,Saturday
7,6/16/2014,61516,13365,46591,1561,49140,4271,7206,899,USW00094728,1.3,0,0,27.2,17.2,22.2,0,6/1/2014,0,Monday
7,6/24/2014,57557,12009,44081,1468,44109,4546,8036,866,USW00094728,2.2,0,0,27.2,20,23.6,0,6/1/2014,0,Tuesday
7,7/28/2014,63713,14269,47920,1524,51494,4248,7060,911,USW00094728,3.3,4.8,0,27.8,20,23.9,0,7/1/2014,0,Monday
7,7/16/2014,59009,11646,45941,1423,46090,4433,7639,847,USW00094728,1.7,0,0,27.2,20,23.6,0,7/1/2014,0,Wednesday
7,7/24/2014,58567,11941,45161,1465,46115,4494,7092,866,USW00094728,2.2,0,0,26.7,21.1,23.9,0,7/1/2014,0,Thursday
7,8/28/2014,68731,14252,52838,1642,55612,4741,7511,867,USW00094728,2.4,0,0,27.8,18.9,23.35,0,8/1/2014,0,Thursday
7,8/16/2014,68918,20635,46615,1668,64075,1745,2311,787,USW00094728,1.8,0,0,25.6,17.2,21.4,0,8/1/2014,0,Saturday
7,8/24/2014,59639,18913,39412,1314,56020,857,2188,574,USW00094728,1.4,0,0,26.7,17.8,22.25,0,8/1/2014,0,Sunday
7,9/28/2014,67696,18432,47615,1650,63876,913,2268,639,USW00094728,0.8,0,0,28.9,17.8,23.35,0,9/1/2014,0,Sunday
7,9/16/2014,56144,10002,44792,1351,43187,4507,7600,850,USW00094728,1,9.4,0,21.1,14.4,17.75,0,9/1/2014,0,Tuesday
7,9/24/2014,59241,10491,47322,1430,46138,4604,7653,846,USW00094728,2.5,0,0,21.7,14.4,18.05,0,9/1/2014,0,Wednesday
7,10/28/2014,56863,9562,45955,1346,43468,4713,7826,856,USW00094728,1.3,0,0,22.2,11.7,16.95,0,10/1/2014,0,Tuesday
7,10/16/2014,57557,10585,45566,1407,44535,4405,7775,842,USW00094728,1.8,28.2,0,21.7,16.1,18.9,0,10/1/2014,0,Thursday
7,10/24/2014,65690,13516,50683,1492,53173,4585,6990,942,USW00094728,2,0,0,17.2,10.6,13.9,0,10/1/2014,0,Friday
7,11/28/2014,61983,16577,44063,1343,54532,2583,4146,722,USW00094728,2.6,0,0,2.8,-1.6,0.6,0,11/1/2014,0,Friday
7,11/16/2014,58936,15919,41798,1219,54883,826,2644,583,USW00094728,1.7,0.8,0,7.2,1.7,4.45,0,11/1/2014,0,Sunday
7,11/24/2014,57877,11567,44827,1485,44951,4436,7692,798,USW00094728,2.4,17.8,0,20.6,11.7,16.15,0,11/1/2014,0,Monday
7,12/28/2014,62934,17957,43739,1238,59368,646,2420,500,USW00094728,2.6,2.5,0,12.2,6.1,9.15,0,12/1/2014,0,Sunday
7,12/16/2014,58393,10075,46780,1538,44561,4737,8251,844,USW00094728,1.7,5.1,0,9.4,3.3,6.35,0,12/1/2014,0,Tuesday
7,12/24/2014,61773,16487,43849,1437,53379,3143,4604,647,USW00094728,2.6,20.3,0,14.4,6.7,10.55,0,12/1/2014,0,Wednesday
7,1/28/2015,48524,8040,39228,1257,36971,3678,7057,818,USW00094728,3.4,0,0,1.1,-8.8,-3.85,0,1/1/2015,0,Wednesday
7,1/16/2015,64144,12398,50390,1357,51976,4241,7083,844,USW00094728,4.4,0,0,6.1,-6.6,-0.25,0,1/1/2015,0,Friday
7,1/24/2015,40304,10760,28597,948,35853,1321,2608,522,USW00094728,2.7,18.3,91,3.9,0.6,2.25,0,1/1/2015,0,Saturday
7,2/10/2015,47177,8002,37920,1256,34468,4319,7661,729,USW00094728,4.7,0.3,3,4.4,-3.2,0.6,0,2/1/2015,0,Tuesday
7,2/26/2015,55782,9703,44832,1249,42573,4483,7882,844,USW00094728,3.2,0,0,0,-6,-3,0,2/1/2015,0,Thursday
7,2/9/2015,42928,7908,33765,1255,32400,3639,6163,726,USW00094728,4.9,2.3,0,-1.6,-3.8,-2.7,0,2/1/2015,0,Monday
7,3/28/2015,66814,17844,47521,1449,60721,1880,3432,781,USW00094728,3.4,0,0,4.4,-3.2,0.6,0,3/1/2015,0,Saturday
7,3/16/2015,57395,11582,44358,1455,44724,4344,7505,822,USW00094728,1.7,0,0,11.1,1.7,6.4,0,3/1/2015,0,Monday
7,3/24/2015,49013,9192,38570,1251,35939,4437,7886,751,USW00094728,1.8,0,0,7.2,-3.2,2,0,3/1/2015,0,Tuesday
7,4/28/2015,59530,10405,47584,1543,45632,4878,8156,864,USW00094728,3.5,0,0,21.7,10,15.85,0,4/1/2015,0,Tuesday
7,4/16/2015,58594,10808,46360,1426,44574,4699,8460,861,USW00094728,2.9,0,0,17.8,11.1,14.45,0,4/1/2015,0,Thursday
7,4/24/2015,67982,14109,52185,1689,54875,4660,7468,979,USW00094728,3.8,0,0,11.1,3.9,7.5,0,4/1/2015,0,Friday
7,5/28/2015,57922,10588,45768,1567,43340,5176,8494,912,USW00094728,1.8,0,0,29.4,21.1,25.25,0,5/1/2015,0,Thursday
7,5/16/2015,72395,19190,51463,1742,66130,1980,3467,818,USW00094728,0.9,7.6,0,23.9,13.9,18.9,0,5/1/2015,0,Saturday
7,5/24/2015,67925,20400,46056,1469,64825,655,1832,613,USW00094728,1.7,0,0,27.2,13.3,20.25,0,5/1/2015,0,Sunday
7,6/28/2015,61767,17350,42969,1449,57406,1120,2624,617,USW00094728,2.4,7.4,0,22.8,16.7,19.75,0,6/1/2015,0,Sunday
7,6/16/2015,59775,10902,47381,1492,45682,4939,8284,870,USW00094728,1,6.9,0,26.1,18.3,22.2,0,6/1/2015,0,Tuesday
7,6/24/2015,55920,10980,43289,1651,42732,4543,7851,794,USW00094728,2.1,0,0,28.9,20,24.45,0,6/1/2015,0,Wednesday
7,7/28/2015,66719,12289,52737,1693,52707,4983,8150,879,USW00094728,1.2,0,0,35,23.9,29.45,0,7/1/2015,0,Tuesday
7,7/16/2015,66559,12818,51984,1757,52202,5084,8355,918,USW00094728,2.5,0,0,26.7,17.8,22.25,0,7/1/2015,0,Thursday
7,7/24/2015,72445,15894,54571,1981,59586,4690,7199,970,USW00094728,0.9,0,0,30.6,21.1,25.85,0,7/1/2015,0,Friday
7,8/28/2015,64885,14798,48303,1784,52385,4663,7003,834,USW00094728,1.1,0,0,27.8,17.2,22.5,0,8/1/2015,0,Friday
7,8/16/2015,69194,20304,47224,1666,65439,911,2141,703,USW00094728,0.7,0,0,33.9,24.4,29.15,0,8/1/2015,0,Sunday
7,8/24/2015,69680,14551,53253,1876,56685,4690,7454,851,USW00094728,1.1,0,0,30.6,22.8,26.7,0,8/1/2015,0,Monday
7,9/28/2015,64775,12142,50809,1824,51441,4705,7733,896,USW00094728,1.5,0,0,25.6,18.3,21.95,0,9/1/2015,0,Monday
7,9/16/2015,56247,9436,45311,1500,42390,4771,8246,840,USW00094728,0.6,0,0,31.1,18.9,25,0,9/1/2015,0,Wednesday
7,9/24/2015,62962,11036,49966,1960,48545,5092,8487,838,USW00094728,1.9,0,0,27.8,15.6,21.7,0,9/1/2015,0,Thursday
7,10/28/2015,58760,9302,47901,1557,44817,4786,8280,877,USW00094728,3,35.6,0,20.6,11.7,16.15,0,10/1/2015,0,Wednesday
7,10/16/2015,62887,12585,48596,1706,49566,4884,7503,934,USW00094728,2.4,0,0,17.8,11.7,14.75,0,10/1/2015,0,Friday
7,10/24/2015,76165,18668,55683,1814,70078,2016,3215,856,USW00094728,1.8,0,0,13.9,4.4,9.15,0,10/1/2015,0,Saturday
7,11/28/2015,67759,17321,48853,1585,62630,1714,2724,691,USW00094728,2.2,0.5,0,17.8,7.2,12.5,0,11/1/2015,0,Saturday
7,11/16/2015,58552,10280,46721,1551,45383,4591,7724,854,USW00094728,1.8,0,0,19.4,10.6,15,0,11/1/2015,0,Monday
7,11/24/2015,57255,10253,45467,1537,43149,4965,8321,820,USW00094728,1.7,0,0,7.8,0,3.9,0,11/1/2015,0,Tuesday
7,12/28/2015,62574,13498,47343,1738,50915,4227,6693,739,USW00094728,3.7,0.8,0,7.8,1.1,4.45,0,12/1/2015,0,Monday
7,12/16/2015,61012,9743,49659,1611,46525,5082,8566,839,USW00094728,2.4,1,0,11.7,7.8,9.75,0,12/1/2015,0,Wednesday
7,12/24/2015,66010,17524,46656,1832,58445,2942,3963,660,USW00094728,2,0.3,0,22.2,17.2,19.7,0,12/1/2015,0,Thursday
7,1/28/2016,57041,8680,46865,1497,43490,4684,8074,793,USW00094728,2,0,0,5.6,0,2.8,0,1/1/2016,0,Thursday
7,1/16/2016,62671,15336,45852,1483,57480,1677,2845,669,USW00094728,3,6.1,0,11.1,5.6,8.35,0,1/1/2016,0,Saturday
7,1/24/2016,22069,4713,16694,662,19906,407,1543,213,USW00094728,2.6,0,0,1.7,-6.6,-2.45,0,1/1/2016,0,Sunday
7,2/28/2016,66073,16793,47652,1628,61966,875,2662,570,USW00094728,3.3,0,0,15.6,3.3,9.45,0,2/1/2016,0,Sunday
7,2/17/2016,58284,9910,46745,1629,44861,4606,7990,827,USW00094728,3.3,0,0,3.9,1.7,2.8,0,2/1/2016,0,Wednesday
7,2/13/2016,64314,16113,46653,1548,59296,1574,2751,693,USW00094728,5.5,0,0,-5.5,-14.3,-9.9,0,2/1/2016,0,Saturday
7,3/28/2016,63151,11889,49380,1883,50911,4379,7037,824,USW00094728,4.5,9.7,0,16.7,5.6,11.15,0,3/1/2016,0,Monday
7,3/16/2016,58297,9904,46813,1582,44682,4628,8103,884,USW00094728,1.6,0.5,0,18.3,8.9,13.6,0,3/1/2016,0,Wednesday
7,3/24/2016,63955,11766,50519,1672,50221,4885,8061,788,USW00094728,4.1,0,0,12.8,6.7,9.75,0,3/1/2016,0,Thursday
7,4/28/2016,66990,11875,52876,2239,52728,5031,8325,906,USW00094728,2.1,0,0,15,8.9,11.95,0,4/1/2016,0,Thursday
7,4/16/2016,73551,18731,52485,2336,67717,1954,3063,817,USW00094728,2.2,0,0,20,6.1,13.05,0,4/1/2016,0,Saturday
7,4/24/2016,66949,18698,46209,2042,62967,767,2594,621,USW00094728,2.6,0,0,20,8.3,14.15,0,4/1/2016,0,Sunday
7,5/28/2016,70054,19631,48168,2255,64283,1846,3156,769,USW00094728,2,0,0,33.3,21.7,27.5,0,5/1/2016,0,Saturday
7,5/16/2016,61447,11553,47778,2117,48694,4498,7397,858,USW00094728,2.2,0,0,18.9,6.1,12.5,0,5/1/2016,0,Monday
7,5/24/2016,63557,10519,50852,2186,49495,4938,8226,898,USW00094728,0.9,4.6,0,22.8,14.4,18.6,0,5/1/2016,0,Tuesday
7,6/28/2016,66315,11932,51948,2437,51831,5368,8218,898,USW00094728,1.6,3,0,24.4,20,22.2,0,6/1/2016,0,Tuesday
7,6/16/2016,69227,12386,54382,2460,54987,5038,8242,960,USW00094728,0.8,5.6,0,23.3,18.3,20.8,0,6/1/2016,0,Thursday
7,6/24/2016,72769,15366,54670,2734,59373,5117,7352,927,USW00094728,2.8,0,0,28.9,19.4,24.15,0,6/1/2016,0,Friday
7,7/28/2016,65543,12596,50515,2432,51409,5117,8113,904,USW00094728,1.4,0,0,35,23.9,29.45,0,7/1/2016,0,Thursday
7,7/16/2016,84897,21874,60132,2891,78742,2087,3162,906,USW00094728,1.9,0,0,32.2,23.9,28.05,0,7/1/2016,0,Saturday
7,7/24/2016,75312,20519,52187,2606,71255,945,2424,688,USW00094728,1.8,0,0,34.4,23.9,29.15,0,7/1/2016,0,Sunday
7,8/28/2016,75875,19988,53314,2574,71930,970,2331,644,USW00094728,1.1,0,0,31.7,22.2,26.95,0,8/1/2016,0,Sunday
7,8/16/2016,67244,12320,52478,2447,53680,4808,7877,879,USW00094728,1.8,2.8,0,30.6,25.6,28.1,0,8/1/2016,0,Tuesday
7,8/24/2016,77146,13881,60606,2662,63414,4947,7956,829,USW00094728,2.2,0,0,31.1,20,25.55,0,8/1/2016,0,Wednesday
7,9/28/2016,60968,9785,49156,2027,46682,5039,8327,920,USW00094728,3.6,0,0,20.6,13.3,16.95,0,9/1/2016,0,Wednesday
7,9/16/2016,70002,13281,54169,2553,56714,4818,7531,939,USW00094728,1.2,0,0,22.8,16.1,19.45,0,9/1/2016,0,Friday
7,9/24/2016,70179,17421,50551,2208,64135,2030,3177,837,USW00094728,2.3,5.1,0,21.7,14.4,18.05,0,9/1/2016,0,Saturday
7,10/28/2016,61310,11746,47310,2254,48490,4662,7310,848,USW00094728,3.7,0,0,10.6,5.6,8.1,0,10/1/2016,0,Friday
7,10/16/2016,68102,16692,49190,2220,64160,876,2460,606,USW00094728,1.8,0,0,20.6,11.7,16.15,0,10/1/2016,0,Sunday
7,10/24/2016,61299,11021,48114,2165,48459,4495,7554,791,USW00094728,2.7,0,0,16.7,8.3,12.5,0,10/1/2016,0,Monday
7,11/28/2016,60218,10753,47325,2140,47354,4579,7425,860,USW00094728,1.5,0,0,11.1,3.3,7.2,0,11/1/2016,0,Monday
7,11/16/2016,59559,9213,48193,2153,45079,5069,8530,881,USW00094728,1.8,0,0,16.1,7.2,11.65,0,11/1/2016,0,Wednesday
7,11/24/2016,71390,18276,50765,2350,68342,673,1885,490,USW00094728,2,0.8,0,8.9,3.3,6.1,0,11/1/2016,0,Thursday
7,12/28/2016,67020,12689,51653,2678,53961,4590,7633,836,USW00094728,2.3,0,0,4.4,1.1,2.75,0,12/1/2016,0,Wednesday
7,12/16/2016,63880,11733,49767,2380,50814,4659,7526,881,USW00094728,2.7,0,0,-2.7,-8.2,-5.45,0,12/1/2016,0,Friday
7,12/24/2016,65234,18117,44899,2218,61477,1209,2018,530,USW00094728,2.2,11.9,0,8.3,3.3,5.8,0,12/1/2016,0,Saturday
7,1/28/2017,65174,14773,48363,2040,59903,1666,2909,696,USW00094728,3.5,0,0,3.9,1.1,2.5,0,1/1/2017,0,Saturday
7,1/16/2017,62756,11188,49417,2152,51753,3837,6428,738,USW00094728,2.1,0,0,6.1,-1,2.55,0,1/1/2017,0,Monday
7,1/24/2017,53346,7791,43433,2123,40864,4338,7379,765,USW00094728,4.5,30,0,3.3,1.7,2.5,0,1/1/2017,0,Tuesday
7,2/10/2017,59039,9841,46948,2250,47266,4288,6589,896,USW00094728,3.8,0,0,0,-7.1,-3.55,0,2/1/2017,0,Friday
7,2/26/2017,69664,16471,50923,2271,65700,844,2538,582,USW00094728,4,0,0,6.7,2.2,4.45,0,2/1/2017,0,Sunday
7,2/9/2017,21338,3601,16636,1102,15096,1663,4168,411,USW00094728,5.5,29.5,239,6.7,-7.1,-0.2,0,2/1/2017,0,Thursday
7,3/28/2017,54466,8228,44323,1915,40939,4789,7927,811,USW00094728,2.6,18.3,0,7.8,5,6.4,0,3/1/2017,0,Tuesday
7,3/16/2017,55087,8208,44675,2207,41110,4925,8158,894,USW00094728,3.5,0,0,3.9,-4.3,-0.2,0,3/1/2017,0,Thursday
7,3/24/2017,68738,12328,53885,2525,55530,4839,7436,933,USW00094728,2.8,0,0,13.9,2.2,8.05,0,3/1/2017,0,Friday
7,4/28/2017,70496,12573,55007,2918,57024,4989,7456,1027,USW00094728,1.4,0,0,29.4,14.4,21.9,0,4/1/2017,0,Friday
7,4/16/2017,68596,16563,49895,2140,65680,567,1804,545,USW00094728,3.3,0,0,30.6,15,22.8,0,4/1/2017,0,Sunday
7,4/24/2017,62615,10357,49624,2636,49594,4649,7439,933,USW00094728,1.6,0,0,15.6,8.9,12.25,0,4/1/2017,0,Monday
7,5/28/2017,72102,17724,52021,2357,68719,884,1872,627,USW00094728,2,0,0,21.7,14.4,18.05,0,5/1/2017,0,Sunday
7,5/16/2017,65830,9999,53297,2534,51469,5049,8344,968,USW00094728,1.9,0,0,26.1,13.3,19.7,0,5/1/2017,0,Tuesday
7,5/24/2017,62744,9299,51168,2279,48257,5104,8445,938,USW00094728,2.2,1,0,20.6,13.3,16.95,0,5/1/2017,0,Wednesday
7,6/28/2017,55116,9074,43810,2233,41241,5025,8032,818,USW00094728,2.2,0,0,25.6,16.1,20.85,0,6/1/2017,0,Wednesday
7,6/16/2017,66937,12300,51999,2638,53413,5054,7535,935,USW00094728,2.3,0,0,20,17.2,18.6,0,6/1/2017,0,Friday
7,6/24/2017,71114,16497,51755,2865,64993,2055,3226,840,USW00094728,2.4,32.8,0,28.9,21.7,25.3,0,6/1/2017,0,Saturday
7,7/28/2017,72590,13283,56077,3230,59585,4945,7123,937,USW00094728,1.3,0,0,29.4,21.7,25.55,0,7/1/2017,0,Friday
7,7/16/2017,69519,16367,50501,2652,65672,844,2373,630,USW00094728,1.2,0,0,30.6,20,25.3,0,7/1/2017,0,Sunday
7,7/24/2017,61301,10676,47650,2976,48794,4610,7038,859,USW00094728,3,18.8,0,22.8,17.2,20,0,7/1/2017,0,Monday
7,8/28/2017,61405,9863,48455,3088,48859,4701,7046,799,USW00094728,2.8,0,0,24.4,17.2,20.8,0,8/1/2017,0,Monday
7,8/16/2017,64341,9766,51789,2786,50554,4909,7970,908,USW00094728,1,0,0,30.6,21.1,25.85,0,8/1/2017,0,Wednesday
7,8/24/2017,71541,11089,57195,3257,57647,5063,7972,859,USW00094728,1.4,0,0,26.7,18.3,22.5,0,8/1/2017,0,Thursday
7,9/28/2017,61582,8144,50452,2988,47196,5250,8232,904,USW00094728,2.6,0,0,26.1,15,20.55,0,9/1/2017,0,Thursday
7,9/16/2017,72674,14759,54497,3422,66741,2104,3067,762,USW00094728,1.3,0,0,27.8,21.1,24.45,0,9/1/2017,0,Saturday
7,9/24/2017,66846,13358,50558,2931,62798,1001,2436,611,USW00094728,0.7,0,0,32.8,20.6,26.7,0,9/1/2017,0,Sunday
7,10/28/2017,78194,14774,59330,4090,72162,2026,3141,865,USW00094728,2.2,0,0,20.6,12.8,16.7,0,10/1/2017,0,Saturday
7,10/16/2017,65785,9062,53432,3294,52958,4737,7152,938,USW00094728,3,0.3,0,20.6,7.8,14.2,0,10/1/2017,0,Monday
7,10/24/2017,62279,7609,51514,3156,48499,4967,7902,911,USW00094728,2.5,5.1,0,23.3,19.4,21.35,0,10/1/2017,0,Tuesday
7,11/28/2017,63884,7786,52202,3899,49323,5331,8276,954,USW00094728,2,0,0,12.2,2.2,7.2,0,11/1/2017,0,Tuesday
7,11/16/2017,65760,7955,54141,3665,51106,5141,8523,990,USW00094728,2.9,5.1,0,13.9,6.1,10,0,11/1/2017,0,Thursday
7,11/24/2017,67812,12735,51242,3835,60337,2740,3973,762,USW00094728,1.7,0,0,10,1.7,5.85,0,11/1/2017,0,Friday
7,12/28/2017,66081,10149,51917,4017,53108,4816,7318,839,USW00094728,3.6,0,0,-7.7,-11.6,-9.65,0,12/1/2017,0,Thursday
7,12/16/2017,70967,12781,54029,4157,64457,2130,3641,739,USW00094728,3,0,0,3.9,-4.9,-0.5,0,12/1/2017,0,Saturday
7,12/24/2017,66120,14245,48520,3355,63922,591,1169,438,USW00094728,3.5,0.3,0,5,2.2,3.6,0,12/1/2017,0,Sunday
7,1/28/2018,60814,10599,46854,3361,56934,807,2562,511,USW00094728,1.7,5.3,0,12.8,7.8,10.3,0,1/1/2018,0,Sunday
7,1/16/2018,57458,6961,46836,3664,44132,4985,7434,907,USW00094728,1.8,0,0,2.2,-3.8,-0.8,0,1/1/2018,0,Tuesday
7,1/24/2018,62498,7208,51725,3568,48768,4918,7904,908,USW00094728,4.2,0,0,6.7,-2.7,2,0,1/1/2018,0,Wednesday
7,2/10/2018,66059,11740,50774,3545,60575,1797,2986,701,USW00094728,1,14.7,0,10,3.9,6.95,0,2/1/2018,0,Saturday
7,2/26/2018,59060,8034,47451,3576,46699,4672,6769,920,USW00094728,2,0,0,11.1,6.1,8.6,0,2/1/2018,0,Monday
7,2/9/2018,63742,8842,51136,3766,50665,4967,7104,1006,USW00094728,2.2,0,0,3.9,-3.2,0.35,0,2/1/2018,0,Friday
7,3/28/2018,63864,7862,52101,3904,49213,5345,8439,867,USW00094728,1.8,0.8,0,11.1,3.3,7.2,0,3/1/2018,0,Wednesday
7,3/16/2018,68923,9959,54913,4055,55448,5088,7392,995,USW00094728,4.4,0,0,4.4,-1,1.7,0,3/1/2018,0,Friday
7,3/24/2018,75041,13601,57257,4183,67955,2288,3979,819,USW00094728,2.7,0,0,10.6,1.7,6.15,0,3/1/2018,0,Saturday
7,4/28/2018,73167,13140,55564,4463,66724,2227,3416,800,USW00094728,1.5,2.5,0,20,10,15,0,4/1/2018,0,Saturday
7,4/16/2018,58390,7577,46937,3876,46071,4397,7048,874,USW00094728,5.1,71.6,0,15.6,3.9,9.75,0,4/1/2018,0,Monday
7,4/24/2018,60794,7214,49674,3907,46541,5289,8049,915,USW00094728,1.9,1.3,0,18.9,7.8,13.35,0,4/1/2018,0,Tuesday
7,5/28/2018,70113,12651,52959,4503,65127,1340,3000,646,USW00094728,0.8,0,0,20.6,13.3,16.95,0,5/1/2018,0,Monday
7,5/16/2018,66739,8109,54251,4379,52045,5350,8370,974,USW00094728,1.1,8.6,0,17.8,13.3,15.55,0,5/1/2018,0,Wednesday
7,5/24/2018,70787,8797,57046,4944,55573,5611,8554,1049,USW00094728,1.3,0,0,28.3,17.2,22.75,0,5/1/2018,0,Thursday
7,6/28/2018,71776,9668,56908,5201,57006,5479,8373,918,USW00094728,1.3,34.5,0,28.3,21.1,24.7,0,6/1/2018,0,Thursday
7,6/16/2018,83251,14844,62859,5548,76746,2219,3463,823,USW00094728,1,0,0,29.4,17.8,23.6,0,6/1/2018,0,Saturday
7,6/24/2018,71787,13059,54143,4586,67382,1067,2710,628,USW00094728,1,0,0,28.9,18.9,23.9,0,6/1/2018,0,Sunday
7,7/28/2018,62950,12419,46142,4389,56989,2105,3100,756,USW00094728,0.5,0,0,29.4,21.1,25.25,0,7/1/2018,0,Saturday
7,7/16/2018,68250,9619,53341,5290,55096,4991,7261,902,USW00094728,1,0,0,32.2,23.9,28.05,0,7/1/2018,0,Monday
7,7/24/2018,70782,8925,56597,5260,56227,5439,8150,966,USW00094728,2.3,0.5,0,27.8,23.9,25.85,0,7/1/2018,0,Tuesday
7,8/28/2018,65012,7961,51986,5065,50901,5433,7883,795,USW00094728,1.7,0,0,34.4,26.1,30.25,0,8/1/2018,0,Tuesday
7,8/16/2018,67035,8583,53528,4924,52964,5245,7974,852,USW00094728,1.3,0,0,31.1,24.4,27.75,0,8/1/2018,0,Thursday
7,8/24/2018,67112,10411,51730,4971,54701,4876,6695,840,USW00094728,0.5,0,0,27.8,18.3,23.05,0,8/1/2018,0,Friday
7,9/28/2018,66084,8970,52063,5051,52754,5272,7156,902,USW00094728,1.7,19.6,0,18.3,13.3,15.8,0,9/1/2018,0,Friday
7,9/16/2018,67064,11293,51271,4500,63213,1007,2285,559,USW00094728,2.2,0,0,28.9,19.4,24.15,0,9/1/2018,0,Sunday
7,9/24/2018,62092,7928,49477,4687,48891,5024,7328,849,USW00094728,3.2,0,0,20.6,13.9,17.25,0,9/1/2018,0,Monday
7,10/28/2018,66298,10429,51364,4505,62203,1012,2554,529,USW00094728,2.2,1.8,0,11.1,7.2,9.15,0,10/1/2018,0,Sunday
7,10/16/2018,59737,6720,48333,4684,45902,5283,7675,877,USW00094728,2.2,0.3,0,15.6,8.3,11.95,0,10/1/2018,0,Tuesday
7,10/24/2018,58828,6308,47947,4575,44471,5373,8099,885,USW00094728,2.2,0,0,12.2,6.7,9.45,0,10/1/2018,0,Wednesday
7,11/28/2018,61655,6347,50651,4657,46502,5634,8642,877,USW00094728,2.2,0,0,5.6,2.2,3.9,0,11/1/2018,0,Wednesday
7,11/16/2018,54569,6931,43513,4125,42522,4564,6716,767,USW00094728,2.2,7.9,0,7.2,1.1,4.15,0,11/1/2018,0,Friday
7,11/24/2018,67824,10808,52749,4267,62628,1872,2733,591,USW00094728,2.2,24.6,0,9.4,-0.5,4.45,0,11/1/2018,0,Saturday
7,12/28/2018,60490,8806,47542,4143,48161,4658,6912,759,USW00094728,2.2,29.2,0,15.6,6.1,10.85,0,12/1/2018,0,Friday
7,12/16/2018,57856,8860,45065,3931,53311,882,3215,448,USW00094728,2.2,36.3,0,7.8,1.7,4.75,0,12/1/2018,0,Sunday
7,12/24/2018,62809,10998,47755,4057,56567,2568,3050,624,USW00094728,2.2,3,0,6.1,2.2,4.15,0,12/1/2018,0,Monday
7,1/28/2019,56659,6325,46159,4175,43864,4816,7145,834,USW00094728,2.2,0,0,3.3,-3.8,-0.25,0,1/1/2019,0,Monday
7,1/16/2019,59032,5865,48957,4210,45146,5075,7938,873,USW00094728,2.2,0,0,3.9,-1,1.45,0,1/1/2019,0,Wednesday
7,1/24/2019,54870,5488,45316,4067,41407,4995,7697,771,USW00094728,2.2,33.8,0,15,1.7,8.35,0,1/1/2019,0,Thursday
7,2/10/2019,64191,9631,50026,4534,60089,759,2836,507,USW00094728,2.2,0,0,1.7,-4.9,-1.6,0,2/1/2019,0,Sunday
7,2/26/2019,56785,5904,46297,4588,42964,5153,7813,855,USW00094728,2.2,0,0,2.2,-3.8,-0.8,0,2/1/2019,0,Tuesday
7,2/9/2019,65935,10379,51119,4437,60471,1821,3057,586,USW00094728,2.2,0,0,0,-4.9,-2.45,0,2/1/2019,0,Saturday
7,3/28/2019,60771,6634,49517,4620,46785,5240,7853,893,USW00094728,0.7,0,0,11.7,2.8,7.25,0,3/1/2019,0,Thursday
7,3/16/2019,71644,11806,54987,4851,65914,1880,3109,741,USW00094728,4.5,0,0,14.4,2.8,8.6,0,3/1/2019,0,Saturday
7,3/24/2019,67293,10813,51724,4756,63214,854,2717,508,USW00094728,2,0,0,15.6,3.3,9.45,0,3/1/2019,0,Sunday
7,4/28/2019,81505,12014,63620,5871,76992,1022,2892,599,USW00094728,1.7,0.3,0,11.7,7.2,9.45,0,4/1/2019,0,Sunday
7,4/16/2019,67208,7370,54486,5352,52846,5324,8103,935,USW00094728,4.2,0,0,18.9,6.7,12.8,0,4/1/2019,0,Tuesday
7,4/24/2019,69990,7672,56912,5406,55573,5251,8223,943,USW00094728,2.6,0,0,20.6,12.8,16.7,0,4/1/2019,0,Wednesday
7,5/28/2019,66073,7621,53010,5442,52475,5160,7464,974,USW00094728,1.9,4.3,0,21.7,16.7,19.2,0,5/1/2019,0,Tuesday
7,5/16/2019,63033,6705,51311,5017,48789,5282,7990,972,USW00094728,1.2,3,0,22.8,11.1,16.95,0,5/1/2019,0,Thursday
7,5/24/2019,71220,10012,55540,5668,57810,5016,7412,982,USW00094728,3.4,0,0,22.8,16.1,19.45,0,5/1/2019,0,Friday
7,6/28/2019,57832,8175,44704,4953,46077,5326,5696,733,USW00094728,1.1,0,0,31.7,22.8,27.25,0,6/1/2019,0,Friday
7,6/16/2019,75560,11580,58365,5615,71347,952,2726,535,USW00094728,2.3,1,0,26.7,18.3,22.5,0,6/1/2019,0,Sunday
7,6/24/2019,63721,8071,49904,5746,51467,5357,6155,742,USW00094728,0.8,0,0,28.9,19.4,24.15,0,6/1/2019,0,Monday
7,7/28/2019,76916,12425,58313,6178,72958,1161,2190,607,USW00094728,2.4,0.3,0,31.1,21.7,26.4,0,7/1/2019,0,Sunday
7,7/16/2019,60884,6517,49075,5292,47914,5719,6449,802,USW00094728,1.3,0,0,32.8,22.2,27.5,0,7/1/2019,0,Tuesday
7,7/24/2019,62591,7025,50234,5332,49961,5332,6397,901,USW00094728,1.3,0.5,0,28.3,19.4,23.85,0,7/1/2019,0,Wednesday
7,8/28/2019,63438,6827,51217,5394,50343,5639,6654,802,USW00094728,1.7,2,0,23.3,19.4,21.35,0,8/1/2019,0,Wednesday
7,8/16/2019,74338,9785,58255,6298,62382,5316,5765,875,USW00094728,1.2,0,0,26.1,20,23.05,0,8/1/2019,0,Friday
7,8/24/2019,71993,11879,54494,5620,66619,2006,2698,670,USW00094728,2.3,0,0,24.4,17.8,21.1,0,8/1/2019,0,Saturday
7,9/28/2019,62418,9894,47771,4753,56597,2077,3063,681,USW00094728,1.3,0,0,27.8,18.3,23.05,0,9/1/2019,0,Saturday
7,9/16/2019,69989,7442,56255,6292,57733,5287,6083,886,USW00094728,0.9,0,0,25,20,22.5,0,9/1/2019,0,Monday
7,9/24/2019,62455,6051,50872,5532,48037,5622,7899,897,USW00094728,2.6,0,0,24.4,17.2,20.8,0,9/1/2019,0,Tuesday
7,10/28/2019,64271,6796,51737,5738,51160,4956,7233,922,USW00094728,1.6,0,0,17.2,12.8,15,0,10/1/2019,0,Monday
7,10/16/2019,62855,5880,51655,5320,48827,5391,7783,854,USW00094728,2.9,46.5,0,18.9,11.1,15,0,10/1/2019,0,Wednesday
7,10/24/2019,67926,6548,55652,5726,53111,5600,8257,958,USW00094728,1.4,0,0,19.4,10,14.7,0,10/1/2019,0,Thursday
7,11/28/2019,73288,11778,56288,5222,70077,754,2006,451,USW00094728,5.1,0,0,11.7,2.8,7.25,0,11/1/2019,0,Thursday
7,11/16/2019,85093,12353,66007,6733,78674,2116,3432,871,USW00094728,4.6,0,0,5.6,-0.5,2.55,0,11/1/2019,0,Saturday
7,11/24/2019,67047,9468,51694,5885,62130,1074,3256,587,USW00094728,3.6,22.9,0,7.8,4.4,6.1,0,11/1/2019,0,Sunday
7,12/28/2019,72314,11591,55158,5565,66518,1900,3255,641,USW00094728,1.8,0,0,10.6,6.1,8.35,0,12/1/2019,0,Saturday
7,12/16/2019,60419,6306,48549,5564,46810,5199,7592,818,USW00094728,1.7,2.5,0,2.8,0.6,1.7,0,12/1/2019,0,Monday
7,12/24/2019,64934,9913,49707,5314,56605,3375,4274,680,USW00094728,2.6,0,0,8.3,2.2,5.25,0,12/1/2019,0,Tuesday
7,1/28/2020,57654,5159,47276,5219,44181,5065,7616,792,USW00094728,3.8,0,0,6.1,2.8,4.45,0,1/1/2020,0,Tuesday
7,1/16/2020,59741,5470,48907,5364,45957,5197,7781,806,USW00094728,4.6,2.8,0,9.4,0.6,5,0,1/1/2020,0,Thursday
7,1/24/2020,65406,7304,52387,5715,52618,4864,7010,914,USW00094728,2.2,0,0,10.6,2.8,6.7,0,1/1/2020,0,Friday
7,2/28/2020,67033,7761,53185,6087,53992,5238,6883,920,USW00094728,4.4,0,0,5.6,-1.6,2,0,2/1/2020,0,Friday
7,2/17/2020,64136,6968,51307,5861,53862,3734,5870,670,USW00094728,2.3,0,0,10.6,3.3,6.95,0,2/1/2020,0,Monday
7,2/13/2020,63721,5659,52183,5879,50187,5096,7576,862,USW00094728,1.9,9.9,0,6.7,2.8,4.75,0,2/1/2020,0,Thursday
7,3/28/2020,24825,0,18842,5983,20607,1211,2832,175,USW00094728,3.3,11.4,0,12.2,6.7,9.45,0,3/1/2020,0,Saturday
7,3/16/2020,52346,5569,41728,5049,39548,4680,7507,611,USW00094728,4,0,0,7.2,0.6,3.9,0,3/1/2020,0,Monday
7,3/24/2020,35025,0,28129,6896,23403,3903,7376,343,USW00094728,3,0,0,12.8,2.2,7.5,0,3/1/2020,0,Tuesday
7,4/28/2020,39601,1,30553,9047,28374,3972,6918,337,USW00094728,1.7,0,0,19.4,5,12.2,0,4/1/2020,0,Tuesday
7,4/16/2020,31818,1,24735,7082,21750,3448,6376,244,USW00094728,4.1,0,0,10,3.3,6.65,0,4/1/2020,0,Thursday
7,4/24/2020,34532,1,26489,8042,24274,3718,6226,314,USW00094728,3.2,12.2,0,9.4,5.6,7.5,0,4/1/2020,0,Friday
7,5/28/2020,50771,1,38816,11954,37572,4846,7990,363,USW00094728,2.2,0,0,24.4,17.8,21.1,0,5/1/2020,0,Thursday
7,5/16/2020,47325,1,34792,12532,42276,1672,3157,220,USW00094728,1.7,0.3,0,25,15,20,0,5/1/2020,0,Saturday
7,5/24/2020,48311,2,35644,12665,45155,707,2320,129,USW00094728,2.2,0,0,19.4,11.1,15.25,0,5/1/2020,0,Sunday
7,6/28/2020,61716,0,45098,16618,57275,978,3182,281,USW00094728,1,2.8,0,32.2,21.1,26.65,0,6/1/2020,0,Sunday
7,6/16/2020,58534,1,44580,13953,44900,5125,8024,485,USW00094728,2.2,0,0,25.6,15.6,20.6,0,6/1/2020,0,Tuesday
7,6/24/2020,61485,0,46609,14876,47621,5113,8259,492,USW00094728,1.9,0,0,30,23.3,26.65,0,6/1/2020,0,Wednesday
7,7/28/2020,59770,0,44686,15084,46194,5110,7916,550,USW00094728,2.1,0,0,33.9,26.7,30.3,0,7/1/2020,0,Tuesday
7,7/16/2020,55959,0,42912,13047,42319,5112,8009,519,USW00094728,1.7,0,0,25.6,20.6,23.1,0,7/1/2020,0,Thursday
7,7/24/2020,60483,1,45413,15069,47824,4802,7276,581,USW00094728,1.4,4.8,0,26.7,22.2,24.45,0,7/1/2020,0,Friday
7,8/28/2020,62145,0,46927,15218,48747,5247,7550,601,USW00094728,1.6,0,0,29.4,21.7,25.55,0,8/1/2020,0,Friday
7,8/16/2020,62185,0,45837,16348,57943,927,3023,292,USW00094728,3.5,5.3,0,22.2,19.4,20.8,0,8/1/2020,0,Sunday
7,8/24/2020,63667,0,47952,15716,50973,4788,7307,599,USW00094728,1.4,0,0,32.2,23.9,28.05,0,8/1/2020,0,Monday
7,9/28/2020,58258,0,44109,14149,45946,4381,7358,573,USW00094728,1.3,0.5,0,25,20.6,22.8,0,9/1/2020,0,Monday
7,9/16/2020,54190,0,41903,12287,40238,5270,8090,592,USW00094728,1.2,0,0,21.7,13.3,17.5,0,9/1/2020,0,Wednesday
7,9/24/2020,59507,0,46027,13480,45413,5343,8124,627,USW00094728,1.2,0,0,23.9,16.7,20.3,0,9/1/2020,0,Thursday
7,10/28/2020,55302,4032,42870,8400,40887,5328,8496,591,USW00094728,1.2,2.8,0,13.9,11.1,12.5,0,10/1/2020,0,Wednesday
7,10/16/2020,59176,0,44933,14243,45955,5159,7465,597,USW00094728,2,34.5,0,18.9,8.3,13.6,0,10/1/2020,0,Friday
7,10/24/2020,74976,0,55737,19239,68905,2100,3475,496,USW00094728,2,0,0,20.6,8.9,14.75,0,10/1/2020,0,Saturday
7,11/28/2020,63544,8798,45849,8897,57663,2000,3480,401,USW00094728,2.2,0,0,13.3,6.7,10,0,11/1/2020,0,Saturday
7,11/16/2020,53004,5164,39680,8160,40025,4678,7683,618,USW00094728,3,0,0,12.8,6.7,9.75,0,11/1/2020,0,Monday
7,11/24/2020,59167,6125,44612,8430,44030,5723,8825,589,USW00094728,2.6,0,0,8.9,5,6.95,0,11/1/2020,0,Tuesday
7,1/16/2021,60844,9047,43461,8336,54942,2035,3513,354,USW00094728,3.8,19.8,0,8.3,2.8,5.55,0,1/1/2021,0,Saturday
7,1/24/2021,58632,8267,42282,8083,54381,864,3125,262,USW00094728,4.5,0,0,0,-5.5,-2.75,0,1/1/2021,0,Sunday
7,3/28/2021,60406,9547,43104,7755,55965,966,3210,265,USW00094728,3,19.3,0,15.6,8.9,12.25,0,3/1/2021,0,Sunday
7,4/24/2021,76167,11142,55301,9724,69837,2173,3703,454,USW00094728,1.8,0,0,22.2,11.1,16.65,0,4/1/2021,0,Saturday
7,5/16/2021,72152,9986,52966,9200,67831,998,3024,299,USW00094728,0.9,0.3,0,23.9,15,19.45,0,5/1/2021,0,Sunday
7,7/24/2021,79885,11532,58238,10115,74124,2086,3242,433,USW00094728,1.1,0,0,28.9,19.4,24.15,0,7/1/2021,0,Saturday
7,8/28/2021,85317,11409,62979,10929,79320,2155,3319,523,USW00094728,3.1,0,0,26.7,20,23.35,0,8/1/2021,0,Saturday
7,10/16/2021,76267,10393,56242,9632,69978,2382,3384,523,USW00094728,2.1,6.4,0,24.4,13.3,18.85,0,10/1/2021,0,Saturday
7,10/24/2021,64401,8403,47741,8257,60268,1063,2730,340,USW00094728,1.4,0.8,0,15,8.3,11.65,0,10/1/2021,0,Sunday
7,11/28/2021,68592,9057,50814,8721,64192,1143,2944,313,USW00094728,1,0,0,5,0.6,2.8,0,11/1/2021,0,Sunday
7,11/24/2021,61604,8057,45301,8246,48593,5192,7220,599,USW00094728,2.1,0,0,7.2,-1,3.1,0,11/1/2021,0,Wednesday
7,12/28/2021,61700,7092,45988,8620,48931,4784,7432,553,USW00094728,2.1,1.3,0,8.3,2.2,5.25,0,12/1/2021,0,Tuesday
7,1/16/2022,56993,6700,42623,7670,53013,1089,2628,263,USW00094728,3.8,9.4,20,2.8,-12.1,-4.65,0,1/1/2022,0,Sunday
7,2/26/2022,83062,9941,61731,11390,76939,2176,3430,517,USW00094728,3.2,0,0,2.8,-4.3,-0.75,0,2/1/2022,0,Saturday
7,4/16/2022,70204,9542,51504,9158,64766,1976,3053,409,USW00094728,2.8,5.1,0,22.8,6.7,14.75,0,4/1/2022,0,Saturday
7,4/24/2022,66889,8636,49471,8782,62835,970,2764,320,USW00094728,2.4,0,0,17.2,8.9,13.05,0,4/1/2022,0,Sunday
7,5/28/2022,68230,9801,49176,9253,62124,2230,3475,401,USW00094728,1.5,18.3,0,23.3,17.2,20.25,0,5/1/2022,0,Saturday
7,7/16/2022,81918,17149,61207,3562,75425,2711,3482,300,USW00094728,1.2,28.2,0,29.4,18.9,24.15,0,7/1/2022,0,Saturday
7,7/24/2022,85091,16820,64352,3919,80257,1420,3164,250,USW00094728,2.2,0,0,35,26.1,30.55,0,7/1/2022,0,Sunday
7,8/28/2022,84891,16433,64553,3905,80390,1451,2815,235,USW00094728,2.3,0,0,27.8,22.8,25.3,0,8/1/2022,0,Sunday
7,9/24/2022,95214,19538,71559,4117,88763,2575,3482,394,USW00094728,1.8,0,0,20.6,9.4,15,0,9/1/2022,0,Saturday
7,10/16/2022,78844,14679,60590,3575,74244,1324,3009,267,USW00094728,1.2,0,0,17.8,11.1,14.45,0,10/1/2022,0,Sunday
7,11/24/2022,89751,17271,68577,3903,86455,990,2110,196,USW00094728,1.7,0,0,12.2,4.4,8.3,0,11/1/2022,0,Thursday
7,12/24/2022,78772,15907,59280,3585,75218,1496,1841,217,USW00094728,5.1,0,0,-9.3,-13.8,-11.55,0,12/1/2022,0,Saturday
7,1/28/2023,86960,16494,66482,3984,80909,2436,3264,351,USW00094728,3.2,0,0,11.1,2.2,6.65,0,1/1/2023,0,Saturday
7,2/26/2023,83469,15585,63908,3976,78779,1325,3131,234,USW00094728,2.4,0,0,10,-1,4.5,0,2/1/2023,0,Sunday
7,4/16/2023,87276,17397,67247,2632,82427,1312,3261,276,USW00094728,1.3,0,0,21.7,13.9,17.8,0,4/1/2023,0,Sunday
7,5/28/2023,93844,20040,70896,2908,89875,1177,2532,260,USW00094728,1,0,0,26.1,15,20.55,0,5/1/2023,0,Sunday
7,6/24/2023,92408,19350,70160,2898,85503,2741,3741,423,USW00094728,0.3,1.8,0,25.6,20.6,23.1,0,6/1/2023,0,Saturday
7,7/16/2023,86115,18001,65051,3063,81003,1415,3420,277,USW00094728,0.7,33.5,0,25.6,23.3,24.45,0,7/1/2023,0,Sunday
7,9/16/2023,84586,17406,64294,2886,77763,2586,3808,429,USW00094728,2.8,0,0,23.9,15.6,19.75,0,9/1/2023,0,Saturday
7,9/24/2023,72164,15190,54482,2492,67186,1441,3271,266,USW00094728,5.3,31.8,0,18.9,16.7,17.8,0,9/1/2023,0,Sunday
7,10/28/2023,90250,18553,68821,2876,83527,2658,3670,395,USW00094728,2.2,0,0,26.7,17.2,21.95,0,10/1/2023,0,Saturday
7,11/24/2023,87679,18489,66277,2913,79350,3284,4616,429,USW00094728,2.8,0,0,10.6,0.6,5.6,0,11/1/2023,0,Friday
7,12/16/2023,95182,19072,73115,2995,87857,2655,4271,399,USW00094728,2.6,0,0,12.2,7.8,10,0,12/1/2023,0,Saturday
7,12/24/2023,77887,16153,58843,2891,75431,809,1446,201,USW00094728,0.7,0.5,0,9.4,4.4,6.9,0,12/1/2023,0,Sunday
7,1/28/2024,69236,14262,52608,2366,64496,1276,3247,217,USW00094728,4.2,20.8,0,6.7,2.8,4.75,0,1/1/2024,0,Sunday
7,2/17/2024,74662,15534,56689,2439,68283,2587,3493,299,USW00094728,3.4,4.6,51,2.2,-2.7,-0.25,0,2/1/2024,0,Saturday
7,3/16/2024,83327,16989,63638,2700,76700,2432,3811,384,USW00094728,2,0,0,16.1,8.3,12.2,0,3/1/2024,0,Saturday
7,3/24/2024,80872,16193,61979,2700,75633,1471,3489,279,USW00094728,3.5,0,0,8.9,-0.5,4.2,0,3/1/2024,0,Sunday
7,4/28/2024,84100,17000,64353,2747,78907,1440,3484,269,USW00094728,0.6,0.3,0,26.1,11.1,18.6,0,4/1/2024,0,Sunday
7,6/16/2024,92479,18195,70988,3296,87398,1405,3439,237,USW00094728,2.3,0,0,25.6,17.2,21.4,0,6/1/2024,0,Sunday
7,7/28/2024,81088,16610,61579,2899,75980,1541,3303,264,USW00094728,1.7,0,0,31.7,21.1,26.4,0,7/1/2024,0,Sunday
7,8/24/2024,83130,17189,63322,2619,76862,2440,3467,361,USW00094728,0.6,0,0,28.3,18.3,23.3,0,8/1/2024,0,Saturday
7,9/28/2024,72898,14718,55600,2580,66377,2548,3587,386,USW00094728,3.9,6.6,0,20,16.1,18.05,0,9/1/2024,0,Saturday
7,11/28/2024,82579,15927,63665,2987,78680,1215,2472,212,USW00094728,2.5,21.8,0,9.4,5.6,7.5,0,11/1/2024,0,Thursday
7,11/16/2024,92482,18442,70808,3232,85532,2558,3979,413,USW00094728,3.8,0,0,16.7,7.2,11.95,0,11/1/2024,0,Saturday
7,11/24/2024,81067,16090,61988,2989,75136,1625,4030,276,USW00094728,4.4,0,0,11.7,6.7,9.2,0,11/1/2024,0,Sunday
7,12/28/2024,80669,17241,60723,2705,73938,2422,3987,322,USW00094728,0.6,14.2,0,12.2,4.4,8.3,0,12/1/2024,0,Saturday
7,12/24/2024,78394,15788,59326,3280,68874,4295,4898,327,USW00094728,2.2,2.5,25,3.9,-2.1,0.9,0,12/1/2024,0,Tuesday
7,2/9/2025,58570,11583,44582,2405,53731,1210,3408,221,USW00094728,2.2,1.5,3,2.2,-1,0.6,0,2/1/2025,0,Sunday
7,3/16/2025,78236,15222,60202,2812,72918,1455,3588,275,USW00094728,3.1,0.3,0,16.1,8.3,12.2,0,3/1/2025,0,Sunday
7,5/24/2025,90519,19404,65321,5794,83224,2681,4252,362,USW00094728,2.6,0,0,17.8,8.9,13.35,0,5/1/2025,0,Saturday
8,1/28/2013,18029,1498,16087,444,17937,22,0,70,USW00094728,2.1,5.6,0,2.2,-1.7,0.25,0,1/1/2013,0,Monday
8,1/16/2013,18508,1532,16466,510,18402,30,1,75,USW00094728,2.2,17.5,0,2.8,0,1.4,0,1/1/2013,0,Wednesday
8,1/24/2013,20749,1842,18347,560,20668,18,1,62,USW00094728,3.8,0,0,-5.6,-11.1,-8.35,0,1/1/2013,0,Thursday
8,2/10/2013,15455,1615,13450,390,15385,24,1,45,USW00094728,1.4,0,0,2.2,-7.8,-2.8,0,2/1/2013,0,Sunday
8,2/26/2013,18842,1622,16791,429,18759,12,1,70,USW00094728,3.4,3.6,0,6.7,1.7,4.2,0,2/1/2013,0,Tuesday
8,2/9/2013,7087,800,6036,251,7058,11,10,8,USW00094728,3.8,9.7,130,0,-6.1,-3.05,0,2/1/2013,0,Saturday
8,3/28/2013,20317,2153,17734,430,20252,13,1,51,USW00094728,2.6,0,0,10.6,2.8,6.7,0,3/1/2013,0,Thursday
8,3/16/2013,16758,2118,14237,403,16720,11,2,25,USW00094728,1.7,3,8,5,0,2.5,0,3/1/2013,0,Saturday
8,3/24/2013,17662,2128,15070,464,17637,6,1,18,USW00094728,2.3,0,0,8.3,0.6,4.45,0,3/1/2013,0,Sunday
8,4/28/2013,22165,2615,18926,624,22119,13,0,33,USW00094728,2,0,0,20.6,10.6,15.6,0,4/1/2013,0,Sunday
8,4/16/2013,19123,1729,16985,409,19023,13,0,87,USW00094728,2.9,0,0,17.2,8.3,12.75,0,4/1/2013,0,Tuesday
8,4/24/2013,19306,1747,17141,418,19223,8,1,74,USW00094728,2.2,0,0,20.6,6.7,13.65,0,4/1/2013,0,Wednesday
8,5/28/2013,20687,1959,18150,578,20615,13,1,58,USW00094728,1.2,13.2,0,20,13.3,16.65,0,5/1/2013,0,Tuesday
8,5/16/2013,20566,1975,18010,581,20484,17,0,65,USW00094728,1.6,0,0,26.1,16.7,21.4,0,5/1/2013,0,Thursday
8,5/24/2013,18628,2053,16072,503,18559,18,1,50,USW00094728,2.4,7.6,0,18.3,7.2,12.75,0,5/1/2013,0,Friday
8,6/28/2013,20215,2416,17197,602,20060,22,1,132,USW00094728,2.3,0,0,29.4,22.8,26.1,0,6/1/2013,0,Friday
8,6/16/2013,24467,2986,20797,684,24407,12,2,46,USW00094728,1.7,0,0,26.7,18.3,22.5,0,6/1/2013,0,Sunday
8,6/24/2013,22513,2281,19597,635,22388,24,0,101,USW00094728,1.9,0,0,33.3,23.3,28.3,0,6/1/2013,0,Monday
8,7/28/2013,23793,2957,20175,661,23721,23,0,49,USW00094728,0.9,6.1,0,25.6,21.1,23.35,0,7/1/2013,0,Sunday
8,7/16/2013,20742,2091,18048,603,20529,25,1,187,USW00094728,2.1,0,0,34.4,25,29.7,0,7/1/2013,0,Tuesday
8,7/24/2013,21657,2074,18854,729,21442,33,1,181,USW00094728,2,0,0,28.3,20,24.15,0,7/1/2013,0,Wednesday
8,8/28/2013,20107,1857,17672,578,20036,17,0,54,USW00094728,1.2,10.9,0,30,21.7,25.85,0,8/1/2013,0,Wednesday
8,8/16/2013,19076,2403,16163,510,18920,22,1,133,USW00094728,0.9,0,0,27.8,17.8,22.8,0,8/1/2013,0,Friday
8,8/24/2013,18325,2801,15016,508,18269,16,0,40,USW00094728,2.2,0,0,26.7,18.3,22.5,0,8/1/2013,0,Saturday
8,9/28/2013,16398,2211,13569,618,16354,9,0,35,USW00094728,2,0,0,22.8,13.3,18.05,0,9/1/2013,0,Saturday
8,9/16/2013,19345,1739,17061,545,19253,21,0,71,USW00094728,2.1,0.8,0,22.8,13.3,18.05,0,9/1/2013,0,Monday
8,9/24/2013,19972,1765,17780,427,19862,13,0,97,USW00094728,1.8,0,0,22.8,8.3,15.55,0,9/1/2013,0,Tuesday
8,10/28/2013,20635,1775,18301,559,20523,10,0,102,USW00094728,2,0,0,16.1,6.1,11.1,0,10/1/2013,0,Monday
8,10/16/2013,18798,1644,16614,540,18693,15,0,90,USW00094728,1.4,0,0,19.4,13.3,16.35,0,10/1/2013,0,Wednesday
8,10/24/2013,20914,1760,18646,508,20789,20,1,104,USW00094728,3,0,0,12.2,5,8.6,0,10/1/2013,0,Thursday
8,11/28/2013,19270,2372,16323,575,19241,16,0,13,USW00094728,3.2,0,0,1.7,-1,0.35,0,11/1/2013,0,Thursday
8,11/16/2013,16068,2126,13513,429,16039,4,0,25,USW00094728,1.2,1.3,0,15.6,7.2,11.4,0,11/1/2013,0,Saturday
8,11/24/2013,17102,1853,14814,435,17074,10,0,18,USW00094728,5.4,0,0,-1,-4.9,-2.95,0,11/1/2013,0,Sunday
8,12/28/2013,18889,2608,15733,548,18856,13,1,19,USW00094728,3.2,0,0,12.8,2.2,7.5,0,12/1/2013,0,Saturday
8,12/16/2013,18985,1590,16924,471,18896,12,1,76,USW00094728,3.5,0,0,0.6,-3.8,-1.6,0,12/1/2013,0,Monday
8,12/24/2013,18450,2010,15923,517,18408,10,0,32,USW00094728,3.7,0,0,5.6,-3.2,1.2,0,12/1/2013,0,Tuesday
8,1/28/2014,18575,1450,16648,477,18496,16,0,63,USW00094728,2.7,0,0,-6,-11,-8.5,0,1/1/2014,0,Tuesday
8,1/16/2014,19816,1616,17703,497,19715,13,0,88,USW00094728,1.8,0,0,5.6,2.2,3.9,0,1/1/2014,0,Thursday
8,1/24/2014,18769,1748,16505,516,18670,18,1,80,USW00094728,3.6,0,0,-6.6,-12.1,-9.35,0,1/1/2014,0,Friday
8,2/10/2014,17561,1420,15624,518,17484,12,0,65,USW00094728,3.2,0,0,-1.6,-6,-3.8,0,2/1/2014,0,Monday
8,2/26/2014,18691,1491,16744,456,18610,13,1,67,USW00094728,2.4,0.8,5,-0.5,-6.6,-3.55,0,2/1/2014,0,Wednesday
8,2/9/2014,14650,1401,12866,383,14613,14,0,23,USW00094728,1.6,2.5,30,-0.5,-6,-3.25,0,2/1/2014,0,Sunday
8,3/28/2014,20129,2114,17515,500,20013,30,1,85,USW00094728,2.4,1,0,16.7,2.8,9.75,0,3/1/2014,0,Friday
8,3/16/2014,18969,2028,16443,498,18930,11,1,27,USW00094728,3.4,0,0,5.6,-1,2.3,0,3/1/2014,0,Sunday
8,3/24/2014,19822,1594,17720,508,19739,17,2,64,USW00094728,3,0,0,1.7,-6,-2.15,0,3/1/2014,0,Monday
8,4/28/2014,20458,1795,18127,536,20365,21,0,72,USW00094728,1.9,0,0,19.4,7.2,13.3,0,4/1/2014,0,Monday
8,4/16/2014,19188,1838,16847,503,19103,19,0,66,USW00094728,3.4,1.3,0,9.4,-0.5,4.45,0,4/1/2014,0,Wednesday
8,4/24/2014,21157,1914,18719,524,21056,23,3,75,USW00094728,3.8,0,0,16.7,5.6,11.15,0,4/1/2014,0,Thursday
8,5/28/2014,21095,1864,18663,568,20995,21,3,76,USW00094728,3.4,0,0,17.8,12.2,15,0,5/1/2014,0,Wednesday
8,5/16/2014,20032,2396,17063,573,19949,15,2,66,USW00094728,2.9,39.1,0,20,14.4,17.2,0,5/1/2014,0,Friday
8,5/24/2014,16422,2218,13658,546,16395,5,3,19,USW00094728,1.6,10.2,0,21.1,13.9,17.5,0,5/1/2014,0,Saturday
8,6/28/2014,19208,2895,15601,712,19149,15,2,42,USW00094728,1.3,0,0,30.6,18.9,24.75,0,6/1/2014,0,Saturday
8,6/16/2014,20826,1936,18301,589,20743,18,2,63,USW00094728,1.3,0,0,27.2,17.2,22.2,0,6/1/2014,0,Monday
8,6/24/2014,20106,1904,17641,561,20025,14,3,64,USW00094728,2.2,0,0,27.2,20,23.6,0,6/1/2014,0,Tuesday
8,7/28/2014,22567,2207,19689,671,22334,20,2,211,USW00094728,3.3,4.8,0,27.8,20,23.9,0,7/1/2014,0,Monday
8,7/16/2014,20322,1825,17981,516,20079,16,0,227,USW00094728,1.7,0,0,27.2,20,23.6,0,7/1/2014,0,Wednesday
8,7/24/2014,19866,1854,17441,571,19603,25,0,238,USW00094728,2.2,0,0,26.7,21.1,23.9,0,7/1/2014,0,Thursday
8,8/28/2014,21558,2196,18694,668,21472,16,2,68,USW00094728,2.4,0,0,27.8,18.9,23.35,0,8/1/2014,0,Thursday
8,8/16/2014,18406,2839,14957,610,18359,11,2,34,USW00094728,1.8,0,0,25.6,17.2,21.4,0,8/1/2014,0,Saturday
8,8/24/2014,22855,3192,18916,747,22791,7,0,57,USW00094728,1.4,0,0,26.7,17.8,22.25,0,8/1/2014,0,Sunday
8,9/28/2014,21757,2611,18471,675,21708,9,1,39,USW00094728,0.8,0,0,28.9,17.8,23.35,0,9/1/2014,0,Sunday
8,9/16/2014,18989,1607,16866,516,18917,11,0,61,USW00094728,1,9.4,0,21.1,14.4,17.75,0,9/1/2014,0,Tuesday
8,9/24/2014,20341,1736,18085,520,20247,19,1,74,USW00094728,2.5,0,0,21.7,14.4,18.05,0,9/1/2014,0,Wednesday
8,10/28/2014,19327,1664,17184,479,19226,18,1,82,USW00094728,1.3,0,0,22.2,11.7,16.95,0,10/1/2014,0,Tuesday
8,10/16/2014,17960,1630,15862,468,17891,8,1,60,USW00094728,1.8,28.2,0,21.7,16.1,18.9,0,10/1/2014,0,Thursday
8,10/24/2014,20291,2090,17581,620,20193,12,1,85,USW00094728,2,0,0,17.2,10.6,13.9,0,10/1/2014,0,Friday
8,11/28/2014,19384,2702,15995,687,19349,6,0,29,USW00094728,2.6,0,0,2.8,-1.6,0.6,0,11/1/2014,0,Friday
8,11/16/2014,19451,1999,16903,549,19424,6,1,20,USW00094728,1.7,0.8,0,7.2,1.7,4.45,0,11/1/2014,0,Sunday
8,11/24/2014,19630,1712,17380,538,19545,14,0,71,USW00094728,2.4,17.8,0,20.6,11.7,16.15,0,11/1/2014,0,Monday
8,12/28/2014,18457,2154,15747,556,18433,7,2,15,USW00094728,2.6,2.5,0,12.2,6.1,9.15,0,12/1/2014,0,Sunday
8,12/16/2014,20367,1616,18172,579,20283,10,0,74,USW00094728,1.7,5.1,0,9.4,3.3,6.35,0,12/1/2014,0,Tuesday
8,12/24/2014,17846,1985,15349,512,17811,10,1,24,USW00094728,2.6,20.3,0,14.4,6.7,10.55,0,12/1/2014,0,Wednesday
8,1/28/2015,17956,1321,16131,504,17857,11,3,85,USW00094728,3.4,0,0,1.1,-8.8,-3.85,0,1/1/2015,0,Wednesday
8,1/16/2015,19344,1827,17008,509,19267,16,0,61,USW00094728,4.4,0,0,6.1,-6.6,-0.25,0,1/1/2015,0,Friday
8,1/24/2015,10628,1131,9160,337,10587,18,9,14,USW00094728,2.7,18.3,91,3.9,0.6,2.25,0,1/1/2015,0,Saturday
8,2/10/2015,18063,1364,16145,554,17990,16,1,56,USW00094728,4.7,0.3,3,4.4,-3.2,0.6,0,2/1/2015,0,Tuesday
8,2/26/2015,19422,1555,17359,508,19349,9,0,64,USW00094728,3.2,0,0,0,-6,-3,0,2/1/2015,0,Thursday
8,2/9/2015,13268,959,11926,383,13197,11,2,58,USW00094728,4.9,2.3,0,-1.6,-3.8,-2.7,0,2/1/2015,0,Monday
8,3/28/2015,17653,1996,15139,518,17601,8,1,43,USW00094728,3.4,0,0,4.4,-3.2,0.6,0,3/1/2015,0,Saturday
8,3/16/2015,19114,1675,16923,516,19041,14,1,58,USW00094728,1.7,0,0,11.1,1.7,6.4,0,3/1/2015,0,Monday
8,3/24/2015,18788,1513,16805,470,18700,14,0,74,USW00094728,1.8,0,0,7.2,-3.2,2,0,3/1/2015,0,Tuesday
8,4/28/2015,20002,1631,17863,508,19913,19,2,68,USW00094728,3.5,0,0,21.7,10,15.85,0,4/1/2015,0,Tuesday
8,4/16/2015,20656,1662,18425,569,20572,11,1,72,USW00094728,2.9,0,0,17.8,11.1,14.45,0,4/1/2015,0,Thursday
8,4/24/2015,21098,2193,18353,552,21015,16,1,66,USW00094728,3.8,0,0,11.1,3.9,7.5,0,4/1/2015,0,Friday
8,5/28/2015,20244,1717,17933,594,20152,13,0,79,USW00094728,1.8,0,0,29.4,21.1,25.25,0,5/1/2015,0,Thursday
8,5/16/2015,19416,2559,16236,621,19360,14,1,41,USW00094728,0.9,7.6,0,23.9,13.9,18.9,0,5/1/2015,0,Saturday
8,5/24/2015,19097,2818,15526,753,19064,10,0,23,USW00094728,1.7,0,0,27.2,13.3,20.25,0,5/1/2015,0,Sunday
8,6/28/2015,22384,2703,18913,768,22319,12,2,51,USW00094728,2.4,7.4,0,22.8,16.7,19.75,0,6/1/2015,0,Sunday
8,6/16/2015,21629,1821,19183,625,21515,14,5,95,USW00094728,1,6.9,0,26.1,18.3,22.2,0,6/1/2015,0,Tuesday
8,6/24/2015,21186,1948,18511,727,21112,19,2,53,USW00094728,2.1,0,0,28.9,20,24.45,0,6/1/2015,0,Wednesday
8,7/28/2015,23361,2146,20471,744,23095,18,2,246,USW00094728,1.2,0,0,35,23.9,29.45,0,7/1/2015,0,Tuesday
8,7/16/2015,22715,2017,20008,690,22427,28,3,257,USW00094728,2.5,0,0,26.7,17.8,22.25,0,7/1/2015,0,Thursday
8,7/24/2015,21213,2485,17958,770,20937,28,0,248,USW00094728,0.9,0,0,30.6,21.1,25.85,0,7/1/2015,0,Friday
8,8/28/2015,20106,2219,17195,692,20033,18,2,53,USW00094728,1.1,0,0,27.8,17.2,22.5,0,8/1/2015,0,Friday
8,8/16/2015,25207,3366,20859,982,25130,10,1,66,USW00094728,0.7,0,0,33.9,24.4,29.15,0,8/1/2015,0,Sunday
8,8/24/2015,23496,2186,20550,760,23423,16,1,56,USW00094728,1.1,0,0,30.6,22.8,26.7,0,8/1/2015,0,Monday
8,9/28/2015,19686,1689,17332,665,19619,6,0,61,USW00094728,1.5,0,0,25.6,18.3,21.95,0,9/1/2015,0,Monday
8,9/16/2015,20176,1631,17887,658,20092,17,0,67,USW00094728,0.6,0,0,31.1,18.9,25,0,9/1/2015,0,Wednesday
8,9/24/2015,19814,1676,17497,641,19728,17,2,67,USW00094728,1.9,0,0,27.8,15.6,21.7,0,9/1/2015,0,Thursday
8,10/28/2015,19809,1478,17748,583,19712,17,2,78,USW00094728,3,35.6,0,20.6,11.7,16.15,0,10/1/2015,0,Wednesday
8,10/16/2015,20293,1941,17750,602,20213,15,3,62,USW00094728,2.4,0,0,17.8,11.7,14.75,0,10/1/2015,0,Friday
8,10/24/2015,22072,2519,18824,729,22023,11,0,38,USW00094728,1.8,0,0,13.9,4.4,9.15,0,10/1/2015,0,Saturday
8,11/28/2015,21872,2619,18590,663,21836,10,1,25,USW00094728,2.2,0.5,0,17.8,7.2,12.5,0,11/1/2015,0,Saturday
8,11/16/2015,20174,1608,17918,648,20080,13,2,79,USW00094728,1.8,0,0,19.4,10.6,15,0,11/1/2015,0,Monday
8,11/24/2015,21716,1929,19106,681,21614,16,3,83,USW00094728,1.7,0,0,7.8,0,3.9,0,11/1/2015,0,Tuesday
8,12/28/2015,20290,1972,17701,617,20242,15,0,33,USW00094728,3.7,0.8,0,7.8,1.1,4.45,0,12/1/2015,0,Monday
8,12/16/2015,20969,1584,18723,662,20879,17,1,72,USW00094728,2.4,1,0,11.7,7.8,9.75,0,12/1/2015,0,Wednesday
8,12/24/2015,19112,2078,16406,628,19074,13,0,25,USW00094728,2,0.3,0,22.2,17.2,19.7,0,12/1/2015,0,Thursday
8,1/28/2016,18665,1302,16850,513,18594,11,1,59,USW00094728,2,0,0,5.6,0,2.8,0,1/1/2016,0,Thursday
8,1/16/2016,16362,1670,14168,524,16322,12,2,26,USW00094728,3,6.1,0,11.1,5.6,8.35,0,1/1/2016,0,Saturday
8,1/24/2016,8705,714,7762,229,8672,14,11,8,USW00094728,2.6,0,0,1.7,-6.6,-2.45,0,1/1/2016,0,Sunday
8,2/28/2016,19056,1846,16630,580,19022,7,2,25,USW00094728,3.3,0,0,15.6,3.3,9.45,0,2/1/2016,0,Sunday
8,2/17/2016,20221,1516,18143,562,20138,17,2,64,USW00094728,3.3,0,0,3.9,1.7,2.8,0,2/1/2016,0,Wednesday
8,2/13/2016,15310,1577,13240,493,15259,7,1,43,USW00094728,5.5,0,0,-5.5,-14.3,-9.9,0,2/1/2016,0,Saturday
8,3/28/2016,20318,1701,18000,617,20254,10,4,50,USW00094728,4.5,9.7,0,16.7,5.6,11.15,0,3/1/2016,0,Monday
8,3/16/2016,20519,1475,18440,604,20418,14,3,84,USW00094728,1.6,0.5,0,18.3,8.9,13.6,0,3/1/2016,0,Wednesday
8,3/24/2016,21389,1850,18870,669,21321,10,2,56,USW00094728,4.1,0,0,12.8,6.7,9.75,0,3/1/2016,0,Thursday
8,4/28/2016,19432,1622,17201,609,19360,15,2,55,USW00094728,2.1,0,0,15,8.9,11.95,0,4/1/2016,0,Thursday
8,4/16/2016,20373,2229,17478,666,20312,12,4,45,USW00094728,2.2,0,0,20,6.1,13.05,0,4/1/2016,0,Saturday
8,4/24/2016,19665,2088,16875,702,19635,10,1,19,USW00094728,2.6,0,0,20,8.3,14.15,0,4/1/2016,0,Sunday
8,5/28/2016,17416,2177,14515,724,17383,7,2,24,USW00094728,2,0,0,33.3,21.7,27.5,0,5/1/2016,0,Saturday
8,5/16/2016,19713,1527,17462,724,19641,14,1,57,USW00094728,2.2,0,0,18.9,6.1,12.5,0,5/1/2016,0,Monday
8,5/24/2016,20448,1487,18301,661,20350,20,1,77,USW00094728,0.9,4.6,0,22.8,14.4,18.6,0,5/1/2016,0,Tuesday
8,6/28/2016,22299,1745,19763,791,22093,19,2,185,USW00094728,1.6,3,0,24.4,20,22.2,0,6/1/2016,0,Tuesday
8,6/16/2016,21015,1511,18757,747,20940,15,0,60,USW00094728,0.8,5.6,0,23.3,18.3,20.8,0,6/1/2016,0,Thursday
8,6/24/2016,21383,2109,18388,886,21291,13,0,79,USW00094728,2.8,0,0,28.9,19.4,24.15,0,6/1/2016,0,Friday
8,7/28/2016,21740,1944,18983,813,21450,17,2,271,USW00094728,1.4,0,0,35,23.9,29.45,0,7/1/2016,0,Thursday
8,7/16/2016,19972,2710,16460,802,19909,11,0,52,USW00094728,1.9,0,0,32.2,23.9,28.05,0,7/1/2016,0,Saturday
8,7/24/2016,24138,3266,19949,923,24070,14,1,53,USW00094728,1.8,0,0,34.4,23.9,29.15,0,7/1/2016,0,Sunday
8,8/28/2016,24927,2958,20891,1078,24873,17,2,35,USW00094728,1.1,0,0,31.7,22.2,26.95,0,8/1/2016,0,Sunday
8,8/16/2016,21851,1830,19225,796,21621,27,1,202,USW00094728,1.8,2.8,0,30.6,25.6,28.1,0,8/1/2016,0,Tuesday
8,8/24/2016,23039,1948,20276,815,22942,29,3,65,USW00094728,2.2,0,0,31.1,20,25.55,0,8/1/2016,0,Wednesday
8,9/28/2016,20561,1396,18451,714,20460,15,1,85,USW00094728,3.6,0,0,20.6,13.3,16.95,0,9/1/2016,0,Wednesday
8,9/16/2016,20508,1736,17998,774,20380,11,2,115,USW00094728,1.2,0,0,22.8,16.1,19.45,0,9/1/2016,0,Friday
8,9/24/2016,20638,2202,17578,858,20580,17,1,40,USW00094728,2.3,5.1,0,21.7,14.4,18.05,0,9/1/2016,0,Saturday
8,10/28/2016,19123,1684,16716,723,19014,23,5,81,USW00094728,3.7,0,0,10.6,5.6,8.1,0,10/1/2016,0,Friday
8,10/16/2016,21826,2232,18821,773,21786,16,1,23,USW00094728,1.8,0,0,20.6,11.7,16.15,0,10/1/2016,0,Sunday
8,10/24/2016,18999,1480,16851,668,18900,9,1,89,USW00094728,2.7,0,0,16.7,8.3,12.5,0,10/1/2016,0,Monday
8,11/28/2016,19471,1336,17402,733,19381,15,0,75,USW00094728,1.5,0,0,11.1,3.3,7.2,0,11/1/2016,0,Monday
8,11/16/2016,20487,1383,18319,785,20366,17,3,101,USW00094728,1.8,0,0,16.1,7.2,11.65,0,11/1/2016,0,Wednesday
8,11/24/2016,20865,2051,18008,806,20841,10,0,14,USW00094728,2,0.8,0,8.9,3.3,6.1,0,11/1/2016,0,Thursday
8,12/28/2016,22179,1921,19460,798,22123,6,0,50,USW00094728,2.3,0,0,4.4,1.1,2.75,0,12/1/2016,0,Wednesday
8,12/16/2016,20638,1694,18165,779,20549,10,1,78,USW00094728,2.7,0,0,-2.7,-8.2,-5.45,0,12/1/2016,0,Friday
8,12/24/2016,16012,1777,13583,652,15984,8,3,17,USW00094728,2.2,11.9,0,8.3,3.3,5.8,0,12/1/2016,0,Saturday
8,1/28/2017,17816,1624,15529,663,17749,11,1,55,USW00094728,3.5,0,0,3.9,1.1,2.5,0,1/1/2017,0,Saturday
8,1/16/2017,21078,1430,18943,705,21039,10,0,29,USW00094728,2.1,0,0,6.1,-1,2.55,0,1/1/2017,0,Monday
8,1/24/2017,16903,979,15364,560,16835,9,0,59,USW00094728,4.5,30,0,3.3,1.7,2.5,0,1/1/2017,0,Tuesday
8,2/10/2017,16284,1234,14433,617,16207,16,4,57,USW00094728,3.8,0,0,0,-7.1,-3.55,0,2/1/2017,0,Friday
8,2/26/2017,18737,1576,16481,680,18706,10,4,17,USW00094728,4,0,0,6.7,2.2,4.45,0,2/1/2017,0,Sunday
8,2/9/2017,5678,309,5077,292,5652,10,4,12,USW00094728,5.5,29.5,239,6.7,-7.1,-0.2,0,2/1/2017,0,Thursday
8,3/28/2017,18999,1125,17220,654,18902,11,0,86,USW00094728,2.6,18.3,0,7.8,5,6.4,0,3/1/2017,0,Tuesday
8,3/16/2017,18626,1154,16750,722,18525,16,2,83,USW00094728,3.5,0,0,3.9,-4.3,-0.2,0,3/1/2017,0,Thursday
8,3/24/2017,18931,1476,16735,720,18849,13,1,68,USW00094728,2.8,0,0,13.9,2.2,8.05,0,3/1/2017,0,Friday
8,4/28/2017,20305,1588,17881,836,20215,10,3,77,USW00094728,1.4,0,0,29.4,14.4,21.9,0,4/1/2017,0,Friday
8,4/16/2017,23031,2130,19999,902,23015,2,0,14,USW00094728,3.3,0,0,30.6,15,22.8,0,4/1/2017,0,Sunday
8,4/24/2017,20538,1241,18550,747,20442,13,3,80,USW00094728,1.6,0,0,15.6,8.9,12.25,0,4/1/2017,0,Monday
8,5/28/2017,19792,1914,17079,799,19765,8,1,18,USW00094728,2,0,0,21.7,14.4,18.05,0,5/1/2017,0,Sunday
8,5/16/2017,20550,1265,18521,764,20452,8,0,90,USW00094728,1.9,0,0,26.1,13.3,19.7,0,5/1/2017,0,Tuesday
8,5/24/2017,21543,1340,19399,804,21401,18,1,123,USW00094728,2.2,1,0,20.6,13.3,16.95,0,5/1/2017,0,Wednesday
8,6/28/2017,20683,1279,18473,931,20490,24,1,168,USW00094728,2.2,0,0,25.6,16.1,20.85,0,6/1/2017,0,Wednesday
8,6/16/2017,20446,1587,17997,862,20358,15,2,71,USW00094728,2.3,0,0,20,17.2,18.6,0,6/1/2017,0,Friday
8,6/24/2017,17643,1837,15061,745,17571,12,2,58,USW00094728,2.4,32.8,0,28.9,21.7,25.3,0,6/1/2017,0,Saturday
8,7/28/2017,21139,1822,18265,1052,20868,13,2,256,USW00094728,1.3,0,0,29.4,21.7,25.55,0,7/1/2017,0,Friday
8,7/16/2017,22857,2303,19558,996,22798,13,2,44,USW00094728,1.2,0,0,30.6,20,25.3,0,7/1/2017,0,Sunday
8,7/24/2017,20650,1387,18327,936,20384,17,1,248,USW00094728,3,18.8,0,22.8,17.2,20,0,7/1/2017,0,Monday
8,8/28/2017,21977,1388,19556,1033,21883,10,1,83,USW00094728,2.8,0,0,24.4,17.2,20.8,0,8/1/2017,0,Monday
8,8/16/2017,21892,1386,19553,953,21658,27,1,206,USW00094728,1,0,0,30.6,21.1,25.85,0,8/1/2017,0,Wednesday
8,8/24/2017,22237,1477,19700,1060,22126,21,1,89,USW00094728,1.4,0,0,26.7,18.3,22.5,0,8/1/2017,0,Thursday
8,9/28/2017,20671,1187,18440,1044,20546,23,1,101,USW00094728,2.6,0,0,26.1,15,20.55,0,9/1/2017,0,Thursday
8,9/16/2017,19183,1562,16640,981,19118,17,1,47,USW00094728,1.3,0,0,27.8,21.1,24.45,0,9/1/2017,0,Saturday
8,9/24/2017,22354,1658,19702,994,22304,17,0,33,USW00094728,0.7,0,0,32.8,20.6,26.7,0,9/1/2017,0,Sunday
8,10/28/2017,19194,1509,16655,1030,19139,10,1,44,USW00094728,2.2,0,0,20.6,12.8,16.7,0,10/1/2017,0,Saturday
8,10/16/2017,20045,1144,17935,966,19918,16,0,111,USW00094728,3,0.3,0,20.6,7.8,14.2,0,10/1/2017,0,Monday
8,10/24/2017,18434,929,16630,875,18323,16,1,94,USW00094728,2.5,5.1,0,23.3,19.4,21.35,0,10/1/2017,0,Tuesday
8,11/28/2017,18954,981,17050,923,18842,19,2,91,USW00094728,2,0,0,12.2,2.2,7.2,0,11/1/2017,0,Tuesday
8,11/16/2017,19214,1065,17160,989,19093,23,0,98,USW00094728,2.9,5.1,0,13.9,6.1,10,0,11/1/2017,0,Thursday
8,11/24/2017,18995,1715,16123,1157,18948,12,2,33,USW00094728,1.7,0,0,10,1.7,5.85,0,11/1/2017,0,Friday
8,12/28/2017,18457,1291,16201,965,18383,15,1,58,USW00094728,3.6,0,0,-7.7,-11.6,-9.65,0,12/1/2017,0,Thursday
8,12/16/2017,19179,1471,16625,1083,19108,16,3,52,USW00094728,3,0,0,3.9,-4.9,-0.5,0,12/1/2017,0,Saturday
8,12/24/2017,16295,1249,14138,908,16264,10,1,20,USW00094728,3.5,0.3,0,5,2.2,3.6,0,12/1/2017,0,Sunday
8,1/28/2018,14399,843,12875,681,14344,6,1,48,USW00094728,1.7,5.3,0,12.8,7.8,10.3,0,1/1/2018,0,Sunday
8,1/16/2018,16965,783,15268,914,16868,19,0,78,USW00094728,1.8,0,0,2.2,-3.8,-0.8,0,1/1/2018,0,Tuesday
8,1/24/2018,18450,887,16593,970,18349,20,1,80,USW00094728,4.2,0,0,6.7,-2.7,2,0,1/1/2018,0,Wednesday
8,2/10/2018,15026,1000,13288,738,14964,14,1,47,USW00094728,1,14.7,0,10,3.9,6.95,0,2/1/2018,0,Saturday
8,2/26/2018,17584,928,15696,960,17461,24,0,99,USW00094728,2,0,0,11.1,6.1,8.6,0,2/1/2018,0,Monday
8,2/9/2018,17504,947,15656,901,17395,18,1,90,USW00094728,2.2,0,0,3.9,-3.2,0.35,0,2/1/2018,0,Friday
8,3/28/2018,18455,957,16574,924,18350,23,2,80,USW00094728,1.8,0.8,0,11.1,3.3,7.2,0,3/1/2018,0,Wednesday
8,3/16/2018,19315,1158,17093,1064,19200,23,3,89,USW00094728,4.4,0,0,4.4,-1,1.7,0,3/1/2018,0,Friday
8,3/24/2018,16800,1193,14754,853,16756,10,0,34,USW00094728,2.7,0,0,10.6,1.7,6.15,0,3/1/2018,0,Saturday
8,4/28/2018,17693,1256,15481,956,17638,16,0,39,USW00094728,1.5,2.5,0,20,10,15,0,4/1/2018,0,Saturday
8,4/16/2018,16939,924,15114,901,16827,21,0,91,USW00094728,5.1,71.6,0,15.6,3.9,9.75,0,4/1/2018,0,Monday
8,4/24/2018,19091,985,17155,951,18965,21,0,105,USW00094728,1.9,1.3,0,18.9,7.8,13.35,0,4/1/2018,0,Tuesday
8,5/28/2018,19660,1228,17208,1224,19628,3,0,29,USW00094728,0.8,0,0,20.6,13.3,16.95,0,5/1/2018,0,Monday
8,5/16/2018,18545,896,16717,932,18431,15,2,97,USW00094728,1.1,8.6,0,17.8,13.3,15.55,0,5/1/2018,0,Wednesday
8,5/24/2018,19481,1013,17287,1181,19362,24,1,94,USW00094728,1.3,0,0,28.3,17.2,22.75,0,5/1/2018,0,Thursday
8,6/28/2018,20223,1128,17960,1135,19949,62,1,211,USW00094728,1.3,34.5,0,28.3,21.1,24.7,0,6/1/2018,0,Thursday
8,6/16/2018,19233,1443,16622,1168,19163,11,1,58,USW00094728,1,0,0,29.4,17.8,23.6,0,6/1/2018,0,Saturday
8,6/24/2018,16660,1254,14516,890,16593,9,0,58,USW00094728,1,0,0,28.9,18.9,23.9,0,6/1/2018,0,Sunday
8,7/28/2018,14516,1345,12121,1050,14484,5,0,27,USW00094728,0.5,0,0,29.4,21.1,25.25,0,7/1/2018,0,Saturday
8,7/16/2018,19876,1111,17465,1300,19574,60,2,240,USW00094728,1,0,0,32.2,23.9,28.05,0,7/1/2018,0,Monday
8,7/24/2018,20001,1045,17749,1207,19726,41,1,233,USW00094728,2.3,0.5,0,27.8,23.9,25.85,0,7/1/2018,0,Tuesday
8,8/28/2018,20391,1133,17986,1272,20306,22,0,63,USW00094728,1.7,0,0,34.4,26.1,30.25,0,8/1/2018,0,Tuesday
8,8/16/2018,20138,1240,17575,1323,19897,47,2,192,USW00094728,1.3,0,0,31.1,24.4,27.75,0,8/1/2018,0,Thursday
8,8/24/2018,19274,1507,16510,1257,19180,25,1,68,USW00094728,0.5,0,0,27.8,18.3,23.05,0,8/1/2018,0,Friday
8,9/28/2018,18281,1190,15910,1181,18186,27,3,65,USW00094728,1.7,19.6,0,18.3,13.3,15.8,0,9/1/2018,0,Friday
8,9/16/2018,19361,1129,16927,1305,19301,18,0,42,USW00094728,2.2,0,0,28.9,19.4,24.15,0,9/1/2018,0,Sunday
8,9/24/2018,16594,880,14702,1012,16490,20,0,84,USW00094728,3.2,0,0,20.6,13.9,17.25,0,9/1/2018,0,Monday
8,10/28/2018,16073,1013,14088,972,16041,13,2,17,USW00094728,2.2,1.8,0,11.1,7.2,9.15,0,10/1/2018,0,Sunday
8,10/16/2018,19111,856,17036,1219,19005,22,1,83,USW00094728,2.2,0.3,0,15.6,8.3,11.95,0,10/1/2018,0,Tuesday
8,10/24/2018,17692,865,15779,1048,17572,25,2,93,USW00094728,2.2,0,0,12.2,6.7,9.45,0,10/1/2018,0,Wednesday
8,11/28/2018,18775,796,16904,1075,18660,29,3,83,USW00094728,2.2,0,0,5.6,2.2,3.9,0,11/1/2018,0,Wednesday
8,11/16/2018,14430,786,12697,947,14356,26,5,43,USW00094728,2.2,7.9,0,7.2,1.1,4.15,0,11/1/2018,0,Friday
8,11/24/2018,17803,1145,15554,1104,17772,8,1,22,USW00094728,2.2,24.6,0,9.4,-0.5,4.45,0,11/1/2018,0,Saturday
8,12/28/2018,16457,1131,14300,1026,16420,20,0,17,USW00094728,2.2,29.2,0,15.6,6.1,10.85,0,12/1/2018,0,Friday
8,12/16/2018,16657,846,14793,1018,16602,15,1,39,USW00094728,2.2,36.3,0,7.8,1.7,4.75,0,12/1/2018,0,Sunday
8,12/24/2018,16885,1093,14630,1162,16851,10,1,23,USW00094728,2.2,3,0,6.1,2.2,4.15,0,12/1/2018,0,Monday
8,1/28/2019,17485,747,15722,1016,17382,33,1,69,USW00094728,2.2,0,0,3.3,-3.8,-0.25,0,1/1/2019,0,Monday
8,1/16/2019,18261,764,16418,1079,18155,27,1,78,USW00094728,2.2,0,0,3.9,-1,1.45,0,1/1/2019,0,Wednesday
8,1/24/2019,16615,664,14994,957,16514,23,0,78,USW00094728,2.2,33.8,0,15,1.7,8.35,0,1/1/2019,0,Thursday
8,2/10/2019,17646,850,15708,1088,17603,10,2,31,USW00094728,2.2,0,0,1.7,-4.9,-1.6,0,2/1/2019,0,Sunday
8,2/26/2019,17977,751,16124,1102,17865,29,0,83,USW00094728,2.2,0,0,2.2,-3.8,-0.8,0,2/1/2019,0,Tuesday
8,2/9/2019,16104,1005,14150,949,16066,17,1,20,USW00094728,2.2,0,0,0,-4.9,-2.45,0,2/1/2019,0,Saturday
8,3/28/2019,18864,946,16784,1134,18752,27,2,83,USW00094728,0.7,0,0,11.7,2.8,7.25,0,3/1/2019,0,Thursday
8,3/16/2019,17427,1156,15187,1084,17384,13,0,30,USW00094728,4.5,0,0,14.4,2.8,8.6,0,3/1/2019,0,Saturday
8,3/24/2019,16332,1071,14184,1077,16293,10,1,28,USW00094728,2,0,0,15.6,3.3,9.45,0,3/1/2019,0,Sunday
8,4/28/2019,15324,1065,13258,1001,15276,11,2,35,USW00094728,1.7,0.3,0,11.7,7.2,9.45,0,4/1/2019,0,Sunday
8,4/16/2019,19516,935,17353,1228,19375,36,0,105,USW00094728,4.2,0,0,18.9,6.7,12.8,0,4/1/2019,0,Tuesday
8,4/24/2019,20776,1014,18449,1313,20664,33,1,78,USW00094728,2.6,0,0,20.6,12.8,16.7,0,4/1/2019,0,Wednesday
8,5/28/2019,19426,930,17279,1217,19329,40,1,56,USW00094728,1.9,4.3,0,21.7,16.7,19.2,0,5/1/2019,0,Tuesday
8,5/16/2019,19405,972,17208,1225,19284,28,1,92,USW00094728,1.2,3,0,22.8,11.1,16.95,0,5/1/2019,0,Thursday
8,5/24/2019,17133,1082,14890,1161,17044,28,0,61,USW00094728,3.4,0,0,22.8,16.1,19.45,0,5/1/2019,0,Friday
8,6/28/2019,18534,1387,15714,1433,18307,33,1,193,USW00094728,1.1,0,0,31.7,22.8,27.25,0,6/1/2019,0,Friday
8,6/16/2019,20819,1161,18155,1503,20761,24,2,32,USW00094728,2.3,1,0,26.7,18.3,22.5,0,6/1/2019,0,Sunday
8,6/24/2019,20358,1083,17744,1531,20246,31,2,79,USW00094728,0.8,0,0,28.9,19.4,24.15,0,6/1/2019,0,Monday
8,7/28/2019,20283,1364,17146,1773,20212,25,1,45,USW00094728,2.4,0.3,0,31.1,21.7,26.4,0,7/1/2019,0,Sunday
8,7/16/2019,19959,1012,17336,1611,19708,38,2,211,USW00094728,1.3,0,0,32.8,22.2,27.5,0,7/1/2019,0,Tuesday
8,7/24/2019,18758,1018,16355,1385,18513,34,1,210,USW00094728,1.3,0.5,0,28.3,19.4,23.85,0,7/1/2019,0,Wednesday
8,8/28/2019,18972,986,16632,1354,18877,26,0,69,USW00094728,1.7,2,0,23.3,19.4,21.35,0,8/1/2019,0,Wednesday
8,8/16/2019,19099,1366,16225,1508,18864,41,1,193,USW00094728,1.2,0,0,26.1,20,23.05,0,8/1/2019,0,Friday
8,8/24/2019,16185,1375,13549,1261,16117,20,2,46,USW00094728,2.3,0,0,24.4,17.8,21.1,0,8/1/2019,0,Saturday
8,9/28/2019,15647,1103,13314,1230,15579,18,1,49,USW00094728,1.3,0,0,27.8,18.3,23.05,0,9/1/2019,0,Saturday
8,9/16/2019,19436,899,17004,1533,19304,35,2,95,USW00094728,0.9,0,0,25,20,22.5,0,9/1/2019,0,Monday
8,9/24/2019,19078,806,16827,1445,18940,28,0,110,USW00094728,2.6,0,0,24.4,17.2,20.8,0,9/1/2019,0,Tuesday
8,10/28/2019,20132,866,17792,1474,20009,28,2,93,USW00094728,1.6,0,0,17.2,12.8,15,0,10/1/2019,0,Monday
8,10/16/2019,18065,790,16065,1210,17971,18,1,75,USW00094728,2.9,46.5,0,18.9,11.1,15,0,10/1/2019,0,Wednesday
8,10/24/2019,21000,938,18611,1451,20880,28,0,92,USW00094728,1.4,0,0,19.4,10,14.7,0,10/1/2019,0,Thursday
8,11/28/2019,19274,1155,16731,1388,19238,12,0,24,USW00094728,5.1,0,0,11.7,2.8,7.25,0,11/1/2019,0,Thursday
8,11/16/2019,18247,1039,15948,1260,18183,16,0,48,USW00094728,4.6,0,0,5.6,-0.5,2.55,0,11/1/2019,0,Saturday
8,11/24/2019,16322,797,14245,1280,16276,14,0,32,USW00094728,3.6,22.9,0,7.8,4.4,6.1,0,11/1/2019,0,Sunday
8,12/28/2019,19222,1287,16566,1369,19169,11,1,41,USW00094728,1.8,0,0,10.6,6.1,8.35,0,12/1/2019,0,Saturday
8,12/16/2019,18909,753,16759,1397,18795,25,0,89,USW00094728,1.7,2.5,0,2.8,0.6,1.7,0,12/1/2019,0,Monday
8,12/24/2019,17907,975,15607,1325,17859,17,1,30,USW00094728,2.6,0,0,8.3,2.2,5.25,0,12/1/2019,0,Tuesday
8,1/28/2020,18336,739,16401,1196,18217,30,2,87,USW00094728,3.8,0,0,6.1,2.8,4.45,0,1/1/2020,0,Tuesday
8,1/16/2020,18025,677,16071,1277,17917,33,1,74,USW00094728,4.6,2.8,0,9.4,0.6,5,0,1/1/2020,0,Thursday
8,1/24/2020,18439,935,16214,1290,18333,25,1,80,USW00094728,2.2,0,0,10.6,2.8,6.7,0,1/1/2020,0,Friday
8,2/28/2020,17629,0,15555,2074,17504,33,1,91,USW00094728,4.4,0,0,5.6,-1.6,2,0,2/1/2020,0,Friday
8,2/17/2020,19539,0,17266,2273,19486,19,1,33,USW00094728,2.3,0,0,10.6,3.3,6.95,0,2/1/2020,0,Monday
8,2/13/2020,18400,0,16379,2021,18295,29,1,75,USW00094728,1.9,9.9,0,6.7,2.8,4.75,0,2/1/2020,0,Thursday
8,3/28/2020,4924,0,4231,693,4918,5,0,1,USW00094728,3.3,11.4,0,12.2,6.7,9.45,0,3/1/2020,0,Saturday
8,3/16/2020,14179,0,12557,1622,14144,18,0,17,USW00094728,4,0,0,7.2,0.6,3.9,0,3/1/2020,0,Monday
8,3/24/2020,7834,0,6919,915,7814,10,3,7,USW00094728,3,0,0,12.8,2.2,7.5,0,3/1/2020,0,Tuesday
8,4/28/2020,10062,0,8626,1436,10036,14,1,11,USW00094728,1.7,0,0,19.4,5,12.2,0,4/1/2020,0,Tuesday
8,4/16/2020,6692,0,5785,907,6674,11,2,5,USW00094728,4.1,0,0,10,3.3,6.65,0,4/1/2020,0,Thursday
8,4/24/2020,7262,0,6265,997,7245,12,1,4,USW00094728,3.2,12.2,0,9.4,5.6,7.5,0,4/1/2020,0,Friday
8,5/28/2020,11772,0,10044,1728,11752,16,0,4,USW00094728,2.2,0,0,24.4,17.8,21.1,0,5/1/2020,0,Thursday
8,5/16/2020,11203,0,9278,1925,11191,7,0,5,USW00094728,1.7,0.3,0,25,15,20,0,5/1/2020,0,Saturday
8,5/24/2020,15727,0,13125,2602,15700,14,3,10,USW00094728,2.2,0,0,19.4,11.1,15.25,0,5/1/2020,0,Sunday
8,6/28/2020,17665,0,14473,3192,17646,9,1,9,USW00094728,1,2.8,0,32.2,21.1,26.65,0,6/1/2020,0,Sunday
8,6/16/2020,14739,0,12566,2173,14707,22,1,9,USW00094728,2.2,0,0,25.6,15.6,20.6,0,6/1/2020,0,Tuesday
8,6/24/2020,15961,0,13393,2568,15919,30,1,11,USW00094728,1.9,0,0,30,23.3,26.65,0,6/1/2020,0,Wednesday
8,7/28/2020,16226,0,13690,2536,16177,21,1,27,USW00094728,2.1,0,0,33.9,26.7,30.3,0,7/1/2020,0,Tuesday
8,7/16/2020,15004,0,12811,2193,14949,21,2,32,USW00094728,1.7,0,0,25.6,20.6,23.1,0,7/1/2020,0,Thursday
8,7/24/2020,14402,0,12134,2268,14338,27,0,37,USW00094728,1.4,4.8,0,26.7,22.2,24.45,0,7/1/2020,0,Friday
8,8/28/2020,16131,0,13412,2719,16095,19,0,17,USW00094728,1.6,0,0,29.4,21.7,25.55,0,8/1/2020,0,Friday
8,8/16/2020,17919,0,14835,3084,17896,18,0,5,USW00094728,3.5,5.3,0,22.2,19.4,20.8,0,8/1/2020,0,Sunday
8,8/24/2020,19193,0,16153,3040,19145,32,2,14,USW00094728,1.4,0,0,32.2,23.9,28.05,0,8/1/2020,0,Monday
8,9/28/2020,16302,0,13927,2375,16260,18,2,22,USW00094728,1.3,0.5,0,25,20.6,22.8,0,9/1/2020,0,Monday
8,9/16/2020,15792,0,13547,2245,15725,18,1,48,USW00094728,1.2,0,0,21.7,13.3,17.5,0,9/1/2020,0,Wednesday
8,9/24/2020,16158,0,13941,2217,16083,29,3,43,USW00094728,1.2,0,0,23.9,16.7,20.3,0,9/1/2020,0,Thursday
8,10/28/2020,16386,0,14135,2251,16291,26,4,65,USW00094728,1.2,2.8,0,13.9,11.1,12.5,0,10/1/2020,0,Wednesday
8,10/16/2020,14395,0,12213,2182,14311,24,4,56,USW00094728,2,34.5,0,18.9,8.3,13.6,0,10/1/2020,0,Friday
8,10/24/2020,16434,0,13710,2724,16413,9,1,11,USW00094728,2,0,0,20.6,8.9,14.75,0,10/1/2020,0,Saturday
8,11/28/2020,16290,0,13462,2828,16270,14,1,5,USW00094728,2.2,0,0,13.3,6.7,10,0,11/1/2020,0,Saturday
8,11/16/2020,14997,0,12839,2158,14911,26,1,59,USW00094728,3,0,0,12.8,6.7,9.75,0,11/1/2020,0,Monday
8,11/24/2020,17062,0,14505,2557,16969,31,2,60,USW00094728,2.6,0,0,8.9,5,6.95,0,11/1/2020,0,Tuesday
8,1/16/2021,12878,0,10648,2230,12861,7,1,9,USW00094728,3.8,19.8,0,8.3,2.8,5.55,0,1/1/2021,0,Saturday
8,1/24/2021,15319,0,12848,2471,15301,11,1,6,USW00094728,4.5,0,0,0,-5.5,-2.75,0,1/1/2021,0,Sunday
8,3/28/2021,11314,0,9508,1806,11297,11,4,2,USW00094728,3,19.3,0,15.6,8.9,12.25,0,3/1/2021,0,Sunday
8,4/24/2021,16995,0,14060,2935,16956,18,0,21,USW00094728,1.8,0,0,22.2,11.1,16.65,0,4/1/2021,0,Saturday
8,5/16/2021,18657,0,15540,3117,18630,20,1,6,USW00094728,0.9,0.3,0,23.9,15,19.45,0,5/1/2021,0,Sunday
8,7/24/2021,19582,0,15798,3784,19558,16,0,8,USW00094728,1.1,0,0,28.9,19.4,24.15,0,7/1/2021,0,Saturday
8,8/28/2021,16355,0,13441,2914,16326,22,1,6,USW00094728,3.1,0,0,26.7,20,23.35,0,8/1/2021,0,Saturday
8,10/16/2021,18362,0,15316,3046,18319,25,0,18,USW00094728,2.1,6.4,0,24.4,13.3,18.85,0,10/1/2021,0,Saturday
8,10/24/2021,19600,0,16545,3055,19566,19,0,15,USW00094728,1.4,0.8,0,15,8.3,11.65,0,10/1/2021,0,Sunday
8,11/28/2021,18861,0,15948,2913,18828,20,0,13,USW00094728,1,0,0,5,0.6,2.8,0,11/1/2021,0,Sunday
8,11/24/2021,18285,0,15519,2766,18210,24,0,51,USW00094728,2.1,0,0,7.2,-1,3.1,0,11/1/2021,0,Wednesday
8,12/28/2021,16086,0,13585,2501,16035,24,1,26,USW00094728,2.1,1.3,0,8.3,2.2,5.25,0,12/1/2021,0,Tuesday
8,1/16/2022,14796,0,12546,2250,14756,22,0,18,USW00094728,3.8,9.4,20,2.8,-12.1,-4.65,0,1/1/2022,0,Sunday
8,2/26/2022,17351,0,14454,2897,17302,24,2,23,USW00094728,3.2,0,0,2.8,-4.3,-0.75,0,2/1/2022,0,Saturday
8,4/16/2022,16603,0,13826,2777,16576,16,0,11,USW00094728,2.8,5.1,0,22.8,6.7,14.75,0,4/1/2022,0,Saturday
8,4/24/2022,16727,0,13916,2811,16704,16,0,7,USW00094728,2.4,0,0,17.2,8.9,13.05,0,4/1/2022,0,Sunday
8,5/28/2022,14754,0,12151,2603,14726,19,2,7,USW00094728,1.5,18.3,0,23.3,17.2,20.25,0,5/1/2022,0,Saturday
9,1/28/2013,45254,5911,37958,1385,44861,124,13,256,USW00094728,2.1,5.6,0,2.2,-1.7,0.25,0,1/1/2013,0,Monday
9,1/16/2013,46283,5898,39050,1335,45941,101,10,231,USW00094728,2.2,17.5,0,2.8,0,1.4,0,1/1/2013,0,Wednesday
9,1/24/2013,50904,6789,42606,1509,50516,112,13,263,USW00094728,3.8,0,0,-5.6,-11.1,-8.35,0,1/1/2013,0,Thursday
9,2/10/2013,35394,6133,28023,1238,35125,63,17,189,USW00094728,1.4,0,0,2.2,-7.8,-2.8,0,2/1/2013,0,Sunday
9,2/26/2013,51898,6878,43684,1336,51515,120,16,247,USW00094728,3.4,3.6,0,6.7,1.7,4.2,0,2/1/2013,0,Tuesday
9,2/9/2013,19071,3851,14504,716,18940,43,20,68,USW00094728,3.8,9.7,130,0,-6.1,-3.05,0,2/1/2013,0,Saturday
9,3/28/2013,64215,10187,52451,1577,63706,143,16,350,USW00094728,2.6,0,0,10.6,2.8,6.7,0,3/1/2013,0,Thursday
9,3/16/2013,52054,10763,39732,1559,51707,67,9,271,USW00094728,1.7,3,8,5,0,2.5,0,3/1/2013,0,Saturday
9,3/24/2013,50710,9275,39551,1884,50398,52,11,249,USW00094728,2.3,0,0,8.3,0.6,4.45,0,3/1/2013,0,Sunday
9,4/28/2013,52611,9920,41275,1416,52238,67,13,293,USW00094728,2,0,0,20.6,10.6,15.6,0,4/1/2013,0,Sunday
9,4/16/2013,58468,7837,48995,1636,58012,121,31,304,USW00094728,2.9,0,0,17.2,8.3,12.75,0,4/1/2013,0,Tuesday
9,4/24/2013,58474,8154,48856,1464,57980,154,19,321,USW00094728,2.2,0,0,20.6,6.7,13.65,0,4/1/2013,0,Wednesday
9,5/28/2013,58455,7840,48788,1827,57985,140,20,310,USW00094728,1.2,13.2,0,20,13.3,16.65,0,5/1/2013,0,Tuesday
9,5/16/2013,55131,8148,45560,1423,54686,137,12,296,USW00094728,1.6,0,0,26.1,16.7,21.4,0,5/1/2013,0,Thursday
9,5/24/2013,59011,10185,47157,1669,58441,148,22,400,USW00094728,2.4,7.6,0,18.3,7.2,12.75,0,5/1/2013,0,Friday
9,6/28/2013,62426,10127,50045,2254,61923,141,24,338,USW00094728,2.3,0,0,29.4,22.8,26.1,0,6/1/2013,0,Friday
9,6/16/2013,60271,10820,47072,2379,59958,48,6,259,USW00094728,1.7,0,0,26.7,18.3,22.5,0,6/1/2013,0,Sunday
9,6/24/2013,60602,8484,49928,2190,60068,137,20,377,USW00094728,1.9,0,0,33.3,23.3,28.3,0,6/1/2013,0,Monday
9,7/28/2013,62341,11102,48623,2616,61971,58,19,293,USW00094728,0.9,6.1,0,25.6,21.1,23.35,0,7/1/2013,0,Sunday
9,7/16/2013,56122,8532,46068,1522,55693,123,18,288,USW00094728,2.1,0,0,34.4,25,29.7,0,7/1/2013,0,Tuesday
9,7/24/2013,55445,7871,46065,1509,54914,142,18,371,USW00094728,2,0,0,28.3,20,24.15,0,7/1/2013,0,Wednesday
9,8/28/2013,60177,8459,50032,1686,59681,162,18,316,USW00094728,1.2,10.9,0,30,21.7,25.85,0,8/1/2013,0,Wednesday
9,8/16/2013,64732,11750,51117,1865,64124,155,23,430,USW00094728,0.9,0,0,27.8,17.8,22.8,0,8/1/2013,0,Friday
9,8/24/2013,64724,13935,48456,2333,64141,124,36,423,USW00094728,2.2,0,0,26.7,18.3,22.5,0,8/1/2013,0,Saturday
9,9/28/2013,66155,13376,50592,2187,65535,100,19,501,USW00094728,2,0,0,22.8,13.3,18.05,0,9/1/2013,0,Saturday
9,9/16/2013,56873,7604,47410,1859,56401,133,29,310,USW00094728,2.1,0.8,0,22.8,13.3,18.05,0,9/1/2013,0,Monday
9,9/24/2013,60250,8354,50338,1558,59728,171,15,336,USW00094728,1.8,0,0,22.8,8.3,15.55,0,9/1/2013,0,Tuesday
9,10/28/2013,54421,7065,45535,1821,53975,123,19,304,USW00094728,2,0,0,16.1,6.1,11.1,0,10/1/2013,0,Monday
9,10/16/2013,60198,8289,50348,1561,59661,138,20,379,USW00094728,1.4,0,0,19.4,13.3,16.35,0,10/1/2013,0,Wednesday
9,10/24/2013,53745,7261,45178,1306,53276,122,13,334,USW00094728,3,0,0,12.2,5,8.6,0,10/1/2013,0,Thursday
9,11/28/2013,58713,10874,45507,2332,58471,39,5,198,USW00094728,3.2,0,0,1.7,-1,0.35,0,11/1/2013,0,Thursday
9,11/16/2013,61608,12229,47519,1860,61137,100,21,350,USW00094728,1.2,1.3,0,15.6,7.2,11.4,0,11/1/2013,0,Saturday
9,11/24/2013,48647,7936,38853,1858,48318,68,7,254,USW00094728,5.4,0,0,-1,-4.9,-2.95,0,11/1/2013,0,Sunday
9,12/28/2013,58129,10985,44775,2369,57751,90,9,279,USW00094728,3.2,0,0,12.8,2.2,7.5,0,12/1/2013,0,Saturday
9,12/16/2013,53968,6870,45210,1888,53534,146,20,268,USW00094728,3.5,0,0,0.6,-3.8,-1.6,0,12/1/2013,0,Monday
9,12/24/2013,55250,9536,43535,2179,54950,87,12,201,USW00094728,3.7,0,0,5.6,-3.2,1.2,0,12/1/2013,0,Tuesday
9,1/28/2014,52123,6543,44072,1508,51709,135,20,259,USW00094728,2.7,0,0,-6,-11,-8.5,0,1/1/2014,0,Tuesday
9,1/16/2014,54394,6958,45779,1657,53966,144,15,269,USW00094728,1.8,0,0,5.6,2.2,3.9,0,1/1/2014,0,Thursday
9,1/24/2014,54490,7788,44902,1800,54020,131,22,317,USW00094728,3.6,0,0,-6.6,-12.1,-9.35,0,1/1/2014,0,Friday
9,2/10/2014,48791,6389,40782,1620,48412,116,13,250,USW00094728,3.2,0,0,-1.6,-6,-3.8,0,2/1/2014,0,Monday
9,2/26/2014,50673,6368,42853,1452,50242,130,15,286,USW00094728,2.4,0.8,5,-0.5,-6.6,-3.55,0,2/1/2014,0,Wednesday
9,2/9/2014,36029,6159,28822,1048,35777,31,5,216,USW00094728,1.6,2.5,30,-0.5,-6,-3.25,0,2/1/2014,0,Sunday
9,3/28/2014,53874,8386,44005,1483,53383,143,22,326,USW00094728,2.4,1,0,16.7,2.8,9.75,0,3/1/2014,0,Friday
9,3/16/2014,50108,9035,39088,1985,49747,59,8,294,USW00094728,3.4,0,0,5.6,-1,2.3,0,3/1/2014,0,Sunday
9,3/24/2014,52704,7029,44039,1636,52263,139,21,281,USW00094728,3,0,0,1.7,-6,-2.15,0,3/1/2014,0,Monday
9,4/28/2014,52899,7134,44024,1741,52454,121,25,299,USW00094728,1.9,0,0,19.4,7.2,13.3,0,4/1/2014,0,Monday
9,4/16/2014,57391,8137,47558,1696,56932,135,18,306,USW00094728,3.4,1.3,0,9.4,-0.5,4.45,0,4/1/2014,0,Wednesday
9,4/24/2014,55256,7237,46292,1727,54814,132,21,289,USW00094728,3.8,0,0,16.7,5.6,11.15,0,4/1/2014,0,Thursday
9,5/28/2014,55948,7282,46751,1915,55476,143,27,302,USW00094728,3.4,0,0,17.8,12.2,15,0,5/1/2014,0,Wednesday
9,5/16/2014,60154,8915,49127,2112,59527,159,20,448,USW00094728,2.9,39.1,0,20,14.4,17.2,0,5/1/2014,0,Friday
9,5/24/2014,49318,9849,37337,2132,48976,73,17,252,USW00094728,1.6,10.2,0,21.1,13.9,17.5,0,5/1/2014,0,Saturday
9,6/28/2014,59389,12031,44793,2565,58838,89,17,445,USW00094728,1.3,0,0,30.6,18.9,24.75,0,6/1/2014,0,Saturday
9,6/16/2014,58270,8381,47800,2089,57777,127,23,343,USW00094728,1.3,0,0,27.2,17.2,22.2,0,6/1/2014,0,Monday
9,6/24/2014,62129,8286,51564,2279,61618,153,29,329,USW00094728,2.2,0,0,27.2,20,23.6,0,6/1/2014,0,Tuesday
9,7/28/2014,57610,8420,46962,2228,57124,134,19,333,USW00094728,3.3,4.8,0,27.8,20,23.9,0,7/1/2014,0,Monday
9,7/16/2014,60890,9084,50061,1745,60284,157,41,408,USW00094728,1.7,0,0,27.2,20,23.6,0,7/1/2014,0,Wednesday
9,7/24/2014,69073,10691,56322,2060,68375,174,27,497,USW00094728,2.2,0,0,26.7,21.1,23.9,0,7/1/2014,0,Thursday
9,8/28/2014,61789,9099,50527,2163,61295,131,10,353,USW00094728,2.4,0,0,27.8,18.9,23.35,0,8/1/2014,0,Thursday
9,8/16/2014,60298,12750,45315,2233,59822,96,20,360,USW00094728,1.8,0,0,25.6,17.2,21.4,0,8/1/2014,0,Saturday
9,8/24/2014,66135,12008,51075,3052,65676,68,7,384,USW00094728,1.4,0,0,26.7,17.8,22.25,0,8/1/2014,0,Sunday
9,9/28/2014,57804,10382,45353,2069,57468,64,13,259,USW00094728,0.8,0,0,28.9,17.8,23.35,0,9/1/2014,0,Sunday
9,9/16/2014,55649,7233,46470,1946,55237,131,19,262,USW00094728,1,9.4,0,21.1,14.4,17.75,0,9/1/2014,0,Tuesday
9,9/24/2014,60726,7861,50923,1942,60293,139,16,278,USW00094728,2.5,0,0,21.7,14.4,18.05,0,9/1/2014,0,Wednesday
9,10/28/2014,57112,7947,47501,1664,56661,147,17,287,USW00094728,1.3,0,0,22.2,11.7,16.95,0,10/1/2014,0,Tuesday
9,10/16/2014,55058,8384,45061,1613,54610,135,21,292,USW00094728,1.8,28.2,0,21.7,16.1,18.9,0,10/1/2014,0,Thursday
9,10/24/2014,59698,9331,48258,2109,59184,125,16,373,USW00094728,2,0,0,17.2,10.6,13.9,0,10/1/2014,0,Friday
9,11/28/2014,51970,9867,39516,2587,51667,80,9,214,USW00094728,2.6,0,0,2.8,-1.6,0.6,0,11/1/2014,0,Friday
9,11/16/2014,54450,9397,42903,2150,54080,59,7,304,USW00094728,1.7,0.8,0,7.2,1.7,4.45,0,11/1/2014,0,Sunday
9,11/24/2014,59050,8164,48699,2187,58604,126,20,300,USW00094728,2.4,17.8,0,20.6,11.7,16.15,0,11/1/2014,0,Monday
9,12/28/2014,52838,9834,40759,2245,52559,44,6,229,USW00094728,2.6,2.5,0,12.2,6.1,9.15,0,12/1/2014,0,Sunday
9,12/16/2014,55207,7156,46135,1916,54760,169,14,264,USW00094728,1.7,5.1,0,9.4,3.3,6.35,0,12/1/2014,0,Tuesday
9,12/24/2014,57308,9747,45082,2479,56953,117,20,218,USW00094728,2.6,20.3,0,14.4,6.7,10.55,0,12/1/2014,0,Wednesday
9,1/28/2015,47175,5972,39507,1696,46774,116,12,273,USW00094728,3.4,0,0,1.1,-8.8,-3.85,0,1/1/2015,0,Wednesday
9,1/16/2015,52882,8309,42938,1635,52479,121,16,266,USW00094728,4.4,0,0,6.1,-6.6,-0.25,0,1/1/2015,0,Friday
9,1/24/2015,32013,5762,24738,1513,31772,54,17,170,USW00094728,2.7,18.3,91,3.9,0.6,2.25,0,1/1/2015,0,Saturday
9,2/10/2015,56216,7114,47335,1767,55719,157,17,323,USW00094728,4.7,0.3,3,4.4,-3.2,0.6,0,2/1/2015,0,Tuesday
9,2/26/2015,56423,7341,47391,1691,55953,141,19,310,USW00094728,3.2,0,0,0,-6,-3,0,2/1/2015,0,Thursday
9,2/9/2015,40969,5331,34091,1547,40674,87,13,195,USW00094728,4.9,2.3,0,-1.6,-3.8,-2.7,0,2/1/2015,0,Monday
9,3/28/2015,51566,9410,40103,2053,51245,71,9,241,USW00094728,3.4,0,0,4.4,-3.2,0.6,0,3/1/2015,0,Saturday
9,3/16/2015,53371,7570,43949,1852,52943,128,18,282,USW00094728,1.7,0,0,11.1,1.7,6.4,0,3/1/2015,0,Monday
9,3/24/2015,59603,7615,50122,1866,59079,165,22,337,USW00094728,1.8,0,0,7.2,-3.2,2,0,3/1/2015,0,Tuesday
9,4/28/2015,55098,7314,45987,1797,54644,147,12,295,USW00094728,3.5,0,0,21.7,10,15.85,0,4/1/2015,0,Tuesday
9,4/16/2015,61174,7745,51297,2132,60658,154,21,341,USW00094728,2.9,0,0,17.8,11.1,14.45,0,4/1/2015,0,Thursday
9,4/24/2015,60832,9285,49255,2292,60254,158,15,405,USW00094728,3.8,0,0,11.1,3.9,7.5,0,4/1/2015,0,Friday
9,5/28/2015,66268,9120,54867,2281,65618,158,16,476,USW00094728,1.8,0,0,29.4,21.1,25.25,0,5/1/2015,0,Thursday
9,5/16/2015,56088,11458,42710,1921,55712,92,12,272,USW00094728,0.9,7.6,0,23.9,13.9,18.9,0,5/1/2015,0,Saturday
9,5/24/2015,52945,10404,39608,2933,52653,60,8,224,USW00094728,1.7,0,0,27.2,13.3,20.25,0,5/1/2015,0,Sunday
9,6/28/2015,62099,11288,47744,3067,61654,76,10,359,USW00094728,2.4,7.4,0,22.8,16.7,19.75,0,6/1/2015,0,Sunday
9,6/16/2015,60043,8381,49752,1910,59488,169,20,366,USW00094728,1,6.9,0,26.1,18.3,22.2,0,6/1/2015,0,Tuesday
9,6/24/2015,65998,9619,54240,2139,65326,157,20,495,USW00094728,2.1,0,0,28.9,20,24.45,0,6/1/2015,0,Wednesday
9,7/28/2015,55611,8364,45151,2096,55083,142,23,363,USW00094728,1.2,0,0,35,23.9,29.45,0,7/1/2015,0,Tuesday
9,7/16/2015,63951,9428,52074,2449,63365,172,15,399,USW00094728,2.5,0,0,26.7,17.8,22.25,0,7/1/2015,0,Thursday
9,7/24/2015,62772,10345,49354,3073,62173,165,17,417,USW00094728,0.9,0,0,30.6,21.1,25.85,0,7/1/2015,0,Friday
9,8/28/2015,62244,9690,49924,2630,61753,170,21,300,USW00094728,1.1,0,0,27.8,17.2,22.5,0,8/1/2015,0,Friday
9,8/16/2015,62240,11222,47700,3318,61864,72,11,293,USW00094728,0.7,0,0,33.9,24.4,29.15,0,8/1/2015,0,Sunday
9,8/24/2015,59816,8469,48765,2582,59370,148,12,286,USW00094728,1.1,0,0,30.6,22.8,26.7,0,8/1/2015,0,Monday
9,9/28/2015,50236,6775,41330,2131,49777,144,23,292,USW00094728,1.5,0,0,25.6,18.3,21.95,0,9/1/2015,0,Monday
9,9/16/2015,62056,7647,51939,2470,61504,188,21,343,USW00094728,0.6,0,0,31.1,18.9,25,0,9/1/2015,0,Wednesday
9,9/24/2015,58054,7546,48228,2280,57538,157,17,342,USW00094728,1.9,0,0,27.8,15.6,21.7,0,9/1/2015,0,Thursday
9,10/28/2015,50343,6362,42189,1792,49892,130,12,309,USW00094728,3,35.6,0,20.6,11.7,16.15,0,10/1/2015,0,Wednesday
9,10/16/2015,66142,9733,53529,2880,65508,173,27,434,USW00094728,2.4,0,0,17.8,11.7,14.75,0,10/1/2015,0,Friday
9,10/24/2015,50070,9839,38392,1839,49725,65,11,269,USW00094728,1.8,0,0,13.9,4.4,9.15,0,10/1/2015,0,Saturday
9,11/28/2015,58416,10591,44999,2826,58082,79,14,241,USW00094728,2.2,0.5,0,17.8,7.2,12.5,0,11/1/2015,0,Saturday
9,11/16/2015,55959,7273,46556,2130,55483,146,21,309,USW00094728,1.8,0,0,19.4,10.6,15,0,11/1/2015,0,Monday
9,11/24/2015,72367,9397,60356,2614,71801,156,28,382,USW00094728,1.7,0,0,7.8,0,3.9,0,11/1/2015,0,Tuesday
9,12/28/2015,58763,9110,47124,2529,58347,132,27,257,USW00094728,3.7,0.8,0,7.8,1.1,4.45,0,12/1/2015,0,Monday
9,12/16/2015,59907,7305,50436,2166,59435,167,20,285,USW00094728,2.4,1,0,11.7,7.8,9.75,0,12/1/2015,0,Wednesday
9,12/24/2015,59557,10486,45927,3144,59200,116,25,216,USW00094728,2,0.3,0,22.2,17.2,19.7,0,12/1/2015,0,Thursday
9,1/28/2016,53238,6290,45003,1945,52814,131,29,264,USW00094728,2,0,0,5.6,0,2.8,0,1/1/2016,0,Thursday
9,1/16/2016,45464,8271,34956,2237,45223,66,8,167,USW00094728,3,6.1,0,11.1,5.6,8.35,0,1/1/2016,0,Saturday
9,1/24/2016,15651,2425,12538,688,15516,33,14,88,USW00094728,2.6,0,0,1.7,-6.6,-2.45,0,1/1/2016,0,Sunday
9,2/28/2016,47247,9152,36505,1590,46913,58,18,258,USW00094728,3.3,0,0,15.6,3.3,9.45,0,2/1/2016,0,Sunday
9,2/17/2016,56204,7165,47068,1971,55722,151,24,307,USW00094728,3.3,0,0,3.9,1.7,2.8,0,2/1/2016,0,Wednesday
9,2/13/2016,40793,8402,30878,1513,40557,47,13,176,USW00094728,5.5,0,0,-5.5,-14.3,-9.9,0,2/1/2016,0,Saturday
9,3/28/2016,57359,7586,47358,2415,56920,146,23,270,USW00094728,4.5,9.7,0,16.7,5.6,11.15,0,3/1/2016,0,Monday
9,3/16/2016,57444,7219,48184,2041,56955,140,16,333,USW00094728,1.6,0.5,0,18.3,8.9,13.6,0,3/1/2016,0,Wednesday
9,3/24/2016,63573,8643,52449,2481,63074,143,26,330,USW00094728,4.1,0,0,12.8,6.7,9.75,0,3/1/2016,0,Thursday
9,4/28/2016,55617,7442,46439,1736,55111,129,27,350,USW00094728,2.1,0,0,15,8.9,11.95,0,4/1/2016,0,Thursday
9,4/16/2016,55845,10509,43021,2315,55455,82,23,285,USW00094728,2.2,0,0,20,6.1,13.05,0,4/1/2016,0,Saturday
9,4/24/2016,55945,10140,43024,2781,55596,72,23,254,USW00094728,2.6,0,0,20,8.3,14.15,0,4/1/2016,0,Sunday
9,5/28/2016,55992,11209,41521,3262,55605,84,22,281,USW00094728,2,0,0,33.3,21.7,27.5,0,5/1/2016,0,Saturday
9,5/16/2016,59003,7699,48878,2426,58487,162,20,334,USW00094728,2.2,0,0,18.9,6.1,12.5,0,5/1/2016,0,Monday
9,5/24/2016,54692,6839,45853,2000,54181,145,21,345,USW00094728,0.9,4.6,0,22.8,14.4,18.6,0,5/1/2016,0,Tuesday
9,6/28/2016,59465,7769,49168,2528,58974,141,16,334,USW00094728,1.6,3,0,24.4,20,22.2,0,6/1/2016,0,Tuesday
9,6/16/2016,56343,7468,47005,1870,55868,139,14,322,USW00094728,0.8,5.6,0,23.3,18.3,20.8,0,6/1/2016,0,Thursday
9,6/24/2016,62227,9965,49974,2288,61676,135,20,396,USW00094728,2.8,0,0,28.9,19.4,24.15,0,6/1/2016,0,Friday
9,7/28/2016,66869,9163,54639,3067,66216,207,24,422,USW00094728,1.4,0,0,35,23.9,29.45,0,7/1/2016,0,Thursday
9,7/16/2016,50510,10863,37422,2225,50162,68,23,257,USW00094728,1.9,0,0,32.2,23.9,28.05,0,7/1/2016,0,Saturday
9,7/24/2016,58542,11336,44796,2410,58167,66,15,294,USW00094728,1.8,0,0,34.4,23.9,29.15,0,7/1/2016,0,Sunday
9,8/28/2016,59871,10855,46337,2679,59502,65,9,295,USW00094728,1.1,0,0,31.7,22.2,26.95,0,8/1/2016,0,Sunday
9,8/16/2016,57762,8117,47562,2083,57254,145,16,347,USW00094728,1.8,2.8,0,30.6,25.6,28.1,0,8/1/2016,0,Tuesday
9,8/24/2016,52547,7539,43123,1885,52155,109,21,262,USW00094728,2.2,0,0,31.1,20,25.55,0,8/1/2016,0,Wednesday
9,9/28/2016,58743,7166,49235,2342,58193,173,14,363,USW00094728,3.6,0,0,20.6,13.3,16.95,0,9/1/2016,0,Wednesday
9,9/16/2016,60894,9126,49400,2368,60354,157,20,363,USW00094728,1.2,0,0,22.8,16.1,19.45,0,9/1/2016,0,Friday
9,9/24/2016,58057,10167,44739,3151,57589,93,19,356,USW00094728,2.3,5.1,0,21.7,14.4,18.05,0,9/1/2016,0,Saturday
9,10/28/2016,62760,9106,50812,2842,62133,174,24,429,USW00094728,3.7,0,0,10.6,5.6,8.1,0,10/1/2016,0,Friday
9,10/16/2016,59818,9982,46811,3025,59436,75,13,294,USW00094728,1.8,0,0,20.6,11.7,16.15,0,10/1/2016,0,Sunday
9,10/24/2016,53496,7052,43939,2505,53091,129,11,265,USW00094728,2.7,0,0,16.7,8.3,12.5,0,10/1/2016,0,Monday
9,11/28/2016,59746,7537,48906,3303,59264,133,18,331,USW00094728,1.5,0,0,11.1,3.3,7.2,0,11/1/2016,0,Monday
9,11/16/2016,61293,7675,51189,2429,60765,184,10,334,USW00094728,1.8,0,0,16.1,7.2,11.65,0,11/1/2016,0,Wednesday
9,11/24/2016,60716,10586,46429,3701,60476,48,11,181,USW00094728,2,0.8,0,8.9,3.3,6.1,0,11/1/2016,0,Thursday
9,12/28/2016,63156,9382,50871,2903,62695,142,15,304,USW00094728,2.3,0,0,4.4,1.1,2.75,0,12/1/2016,0,Wednesday
9,12/16/2016,63791,8783,51976,3032,63248,160,23,360,USW00094728,2.7,0,0,-2.7,-8.2,-5.45,0,12/1/2016,0,Friday
9,12/24/2016,51910,10043,38570,3297,51670,68,19,153,USW00094728,2.2,11.9,0,8.3,3.3,5.8,0,12/1/2016,0,Saturday
9,1/28/2017,50688,8885,38917,2886,50389,97,12,190,USW00094728,3.5,0,0,3.9,1.1,2.5,0,1/1/2017,0,Saturday
9,1/16/2017,56953,7982,46577,2394,56582,135,21,215,USW00094728,2.1,0,0,6.1,-1,2.55,0,1/1/2017,0,Monday
9,1/24/2017,49317,5780,41337,2200,48954,122,10,231,USW00094728,4.5,30,0,3.3,1.7,2.5,0,1/1/2017,0,Tuesday
9,2/10/2017,53788,7219,43602,2967,53303,151,16,318,USW00094728,3.8,0,0,0,-7.1,-3.55,0,2/1/2017,0,Friday
9,2/26/2017,47797,8703,37334,1760,47488,53,4,252,USW00094728,4,0,0,6.7,2.2,4.45,0,2/1/2017,0,Sunday
9,2/9/2017,18372,2014,15022,1336,18181,71,19,101,USW00094728,5.5,29.5,239,6.7,-7.1,-0.2,0,2/1/2017,0,Thursday
9,3/28/2017,59581,6527,49123,3931,59083,177,16,305,USW00094728,2.6,18.3,0,7.8,5,6.4,0,3/1/2017,0,Tuesday
9,3/16/2017,62602,7603,51866,3133,62028,189,16,369,USW00094728,3.5,0,0,3.9,-4.3,-0.2,0,3/1/2017,0,Thursday
9,3/24/2017,59517,8332,48894,2291,59011,142,15,349,USW00094728,2.8,0,0,13.9,2.2,8.05,0,3/1/2017,0,Friday
9,4/28/2017,61146,8779,48983,3384,60570,153,18,405,USW00094728,1.4,0,0,29.4,14.4,21.9,0,4/1/2017,0,Friday
9,4/16/2017,64947,11037,50012,3898,64665,64,14,204,USW00094728,3.3,0,0,30.6,15,22.8,0,4/1/2017,0,Sunday
9,4/24/2017,55524,6926,45572,3026,55076,126,14,308,USW00094728,1.6,0,0,15.6,8.9,12.25,0,4/1/2017,0,Monday
9,5/28/2017,57876,10201,44218,3457,57549,63,12,252,USW00094728,2,0,0,21.7,14.4,18.05,0,5/1/2017,0,Sunday
9,5/16/2017,56367,7200,46790,2377,55844,152,13,358,USW00094728,1.9,0,0,26.1,13.3,19.7,0,5/1/2017,0,Tuesday
9,5/24/2017,63342,7624,52789,2929,62703,173,19,447,USW00094728,2.2,1,0,20.6,13.3,16.95,0,5/1/2017,0,Wednesday
9,6/28/2017,71927,8680,59777,3470,71291,201,12,423,USW00094728,2.2,0,0,25.6,16.1,20.85,0,6/1/2017,0,Wednesday
9,6/16/2017,64105,8896,52031,3178,63495,176,13,421,USW00094728,2.3,0,0,20,17.2,18.6,0,6/1/2017,0,Friday
9,6/24/2017,64789,10971,49461,4357,64340,104,10,335,USW00094728,2.4,32.8,0,28.9,21.7,25.3,0,6/1/2017,0,Saturday
9,7/28/2017,64435,9518,51504,3413,63804,189,10,432,USW00094728,1.3,0,0,29.4,21.7,25.55,0,7/1/2017,0,Friday
9,7/16/2017,65598,9441,51547,4610,65215,95,12,276,USW00094728,1.2,0,0,30.6,20,25.3,0,7/1/2017,0,Sunday
9,7/24/2017,59396,7140,48820,3436,58859,142,11,384,USW00094728,3,18.8,0,22.8,17.2,20,0,7/1/2017,0,Monday
9,8/28/2017,65196,7668,53831,3697,64753,173,13,257,USW00094728,2.8,0,0,24.4,17.2,20.8,0,8/1/2017,0,Monday
9,8/16/2017,62521,7667,51647,3207,61955,178,17,371,USW00094728,1,0,0,30.6,21.1,25.85,0,8/1/2017,0,Wednesday
9,8/24/2017,61544,7952,50577,3015,61095,147,16,286,USW00094728,1.4,0,0,26.7,18.3,22.5,0,8/1/2017,0,Thursday
9,9/28/2017,63838,6684,53631,3523,63263,182,21,372,USW00094728,2.6,0,0,26.1,15,20.55,0,9/1/2017,0,Thursday
9,9/16/2017,53812,8816,41918,3078,53419,101,7,285,USW00094728,1.3,0,0,27.8,21.1,24.45,0,9/1/2017,0,Saturday
9,9/24/2017,62470,8383,49991,4096,62045,89,10,326,USW00094728,0.7,0,0,32.8,20.6,26.7,0,9/1/2017,0,Sunday
9,10/28/2017,51512,8254,39894,3364,51148,86,6,272,USW00094728,2.2,0,0,20.6,12.8,16.7,0,10/1/2017,0,Saturday
9,10/16/2017,58485,6314,48722,3449,58023,157,9,296,USW00094728,3,0.3,0,20.6,7.8,14.2,0,10/1/2017,0,Monday
9,10/24/2017,50304,5125,42662,2517,49865,128,15,296,USW00094728,2.5,5.1,0,23.3,19.4,21.35,0,10/1/2017,0,Tuesday
9,11/28/2017,52772,5252,44324,3196,52319,159,14,280,USW00094728,2,0,0,12.2,2.2,7.2,0,11/1/2017,0,Tuesday
9,11/16/2017,57234,5992,48073,3169,56710,160,9,355,USW00094728,2.9,5.1,0,13.9,6.1,10,0,11/1/2017,0,Thursday
9,11/24/2017,55305,8283,42409,4613,54997,94,13,201,USW00094728,1.7,0,0,10,1.7,5.85,0,11/1/2017,0,Friday
9,12/28/2017,61043,7392,49739,3912,60571,182,15,275,USW00094728,3.6,0,0,-7.7,-11.6,-9.65,0,12/1/2017,0,Thursday
9,12/16/2017,58866,8017,46796,4053,58486,104,5,271,USW00094728,3,0,0,3.9,-4.9,-0.5,0,12/1/2017,0,Saturday
9,12/24/2017,50923,7456,39588,3879,50684,74,4,161,USW00094728,3.5,0.3,0,5,2.2,3.6,0,12/1/2017,0,Sunday
9,1/28/2018,48336,6362,39132,2842,48007,80,10,239,USW00094728,1.7,5.3,0,12.8,7.8,10.3,0,1/1/2018,0,Sunday
9,1/16/2018,53096,5164,44822,3110,52668,151,12,265,USW00094728,1.8,0,0,2.2,-3.8,-0.8,0,1/1/2018,0,Tuesday
9,1/24/2018,51166,5019,43382,2765,50679,199,11,277,USW00094728,4.2,0,0,6.7,-2.7,2,0,1/1/2018,0,Wednesday
9,2/10/2018,48094,6656,38259,3179,47772,79,10,233,USW00094728,1,14.7,0,10,3.9,6.95,0,2/1/2018,0,Saturday
9,2/26/2018,54423,5495,45660,3268,53951,168,17,287,USW00094728,2,0,0,11.1,6.1,8.6,0,2/1/2018,0,Monday
9,2/9/2018,57322,6467,47329,3527,56771,193,15,343,USW00094728,2.2,0,0,3.9,-3.2,0.35,0,2/1/2018,0,Friday
9,3/28/2018,60045,5967,50678,3400,59503,193,15,334,USW00094728,1.8,0.8,0,11.1,3.3,7.2,0,3/1/2018,0,Wednesday
9,3/16/2018,60819,6790,50508,3521,60207,203,7,402,USW00094728,4.4,0,0,4.4,-1,1.7,0,3/1/2018,0,Friday
9,3/24/2018,53535,8090,42063,3382,53171,82,14,268,USW00094728,2.7,0,0,10.6,1.7,6.15,0,3/1/2018,0,Saturday
9,4/28/2018,59018,8156,46830,4032,58575,97,14,332,USW00094728,1.5,2.5,0,20,10,15,0,4/1/2018,0,Saturday
9,4/16/2018,53257,5409,44641,3207,52785,138,17,317,USW00094728,5.1,71.6,0,15.6,3.9,9.75,0,4/1/2018,0,Monday
9,4/24/2018,58664,5462,49761,3441,58102,189,17,356,USW00094728,1.9,1.3,0,18.9,7.8,13.35,0,4/1/2018,0,Tuesday
9,5/28/2018,59567,7962,47420,4185,59211,83,12,261,USW00094728,0.8,0,0,20.6,13.3,16.95,0,5/1/2018,0,Monday
9,5/16/2018,56670,5382,47969,3319,56099,211,20,340,USW00094728,1.1,8.6,0,17.8,13.3,15.55,0,5/1/2018,0,Wednesday
9,5/24/2018,59288,5997,49859,3433,58644,183,13,448,USW00094728,1.3,0,0,28.3,17.2,22.75,0,5/1/2018,0,Thursday
9,6/28/2018,57517,6092,47836,3589,56977,193,11,336,USW00094728,1.3,34.5,0,28.3,21.1,24.7,0,6/1/2018,0,Thursday
9,6/16/2018,56792,8517,44524,3751,56454,81,15,242,USW00094728,1,0,0,29.4,17.8,23.6,0,6/1/2018,0,Saturday
9,6/24/2018,65040,7657,52209,5174,64574,116,14,336,USW00094728,1,0,0,28.9,18.9,23.9,0,6/1/2018,0,Sunday
9,7/28/2018,73772,10983,57957,4832,73206,153,14,399,USW00094728,0.5,0,0,29.4,21.1,25.25,0,7/1/2018,0,Saturday
9,7/16/2018,61445,6405,50159,4881,60822,210,22,391,USW00094728,1,0,0,32.2,23.9,28.05,0,7/1/2018,0,Monday
9,7/24/2018,58517,5637,48663,4217,57927,206,10,374,USW00094728,2.3,0.5,0,27.8,23.9,25.85,0,7/1/2018,0,Tuesday
9,8/28/2018,62752,5882,51947,4923,62179,233,40,300,USW00094728,1.7,0,0,34.4,26.1,30.25,0,8/1/2018,0,Tuesday
9,8/16/2018,64854,6107,53746,5001,64199,214,19,422,USW00094728,1.3,0,0,31.1,24.4,27.75,0,8/1/2018,0,Thursday
9,8/24/2018,71566,7902,57790,5874,70876,265,27,398,USW00094728,0.5,0,0,27.8,18.3,23.05,0,8/1/2018,0,Friday
9,9/28/2018,63848,6665,51934,5249,63203,210,19,416,USW00094728,1.7,19.6,0,18.3,13.3,15.8,0,9/1/2018,0,Friday
9,9/16/2018,60704,6754,49088,4862,60290,111,6,297,USW00094728,2.2,0,0,28.9,19.4,24.15,0,9/1/2018,0,Sunday
9,9/24/2018,53973,5144,44704,4125,53441,204,18,310,USW00094728,3.2,0,0,20.6,13.9,17.25,0,9/1/2018,0,Monday
9,10/28/2018,59720,6596,48311,4813,59314,95,10,301,USW00094728,2.2,1.8,0,11.1,7.2,9.15,0,10/1/2018,0,Sunday
9,10/16/2018,58618,5111,49155,4352,58040,202,18,358,USW00094728,2.2,0.3,0,15.6,8.3,11.95,0,10/1/2018,0,Tuesday
9,10/24/2018,60419,5264,50838,4317,59833,220,14,352,USW00094728,2.2,0,0,12.2,6.7,9.45,0,10/1/2018,0,Wednesday
9,11/28/2018,54808,4727,46434,3647,54269,205,10,324,USW00094728,2.2,0,0,5.6,2.2,3.9,0,11/1/2018,0,Wednesday
9,11/16/2018,54479,6107,44468,3904,53939,208,18,314,USW00094728,2.2,7.9,0,7.2,1.1,4.15,0,11/1/2018,0,Friday
9,11/24/2018,60938,7663,48700,4575,60541,104,9,284,USW00094728,2.2,24.6,0,9.4,-0.5,4.45,0,11/1/2018,0,Saturday
9,12/28/2018,59514,7332,47976,4206,59012,182,11,309,USW00094728,2.2,29.2,0,15.6,6.1,10.85,0,12/1/2018,0,Friday
9,12/16/2018,53112,6166,42771,4175,52773,102,15,222,USW00094728,2.2,36.3,0,7.8,1.7,4.75,0,12/1/2018,0,Sunday
9,12/24/2018,58727,7035,47084,4608,58371,132,10,214,USW00094728,2.2,3,0,6.1,2.2,4.15,0,12/1/2018,0,Monday
9,1/28/2019,55491,5051,46657,3783,55011,181,12,287,USW00094728,2.2,0,0,3.3,-3.8,-0.25,0,1/1/2019,0,Monday
9,1/16/2019,55327,4701,46902,3724,54757,220,10,340,USW00094728,2.2,0,0,3.9,-1,1.45,0,1/1/2019,0,Wednesday
9,1/24/2019,54901,4722,46483,3696,54401,198,15,287,USW00094728,2.2,33.8,0,15,1.7,8.35,0,1/1/2019,0,Thursday
9,2/10/2019,50366,5830,40719,3817,50021,81,11,253,USW00094728,2.2,0,0,1.7,-4.9,-1.6,0,2/1/2019,0,Sunday
9,2/26/2019,55414,4842,46726,3846,54885,197,14,318,USW00094728,2.2,0,0,2.2,-3.8,-0.8,0,2/1/2019,0,Tuesday
9,2/9/2019,50119,6279,39937,3903,49745,110,15,249,USW00094728,2.2,0,0,0,-4.9,-2.45,0,2/1/2019,0,Saturday
9,3/28/2019,63061,5546,53210,4305,62476,241,17,327,USW00094728,0.7,0,0,11.7,2.8,7.25,0,3/1/2019,0,Thursday
9,3/16/2019,54652,7862,43151,3639,54234,117,21,280,USW00094728,4.5,0,0,14.4,2.8,8.6,0,3/1/2019,0,Saturday
9,3/24/2019,58172,6825,46785,4562,57822,89,9,252,USW00094728,2,0,0,15.6,3.3,9.45,0,3/1/2019,0,Sunday
9,4/28/2019,51015,6597,40829,3589,50680,69,12,254,USW00094728,1.7,0.3,0,11.7,7.2,9.45,0,4/1/2019,0,Sunday
9,4/16/2019,55287,5132,46429,3726,54795,187,20,285,USW00094728,4.2,0,0,18.9,6.7,12.8,0,4/1/2019,0,Tuesday
9,4/24/2019,54732,5321,45730,3681,54232,184,13,303,USW00094728,2.6,0,0,20.6,12.8,16.7,0,4/1/2019,0,Wednesday
9,5/28/2019,59327,5264,49149,4914,58751,221,20,335,USW00094728,1.9,4.3,0,21.7,16.7,19.2,0,5/1/2019,0,Tuesday
9,5/16/2019,64009,6043,53325,4641,63393,229,23,364,USW00094728,1.2,3,0,22.8,11.1,16.95,0,5/1/2019,0,Thursday
9,5/24/2019,63309,7258,51257,4794,62674,212,17,406,USW00094728,3.4,0,0,22.8,16.1,19.45,0,5/1/2019,0,Friday
9,6/28/2019,74509,8092,59534,6883,73771,287,28,423,USW00094728,1.1,0,0,31.7,22.8,27.25,0,6/1/2019,0,Friday
9,6/16/2019,60909,7015,48432,5462,60585,80,20,224,USW00094728,2.3,1,0,26.7,18.3,22.5,0,6/1/2019,0,Sunday
9,6/24/2019,66595,6393,54347,5855,65971,231,24,369,USW00094728,0.8,0,0,28.9,19.4,24.15,0,6/1/2019,0,Monday
9,7/28/2019,61953,7579,48973,5401,61540,128,9,276,USW00094728,2.4,0.3,0,31.1,21.7,26.4,0,7/1/2019,0,Sunday
9,7/16/2019,68267,7358,55456,5453,67575,249,18,425,USW00094728,1.3,0,0,32.8,22.2,27.5,0,7/1/2019,0,Tuesday
9,7/24/2019,64598,5921,53169,5508,63943,234,16,405,USW00094728,1.3,0.5,0,28.3,19.4,23.85,0,7/1/2019,0,Wednesday
9,8/28/2019,62590,5534,51994,5062,62016,265,14,295,USW00094728,1.7,2,0,23.3,19.4,21.35,0,8/1/2019,0,Wednesday
9,8/16/2019,64220,7342,51257,5621,63575,236,24,385,USW00094728,1.2,0,0,26.1,20,23.05,0,8/1/2019,0,Friday
9,8/24/2019,68288,7833,53580,6875,67809,158,15,306,USW00094728,2.3,0,0,24.4,17.8,21.1,0,8/1/2019,0,Saturday
9,9/28/2019,71411,8001,57013,6397,70924,155,15,317,USW00094728,1.3,0,0,27.8,18.3,23.05,0,9/1/2019,0,Saturday
9,9/16/2019,52720,4528,43751,4441,52194,214,16,296,USW00094728,0.9,0,0,25,20,22.5,0,9/1/2019,0,Monday
9,9/24/2019,58490,4926,48505,5059,57929,225,22,314,USW00094728,2.6,0,0,24.4,17.2,20.8,0,9/1/2019,0,Tuesday
9,10/28/2019,55268,4788,45511,4969,54780,192,24,272,USW00094728,1.6,0,0,17.2,12.8,15,0,10/1/2019,0,Monday
9,10/16/2019,52896,4300,44750,3846,52394,190,11,301,USW00094728,2.9,46.5,0,18.9,11.1,15,0,10/1/2019,0,Wednesday
9,10/24/2019,60368,4762,50892,4714,59821,208,12,327,USW00094728,1.4,0,0,19.4,10,14.7,0,10/1/2019,0,Thursday
9,11/28/2019,63838,7380,50982,5476,63589,62,16,171,USW00094728,5.1,0,0,11.7,2.8,7.25,0,11/1/2019,0,Thursday
9,11/16/2019,39449,4842,31648,2959,39232,58,3,156,USW00094728,4.6,0,0,5.6,-0.5,2.55,0,11/1/2019,0,Saturday
9,11/24/2019,45907,5356,36828,3723,45625,65,9,208,USW00094728,3.6,22.9,0,7.8,4.4,6.1,0,11/1/2019,0,Sunday
9,12/28/2019,62833,7667,49527,5639,62499,92,10,232,USW00094728,1.8,0,0,10.6,6.1,8.35,0,12/1/2019,0,Saturday
9,12/16/2019,58908,4743,49051,5114,58382,200,22,304,USW00094728,1.7,2.5,0,2.8,0.6,1.7,0,12/1/2019,0,Monday
9,12/24/2019,61995,7087,49238,5670,61631,153,12,199,USW00094728,2.6,0,0,8.3,2.2,5.25,0,12/1/2019,0,Tuesday
9,1/28/2020,54283,4108,45687,4488,53761,201,19,302,USW00094728,3.8,0,0,6.1,2.8,4.45,0,1/1/2020,0,Tuesday
9,1/16/2020,57618,4485,48187,4946,57104,205,17,292,USW00094728,4.6,2.8,0,9.4,0.6,5,0,1/1/2020,0,Thursday
9,1/24/2020,56353,5396,46248,4709,55757,204,10,382,USW00094728,2.2,0,0,10.6,2.8,6.7,0,1/1/2020,0,Friday
9,2/28/2020,56367,5662,46239,4466,55865,168,16,318,USW00094728,4.4,0,0,5.6,-1.6,2,0,2/1/2020,0,Friday
9,2/17/2020,57817,5493,47188,5136,57393,146,24,254,USW00094728,2.3,0,0,10.6,3.3,6.95,0,2/1/2020,0,Monday
9,2/13/2020,54438,4445,45732,4261,53896,204,14,324,USW00094728,1.9,9.9,0,6.7,2.8,4.75,0,2/1/2020,0,Thursday
9,3/28/2020,15085,0,11178,3907,15018,43,4,20,USW00094728,3.3,11.4,0,12.2,6.7,9.45,0,3/1/2020,0,Saturday
9,3/16/2020,47606,4561,38564,4481,47225,184,18,179,USW00094728,4,0,0,7.2,0.6,3.9,0,3/1/2020,0,Monday
9,3/24/2020,25130,0,20579,4551,24944,111,15,60,USW00094728,3,0,0,12.8,2.2,7.5,0,3/1/2020,0,Tuesday
9,4/28/2020,27332,0,21720,5612,27083,124,18,107,USW00094728,1.7,0,0,19.4,5,12.2,0,4/1/2020,0,Tuesday
9,4/16/2020,22810,0,18022,4788,22594,108,14,94,USW00094728,4.1,0,0,10,3.3,6.65,0,4/1/2020,0,Thursday
9,4/24/2020,26931,0,21239,5692,26680,129,16,106,USW00094728,3.2,12.2,0,9.4,5.6,7.5,0,4/1/2020,0,Friday
9,5/28/2020,38470,0,30580,7890,38171,148,12,139,USW00094728,2.2,0,0,24.4,17.8,21.1,0,5/1/2020,0,Thursday
9,5/16/2020,35247,0,26041,9206,35052,76,13,106,USW00094728,1.7,0.3,0,25,15,20,0,5/1/2020,0,Saturday
9,5/24/2020,35006,0,26192,8814,34837,55,9,105,USW00094728,2.2,0,0,19.4,11.1,15.25,0,5/1/2020,0,Sunday
9,6/28/2020,51004,0,38204,12800,50772,83,13,136,USW00094728,1,2.8,0,32.2,21.1,26.65,0,6/1/2020,0,Sunday
9,6/16/2020,41584,0,33141,8443,41238,180,13,153,USW00094728,2.2,0,0,25.6,15.6,20.6,0,6/1/2020,0,Tuesday
9,6/24/2020,45692,0,36614,9078,45324,193,13,162,USW00094728,1.9,0,0,30,23.3,26.65,0,6/1/2020,0,Wednesday
9,7/28/2020,50053,0,40060,9993,49676,211,19,147,USW00094728,2.1,0,0,33.9,26.7,30.3,0,7/1/2020,0,Tuesday
9,7/16/2020,60504,0,47416,13088,60063,253,19,169,USW00094728,1.7,0,0,25.6,20.6,23.1,0,7/1/2020,0,Thursday
9,7/24/2020,60929,0,46831,14098,60546,199,29,155,USW00094728,1.4,4.8,0,26.7,22.2,24.45,0,7/1/2020,0,Friday
9,8/28/2020,64491,0,50133,14358,64033,225,21,212,USW00094728,1.6,0,0,29.4,21.7,25.55,0,8/1/2020,0,Friday
9,8/16/2020,53382,0,40497,12885,53151,103,14,114,USW00094728,3.5,5.3,0,22.2,19.4,20.8,0,8/1/2020,0,Sunday
9,8/24/2020,52649,0,41306,11343,52292,182,25,150,USW00094728,1.4,0,0,32.2,23.9,28.05,0,8/1/2020,0,Monday
9,9/28/2020,55832,0,44232,11600,55465,203,17,147,USW00094728,1.3,0.5,0,25,20.6,22.8,0,9/1/2020,0,Monday
9,9/16/2020,57338,0,45855,11483,56938,185,21,194,USW00094728,1.2,0,0,21.7,13.3,17.5,0,9/1/2020,0,Wednesday
9,9/24/2020,51904,0,41585,10319,51484,202,27,191,USW00094728,1.2,0,0,23.9,16.7,20.3,0,9/1/2020,0,Thursday
9,10/28/2020,52934,0,42277,10657,52493,217,23,201,USW00094728,1.2,2.8,0,13.9,11.1,12.5,0,10/1/2020,0,Wednesday
9,10/16/2020,53569,0,42077,11492,53132,199,18,220,USW00094728,2,34.5,0,18.9,8.3,13.6,0,10/1/2020,0,Friday
9,10/24/2020,43255,0,32743,10512,43101,83,11,60,USW00094728,2,0,0,20.6,8.9,14.75,0,10/1/2020,0,Saturday
9,11/28/2020,43719,0,33543,10176,43547,89,6,77,USW00094728,2.2,0,0,13.3,6.7,10,0,11/1/2020,0,Saturday
9,11/16/2020,50441,0,40287,10154,50011,210,18,202,USW00094728,3,0,0,12.8,6.7,9.75,0,11/1/2020,0,Monday
9,11/24/2020,57942,0,46637,11305,57494,234,21,193,USW00094728,2.6,0,0,8.9,5,6.95,0,11/1/2020,0,Tuesday
9,1/16/2021,43508,0,33386,10122,43322,95,11,80,USW00094728,3.8,19.8,0,8.3,2.8,5.55,0,1/1/2021,0,Saturday
9,1/24/2021,42028,0,32343,9685,41860,68,7,93,USW00094728,4.5,0,0,0,-5.5,-2.75,0,1/1/2021,0,Sunday
9,3/28/2021,46489,0,35761,10728,46314,75,9,91,USW00094728,3,19.3,0,15.6,8.9,12.25,0,3/1/2021,0,Sunday
9,4/24/2021,48672,0,37571,11101,48504,84,9,75,USW00094728,1.8,0,0,22.2,11.1,16.65,0,4/1/2021,0,Saturday
9,5/16/2021,53580,0,41920,11660,53399,75,13,93,USW00094728,0.9,0.3,0,23.9,15,19.45,0,5/1/2021,0,Sunday
9,7/24/2021,57002,0,44293,12709,56796,107,11,88,USW00094728,1.1,0,0,28.9,19.4,24.15,0,7/1/2021,0,Saturday
9,8/28/2021,47698,0,37731,9967,47483,93,10,112,USW00094728,3.1,0,0,26.7,20,23.35,0,8/1/2021,0,Saturday
9,10/16/2021,54731,0,43976,10755,54464,114,9,144,USW00094728,2.1,6.4,0,24.4,13.3,18.85,0,10/1/2021,0,Saturday
9,10/24/2021,63125,0,50300,12825,62840,97,12,176,USW00094728,1.4,0.8,0,15,8.3,11.65,0,10/1/2021,0,Sunday
9,11/28/2021,63333,0,50736,12597,63095,93,9,136,USW00094728,1,0,0,5,0.6,2.8,0,11/1/2021,0,Sunday
9,11/24/2021,66867,0,53765,13102,66325,265,23,254,USW00094728,2.1,0,0,7.2,-1,3.1,0,11/1/2021,0,Wednesday
9,12/28/2021,51359,0,41723,9636,50957,200,12,190,USW00094728,2.1,1.3,0,8.3,2.2,5.25,0,12/1/2021,0,Tuesday
9,1/16/2022,39133,0,31228,7905,38940,72,4,117,USW00094728,3.8,9.4,20,2.8,-12.1,-4.65,0,1/1/2022,0,Sunday
9,2/26/2022,37822,0,30151,7671,37629,78,11,104,USW00094728,3.2,0,0,2.8,-4.3,-0.75,0,2/1/2022,0,Saturday
9,4/16/2022,60271,0,47952,12319,60011,113,16,131,USW00094728,2.8,5.1,0,22.8,6.7,14.75,0,4/1/2022,0,Saturday
9,4/24/2022,67745,0,53754,13991,67467,123,21,134,USW00094728,2.4,0,0,17.2,8.9,13.05,0,4/1/2022,0,Sunday
9,5/28/2022,57232,0,44652,12580,56982,115,16,119,USW00094728,1.5,18.3,0,23.3,17.2,20.25,0,5/1/2022,0,Saturday
9,7/16/2022,64938,12351,49348,3239,64592,174,27,145,USW00094728,1.2,28.2,0,29.4,18.9,24.15,0,7/1/2022,0,Saturday
9,7/24/2022,67147,12767,51054,3326,66874,119,19,135,USW00094728,2.2,0,0,35,26.1,30.55,0,7/1/2022,0,Sunday
9,8/28/2022,66580,11692,51639,3249,66352,111,15,102,USW00094728,2.3,0,0,27.8,22.8,25.3,0,8/1/2022,0,Sunday
9,9/24/2022,56926,11382,42838,2706,56689,106,16,115,USW00094728,1.8,0,0,20.6,9.4,15,0,9/1/2022,0,Saturday
9,10/16/2022,67249,11568,52157,3524,67019,113,16,101,USW00094728,1.2,0,0,17.8,11.1,14.45,0,10/1/2022,0,Sunday
9,11/24/2022,59858,10499,46532,2827,59723,75,10,50,USW00094728,1.7,0,0,12.2,4.4,8.3,0,11/1/2022,0,Thursday
9,12/24/2022,48431,8878,36899,2654,48295,82,10,44,USW00094728,5.1,0,0,-9.3,-13.8,-11.55,0,12/1/2022,0,Saturday
9,1/28/2023,55290,9335,43217,2738,55091,107,8,84,USW00094728,3.2,0,0,11.1,2.2,6.65,0,1/1/2023,0,Saturday
9,2/26/2023,56515,9781,43804,2930,56293,88,9,125,USW00094728,2.4,0,0,10,-1,4.5,0,2/1/2023,0,Sunday
9,4/16/2023,56829,11101,43713,2015,56605,104,5,115,USW00094728,1.3,0,0,21.7,13.9,17.8,0,4/1/2023,0,Sunday
9,5/28/2023,62859,13216,47414,2229,62620,109,9,121,USW00094728,1,0,0,26.1,15,20.55,0,5/1/2023,0,Sunday
9,6/24/2023,56895,12475,42471,1949,56591,96,12,196,USW00094728,0.3,1.8,0,25.6,20.6,23.1,0,6/1/2023,0,Saturday
9,7/16/2023,57549,11500,43854,2195,57323,85,11,130,USW00094728,0.7,33.5,0,25.6,23.3,24.45,0,7/1/2023,0,Sunday
9,9/16/2023,61704,12581,46721,2402,61426,94,16,168,USW00094728,2.8,0,0,23.9,15.6,19.75,0,9/1/2023,0,Saturday
9,9/24/2023,49778,9887,37891,2000,49523,88,9,158,USW00094728,5.3,31.8,0,18.9,16.7,17.8,0,9/1/2023,0,Sunday
9,10/28/2023,62153,12522,47274,2357,61808,109,21,215,USW00094728,2.2,0,0,26.7,17.2,21.95,0,10/1/2023,0,Saturday
9,11/24/2023,58632,11876,44555,2201,58326,91,11,204,USW00094728,2.8,0,0,10.6,0.6,5.6,0,11/1/2023,0,Friday
9,12/16/2023,58829,10971,45704,2154,58570,85,6,168,USW00094728,2.6,0,0,12.2,7.8,10,0,12/1/2023,0,Saturday
9,12/24/2023,53686,10504,40859,2323,53528,56,3,99,USW00094728,0.7,0.5,0,9.4,4.4,6.9,0,12/1/2023,0,Sunday
9,1/28/2024,52716,9797,40803,2116,52486,75,8,147,USW00094728,4.2,20.8,0,6.7,2.8,4.75,0,1/1/2024,0,Sunday
9,2/17/2024,54183,10441,41731,2011,53750,261,9,163,USW00094728,3.4,4.6,51,2.2,-2.7,-0.25,0,2/1/2024,0,Saturday
9,3/16/2024,63315,12322,48758,2235,63030,103,22,160,USW00094728,2,0,0,16.1,8.3,12.2,0,3/1/2024,0,Saturday
9,3/24/2024,57431,10637,44528,2266,57166,81,22,162,USW00094728,3.5,0,0,8.9,-0.5,4.2,0,3/1/2024,0,Sunday
9,4/28/2024,61860,12091,47267,2502,61568,96,46,150,USW00094728,0.6,0.3,0,26.1,11.1,18.6,0,4/1/2024,0,Sunday
9,6/16/2024,66486,12826,50890,2770,66256,87,14,129,USW00094728,2.3,0,0,25.6,17.2,21.4,0,6/1/2024,0,Sunday
9,7/28/2024,69896,14531,52324,3041,69598,86,23,189,USW00094728,1.7,0,0,31.7,21.1,26.4,0,7/1/2024,0,Sunday
9,8/24/2024,65047,13230,49314,2503,64770,36,13,228,USW00094728,0.6,0,0,28.3,18.3,23.3,0,8/1/2024,0,Saturday
9,9/28/2024,57966,12281,43354,2331,57679,29,12,246,USW00094728,3.9,6.6,0,20,16.1,18.05,0,9/1/2024,0,Saturday
9,11/28/2024,60030,11294,46188,2548,59812,114,4,100,USW00094728,2.5,21.8,0,9.4,5.6,7.5,0,11/1/2024,0,Thursday
9,11/16/2024,48705,9251,37246,2208,48499,34,3,169,USW00094728,3.8,0,0,16.7,7.2,11.95,0,11/1/2024,0,Saturday
9,11/24/2024,58860,11200,45100,2560,58588,101,20,151,USW00094728,4.4,0,0,11.7,6.7,9.2,0,11/1/2024,0,Sunday
9,12/28/2024,59704,11987,45455,2262,59422,123,11,148,USW00094728,0.6,14.2,0,12.2,4.4,8.3,0,12/1/2024,0,Saturday
9,12/24/2024,61959,11738,47231,2990,61520,307,8,124,USW00094728,2.2,2.5,25,3.9,-2.1,0.9,0,12/1/2024,0,Tuesday
9,2/9/2025,44401,8073,34229,2099,44175,81,31,114,USW00094728,2.2,1.5,3,2.2,-1,0.6,0,2/1/2025,0,Sunday
9,3/16/2025,59277,11296,45482,2499,58997,95,14,171,USW00094728,3.1,0.3,0,16.1,8.3,12.2,0,3/1/2025,0,Sunday
9,5/24/2025,59680,11853,43114,4713,59441,82,15,142,USW00094728,2.6,0,0,17.8,8.9,13.35,0,5/1/2025,0,Saturday
